DATE,Ward Code,Areas,Latitude,Longitude,Nearest Station,Elevation,Land Use Classes,Population,Road Density_m,Distance_to_water_m,Soil Type,Built_up%,True_nearest_distance_m,Rainfall_mm,Rainfall_Intensity_mm_hr,Rainfall Days Count,Rainfall_Hours,Predicted_Flood_Risk,Prediction_Confidence
2025-09-13,Ward H/E,Air India Colony,19.084,72.87,Kurla Nalla,9.0,"residential, institutional",600000,15.18,10,Sandy,70.0,400.56,12.7,3.5,1,17.0,High,0.9982362
2025-09-14,Ward H/E,Air India Colony,19.084,72.87,Kurla Nalla,9.0,"residential, institutional",600000,15.18,10,Sandy,70.0,400.56,12.2,2.8,1,22.0,High,0.9982362
2025-09-15,Ward H/E,Air India Colony,19.084,72.87,Kurla Nalla,9.0,"residential, institutional",600000,15.18,10,Sandy,70.0,400.56,65.5,10.6,1,18.0,High,0.9996985
2025-09-16,Ward H/E,Air India Colony,19.084,72.87,Kurla Nalla,9.0,"residential, institutional",600000,15.18,10,Sandy,70.0,400.56,5.2,0.9,1,23.0,High,0.99784815
2025-09-17,Ward H/E,Air India Colony,19.084,72.87,Kurla Nalla,9.0,"residential, institutional",600000,15.18,10,Sandy,70.0,400.56,25.7,14.8,1,21.0,High,0.9945391
2025-09-18,Ward H/E,Air India Colony,19.084,72.87,Kurla Nalla,9.0,"residential, institutional",600000,15.18,10,Sandy,70.0,400.56,10.4,1.9,1,21.0,High,0.9984792
2025-09-19,Ward H/E,Air India Colony,19.084,72.87,Kurla Nalla,9.0,"residential, institutional",600000,15.18,10,Sandy,70.0,400.56,0.0,0.7,0,3.0,High,0.99261594
2025-09-20,Ward H/E,Air India Colony,19.084,72.87,Kurla Nalla,9.0,"residential, institutional",600000,15.18,10,Sandy,70.0,400.56,22.4,0.9333333333333332,1,24.0,High,0.9933476
2025-09-21,Ward H/E,Air India Colony,19.084,72.87,Kurla Nalla,9.0,"residential, institutional",600000,15.18,10,Sandy,70.0,400.56,23.7,0.9875,1,24.0,High,0.9933476
2025-09-22,Ward H/E,Air India Colony,19.084,72.87,Kurla Nalla,9.0,"residential, institutional",600000,15.18,10,Sandy,70.0,400.56,43.5,1.8125,1,24.0,High,0.9991555
2025-09-23,Ward H/E,Air India Colony,19.084,72.87,Kurla Nalla,9.0,"residential, institutional",600000,15.18,10,Sandy,70.0,400.56,29.8,1.3545454545454545,1,22.0,High,0.9951048
2025-09-24,Ward H/E,Air India Colony,19.084,72.87,Kurla Nalla,9.0,"residential, institutional",600000,15.18,10,Sandy,70.0,400.56,3.3,0.1571428571428571,1,21.0,High,0.8812009
2025-09-25,Ward H/E,Air India Colony,19.084,72.87,Kurla Nalla,9.0,"residential, institutional",600000,15.18,10,Sandy,70.0,400.56,1.8,0.15,1,12.0,High,0.8842689
2025-09-26,Ward H/E,Air India Colony,19.084,72.87,Kurla Nalla,9.0,"residential, institutional",600000,15.18,10,Sandy,70.0,400.56,3.6,0.2,1,18.0,High,0.8812009
2025-09-13,Ward K/E,Airport Gate 8 Road,19.0995,72.8662,Mithi River,14.0,"industrial, transport, mixed_use",750000,17.61,13,Urban,90.0,414.18,12.7,3.5,1,17.0,High,0.99350584
2025-09-14,Ward K/E,Airport Gate 8 Road,19.0995,72.8662,Mithi River,14.0,"industrial, transport, mixed_use",750000,17.61,13,Urban,90.0,414.18,12.2,2.8,1,22.0,High,0.99350584
2025-09-15,Ward K/E,Airport Gate 8 Road,19.0995,72.8662,Mithi River,14.0,"industrial, transport, mixed_use",750000,17.61,13,Urban,90.0,414.18,65.5,10.6,1,18.0,High,0.99946076
2025-09-16,Ward K/E,Airport Gate 8 Road,19.0995,72.8662,Mithi River,14.0,"industrial, transport, mixed_use",750000,17.61,13,Urban,90.0,414.18,5.2,0.9,1,23.0,High,0.99385965
2025-09-17,Ward K/E,Airport Gate 8 Road,19.0995,72.8662,Mithi River,14.0,"industrial, transport, mixed_use",750000,17.61,13,Urban,90.0,414.18,25.7,14.8,1,21.0,Moderate,0.5335386
2025-09-18,Ward K/E,Airport Gate 8 Road,19.0995,72.8662,Mithi River,14.0,"industrial, transport, mixed_use",750000,17.61,13,Urban,90.0,414.18,10.4,1.9,1,21.0,High,0.9943968
2025-09-19,Ward K/E,Airport Gate 8 Road,19.0995,72.8662,Mithi River,14.0,"industrial, transport, mixed_use",750000,17.61,13,Urban,90.0,414.18,0.0,0.7,0,3.0,High,0.980339
2025-09-20,Ward K/E,Airport Gate 8 Road,19.0995,72.8662,Mithi River,14.0,"industrial, transport, mixed_use",750000,17.61,13,Urban,90.0,414.18,22.4,0.9333333333333332,1,24.0,Moderate,0.6009115
2025-09-21,Ward K/E,Airport Gate 8 Road,19.0995,72.8662,Mithi River,14.0,"industrial, transport, mixed_use",750000,17.61,13,Urban,90.0,414.18,23.7,0.9875,1,24.0,Moderate,0.6009115
2025-09-22,Ward K/E,Airport Gate 8 Road,19.0995,72.8662,Mithi River,14.0,"industrial, transport, mixed_use",750000,17.61,13,Urban,90.0,414.18,43.5,1.8125,1,24.0,High,0.9954999
2025-09-23,Ward K/E,Airport Gate 8 Road,19.0995,72.8662,Mithi River,14.0,"industrial, transport, mixed_use",750000,17.61,13,Urban,90.0,414.18,29.8,1.3545454545454545,1,22.0,Moderate,0.506284
2025-09-24,Ward K/E,Airport Gate 8 Road,19.0995,72.8662,Mithi River,14.0,"industrial, transport, mixed_use",750000,17.61,13,Urban,90.0,414.18,3.3,0.1571428571428571,1,21.0,High,0.85250515
2025-09-25,Ward K/E,Airport Gate 8 Road,19.0995,72.8662,Mithi River,14.0,"industrial, transport, mixed_use",750000,17.61,13,Urban,90.0,414.18,1.8,0.15,1,12.0,High,0.85798347
2025-09-26,Ward K/E,Airport Gate 8 Road,19.0995,72.8662,Mithi River,14.0,"industrial, transport, mixed_use",750000,17.61,13,Urban,90.0,414.18,3.6,0.2,1,18.0,High,0.85250515
2025-09-13,Ward N,Amar Mahal Junction,19.0594,72.9084,Powai Lake,9.0,"transport, residential, mixed_use",520000,23.63,14,Urban,90.0,48.44,10.7,2.8,1,17.0,High,0.9981958
2025-09-14,Ward N,Amar Mahal Junction,19.0594,72.9084,Powai Lake,9.0,"transport, residential, mixed_use",520000,23.63,14,Urban,90.0,48.44,14.2,2.8,1,22.0,High,0.9981958
2025-09-15,Ward N,Amar Mahal Junction,19.0594,72.9084,Powai Lake,9.0,"transport, residential, mixed_use",520000,23.63,14,Urban,90.0,48.44,56.1,8.9,1,18.0,High,0.99969506
2025-09-16,Ward N,Amar Mahal Junction,19.0594,72.9084,Powai Lake,9.0,"transport, residential, mixed_use",520000,23.63,14,Urban,90.0,48.44,14.5,7.3,1,22.0,High,0.9981958
2025-09-17,Ward N,Amar Mahal Junction,19.0594,72.9084,Powai Lake,9.0,"transport, residential, mixed_use",520000,23.63,14,Urban,90.0,48.44,22.3,13.7,1,22.0,High,0.9955642
2025-09-18,Ward N,Amar Mahal Junction,19.0594,72.9084,Powai Lake,9.0,"transport, residential, mixed_use",520000,23.63,14,Urban,90.0,48.44,16.0,3.9,1,21.0,High,0.9981958
2025-09-19,Ward N,Amar Mahal Junction,19.0594,72.9084,Powai Lake,9.0,"transport, residential, mixed_use",520000,23.63,14,Urban,90.0,48.44,0.0,0.1,0,4.0,High,0.8596682
2025-09-20,Ward N,Amar Mahal Junction,19.0594,72.9084,Powai Lake,9.0,"transport, residential, mixed_use",520000,23.63,14,Urban,90.0,48.44,22.4,0.9333333333333332,1,24.0,High,0.9948738
2025-09-21,Ward N,Amar Mahal Junction,19.0594,72.9084,Powai Lake,9.0,"transport, residential, mixed_use",520000,23.63,14,Urban,90.0,48.44,23.7,0.9875,1,24.0,High,0.9948738
2025-09-22,Ward N,Amar Mahal Junction,19.0594,72.9084,Powai Lake,9.0,"transport, residential, mixed_use",520000,23.63,14,Urban,90.0,48.44,43.5,1.8125,1,24.0,High,0.99928325
2025-09-23,Ward N,Amar Mahal Junction,19.0594,72.9084,Powai Lake,9.0,"transport, residential, mixed_use",520000,23.63,14,Urban,90.0,48.44,29.8,1.3545454545454545,1,22.0,High,0.99622107
2025-09-24,Ward N,Amar Mahal Junction,19.0594,72.9084,Powai Lake,9.0,"transport, residential, mixed_use",520000,23.63,14,Urban,90.0,48.44,3.3,0.1571428571428571,1,21.0,High,0.8740476
2025-09-25,Ward N,Amar Mahal Junction,19.0594,72.9084,Powai Lake,9.0,"transport, residential, mixed_use",520000,23.63,14,Urban,90.0,48.44,1.8,0.15,1,12.0,High,0.8780621
2025-09-26,Ward N,Amar Mahal Junction,19.0594,72.9084,Powai Lake,9.0,"transport, residential, mixed_use",520000,23.63,14,Urban,90.0,48.44,3.6,0.2,1,18.0,High,0.8740476
2025-09-13,Ward K/E,Andheri East,19.1158835,72.854202,Mithi River,7.156397627,commercial,880000,2.432311889,4898,Urban,69.58978195,3528.0,12.7,3.5,1,17.0,High,0.99785715
2025-09-14,Ward K/E,Andheri East,19.1158835,72.854202,Mithi River,7.156397627,commercial,880000,2.432311889,4898,Urban,69.58978195,3528.0,12.2,2.8,1,22.0,High,0.9978884
2025-09-15,Ward K/E,Andheri East,19.1158835,72.854202,Mithi River,7.156397627,commercial,880000,2.432311889,4898,Urban,69.58978195,3528.0,65.5,10.6,1,18.0,High,0.99963427
2025-09-16,Ward K/E,Andheri East,19.1158835,72.854202,Mithi River,7.156397627,commercial,880000,2.432311889,4898,Urban,69.58978195,3528.0,5.2,0.9,1,23.0,High,0.99780875
2025-09-17,Ward K/E,Andheri East,19.1158835,72.854202,Mithi River,7.156397627,commercial,880000,2.432311889,4898,Urban,69.58978195,3528.0,25.7,14.8,1,21.0,High,0.9926087
2025-09-18,Ward K/E,Andheri East,19.1158835,72.854202,Mithi River,7.156397627,commercial,880000,2.432311889,4898,Urban,69.58978195,3528.0,10.4,1.9,1,21.0,High,0.9981792
2025-09-19,Ward K/E,Andheri East,19.1158835,72.854202,Mithi River,7.156397627,commercial,880000,2.432311889,4898,Urban,69.58978195,3528.0,0.0,0.7,0,3.0,High,0.9952769
2025-09-20,Ward K/E,Andheri East,19.1158835,72.854202,Mithi River,7.156397627,commercial,880000,2.432311889,4898,Urban,69.58978195,3528.0,22.4,0.9333333333333332,1,24.0,High,0.9933286
2025-09-21,Ward K/E,Andheri East,19.1158835,72.854202,Mithi River,7.156397627,commercial,880000,2.432311889,4898,Urban,69.58978195,3528.0,23.7,0.9875,1,24.0,High,0.9933286
2025-09-22,Ward K/E,Andheri East,19.1158835,72.854202,Mithi River,7.156397627,commercial,880000,2.432311889,4898,Urban,69.58978195,3528.0,43.5,1.8125,1,24.0,High,0.9990038
2025-09-23,Ward K/E,Andheri East,19.1158835,72.854202,Mithi River,7.156397627,commercial,880000,2.432311889,4898,Urban,69.58978195,3528.0,29.8,1.3545454545454545,1,22.0,High,0.99337304
2025-09-24,Ward K/E,Andheri East,19.1158835,72.854202,Mithi River,7.156397627,commercial,880000,2.432311889,4898,Urban,69.58978195,3528.0,3.3,0.1571428571428571,1,21.0,High,0.89457333
2025-09-25,Ward K/E,Andheri East,19.1158835,72.854202,Mithi River,7.156397627,commercial,880000,2.432311889,4898,Urban,69.58978195,3528.0,1.8,0.15,1,12.0,High,0.8972874
2025-09-26,Ward K/E,Andheri East,19.1158835,72.854202,Mithi River,7.156397627,commercial,880000,2.432311889,4898,Urban,69.58978195,3528.0,3.6,0.2,1,18.0,High,0.89457333
2025-09-13,Ward M/E,Baiganwadi,19.0566,72.9021,Chembur Nalla,10.0,"residential, mixed_use",690000,17.54,16,Sandy,90.0,351.07,10.7,2.8,1,17.0,High,0.9975383
2025-09-14,Ward M/E,Baiganwadi,19.0566,72.9021,Chembur Nalla,10.0,"residential, mixed_use",690000,17.54,16,Sandy,90.0,351.07,14.2,2.8,1,22.0,High,0.9975383
2025-09-15,Ward M/E,Baiganwadi,19.0566,72.9021,Chembur Nalla,10.0,"residential, mixed_use",690000,17.54,16,Sandy,90.0,351.07,56.1,8.9,1,18.0,High,0.9996991
2025-09-16,Ward M/E,Baiganwadi,19.0566,72.9021,Chembur Nalla,10.0,"residential, mixed_use",690000,17.54,16,Sandy,90.0,351.07,14.5,7.3,1,22.0,High,0.9975383
2025-09-17,Ward M/E,Baiganwadi,19.0566,72.9021,Chembur Nalla,10.0,"residential, mixed_use",690000,17.54,16,Sandy,90.0,351.07,22.3,13.7,1,22.0,High,0.96351796
2025-09-18,Ward M/E,Baiganwadi,19.0566,72.9021,Chembur Nalla,10.0,"residential, mixed_use",690000,17.54,16,Sandy,90.0,351.07,16.0,3.9,1,21.0,High,0.9975383
2025-09-19,Ward M/E,Baiganwadi,19.0566,72.9021,Chembur Nalla,10.0,"residential, mixed_use",690000,17.54,16,Sandy,90.0,351.07,0.0,0.1,0,4.0,High,0.7858546
2025-09-20,Ward M/E,Baiganwadi,19.0566,72.9021,Chembur Nalla,10.0,"residential, mixed_use",690000,17.54,16,Sandy,90.0,351.07,22.4,0.9333333333333332,1,24.0,High,0.94499797
2025-09-21,Ward M/E,Baiganwadi,19.0566,72.9021,Chembur Nalla,10.0,"residential, mixed_use",690000,17.54,16,Sandy,90.0,351.07,23.7,0.9875,1,24.0,High,0.94499797
2025-09-22,Ward M/E,Baiganwadi,19.0566,72.9021,Chembur Nalla,10.0,"residential, mixed_use",690000,17.54,16,Sandy,90.0,351.07,43.5,1.8125,1,24.0,High,0.99815506
2025-09-23,Ward M/E,Baiganwadi,19.0566,72.9021,Chembur Nalla,10.0,"residential, mixed_use",690000,17.54,16,Sandy,90.0,351.07,29.8,1.3545454545454545,1,22.0,High,0.9638368
2025-09-24,Ward M/E,Baiganwadi,19.0566,72.9021,Chembur Nalla,10.0,"residential, mixed_use",690000,17.54,16,Sandy,90.0,351.07,3.3,0.1571428571428571,1,21.0,High,0.8475186
2025-09-25,Ward M/E,Baiganwadi,19.0566,72.9021,Chembur Nalla,10.0,"residential, mixed_use",690000,17.54,16,Sandy,90.0,351.07,1.8,0.15,1,12.0,High,0.8531293
2025-09-26,Ward M/E,Baiganwadi,19.0566,72.9021,Chembur Nalla,10.0,"residential, mixed_use",690000,17.54,16,Sandy,90.0,351.07,3.6,0.2,1,18.0,High,0.8475186
2025-09-13,Ward L,Bail Bazaar,19.0722,72.8771,Kurla Nalla,7.0,"recreational_ground, residential",940000,21.75,16,Sandy,70.0,708.7,12.7,3.5,1,17.0,High,0.99820733
2025-09-14,Ward L,Bail Bazaar,19.0722,72.8771,Kurla Nalla,7.0,"recreational_ground, residential",940000,21.75,16,Sandy,70.0,708.7,12.2,2.8,1,22.0,High,0.99820733
2025-09-15,Ward L,Bail Bazaar,19.0722,72.8771,Kurla Nalla,7.0,"recreational_ground, residential",940000,21.75,16,Sandy,70.0,708.7,65.5,10.6,1,18.0,High,0.99971455
2025-09-16,Ward L,Bail Bazaar,19.0722,72.8771,Kurla Nalla,7.0,"recreational_ground, residential",940000,21.75,16,Sandy,70.0,708.7,5.2,0.9,1,23.0,High,0.9978255
2025-09-17,Ward L,Bail Bazaar,19.0722,72.8771,Kurla Nalla,7.0,"recreational_ground, residential",940000,21.75,16,Sandy,70.0,708.7,25.7,14.8,1,21.0,High,0.9942258
2025-09-18,Ward L,Bail Bazaar,19.0722,72.8771,Kurla Nalla,7.0,"recreational_ground, residential",940000,21.75,16,Sandy,70.0,708.7,10.4,1.9,1,21.0,High,0.9984542
2025-09-19,Ward L,Bail Bazaar,19.0722,72.8771,Kurla Nalla,7.0,"recreational_ground, residential",940000,21.75,16,Sandy,70.0,708.7,0.0,0.7,0,3.0,High,0.9947404
2025-09-20,Ward L,Bail Bazaar,19.0722,72.8771,Kurla Nalla,7.0,"recreational_ground, residential",940000,21.75,16,Sandy,70.0,708.7,22.4,0.9333333333333332,1,24.0,High,0.9929738
2025-09-21,Ward L,Bail Bazaar,19.0722,72.8771,Kurla Nalla,7.0,"recreational_ground, residential",940000,21.75,16,Sandy,70.0,708.7,23.7,0.9875,1,24.0,High,0.9929738
2025-09-22,Ward L,Bail Bazaar,19.0722,72.8771,Kurla Nalla,7.0,"recreational_ground, residential",940000,21.75,16,Sandy,70.0,708.7,43.5,1.8125,1,24.0,High,0.9991391
2025-09-23,Ward L,Bail Bazaar,19.0722,72.8771,Kurla Nalla,7.0,"recreational_ground, residential",940000,21.75,16,Sandy,70.0,708.7,29.8,1.3545454545454545,1,22.0,High,0.9948238
2025-09-24,Ward L,Bail Bazaar,19.0722,72.8771,Kurla Nalla,7.0,"recreational_ground, residential",940000,21.75,16,Sandy,70.0,708.7,3.3,0.1571428571428571,1,21.0,High,0.8842824
2025-09-25,Ward L,Bail Bazaar,19.0722,72.8771,Kurla Nalla,7.0,"recreational_ground, residential",940000,21.75,16,Sandy,70.0,708.7,1.8,0.15,1,12.0,High,0.8872781
2025-09-26,Ward L,Bail Bazaar,19.0722,72.8771,Kurla Nalla,7.0,"recreational_ground, residential",940000,21.75,16,Sandy,70.0,708.7,3.6,0.2,1,18.0,High,0.8842824
2025-09-13,Ward A,Ballard Estate,18.9496,72.8414,Arabian Sea ,17.0,"commercial, institutional",185000,25.44,14,Sandy,90.0,1342.48,11.8,3.3,1,14.0,High,0.99326175
2025-09-14,Ward A,Ballard Estate,18.9496,72.8414,Arabian Sea ,17.0,"commercial, institutional",185000,25.44,14,Sandy,90.0,1342.48,15.1,2.9,1,19.0,High,0.99326175
2025-09-15,Ward A,Ballard Estate,18.9496,72.8414,Arabian Sea ,17.0,"commercial, institutional",185000,25.44,14,Sandy,90.0,1342.48,82.8,12.7,1,19.0,High,0.9992957
2025-09-16,Ward A,Ballard Estate,18.9496,72.8414,Arabian Sea ,17.0,"commercial, institutional",185000,25.44,14,Sandy,90.0,1342.48,10.6,1.3,1,20.0,High,0.9941859
2025-09-17,Ward A,Ballard Estate,18.9496,72.8414,Arabian Sea ,17.0,"commercial, institutional",185000,25.44,14,Sandy,90.0,1342.48,10.4,1.6,1,21.0,High,0.9941859
2025-09-18,Ward A,Ballard Estate,18.9496,72.8414,Arabian Sea ,17.0,"commercial, institutional",185000,25.44,14,Sandy,90.0,1342.48,18.7,3.3,1,21.0,High,0.56070834
2025-09-19,Ward A,Ballard Estate,18.9496,72.8414,Arabian Sea ,17.0,"commercial, institutional",185000,25.44,14,Sandy,90.0,1342.48,0.0,3.3,0,6.0,High,0.9731309
2025-09-20,Ward A,Ballard Estate,18.9496,72.8414,Arabian Sea ,17.0,"commercial, institutional",185000,25.44,14,Sandy,90.0,1342.48,22.4,0.9333333333333332,1,24.0,Moderate,0.5464295
2025-09-21,Ward A,Ballard Estate,18.9496,72.8414,Arabian Sea ,17.0,"commercial, institutional",185000,25.44,14,Sandy,90.0,1342.48,23.7,0.9875,1,24.0,Moderate,0.5464295
2025-09-22,Ward A,Ballard Estate,18.9496,72.8414,Arabian Sea ,17.0,"commercial, institutional",185000,25.44,14,Sandy,90.0,1342.48,43.5,1.8125,1,24.0,High,0.9954645
2025-09-23,Ward A,Ballard Estate,18.9496,72.8414,Arabian Sea ,17.0,"commercial, institutional",185000,25.44,14,Sandy,90.0,1342.48,29.8,1.3545454545454545,1,22.0,High,0.59545165
2025-09-24,Ward A,Ballard Estate,18.9496,72.8414,Arabian Sea ,17.0,"commercial, institutional",185000,25.44,14,Sandy,90.0,1342.48,3.3,0.1571428571428571,1,21.0,High,0.8391288
2025-09-25,Ward A,Ballard Estate,18.9496,72.8414,Arabian Sea ,17.0,"commercial, institutional",185000,25.44,14,Sandy,90.0,1342.48,1.8,0.15,1,12.0,High,0.845005
2025-09-26,Ward A,Ballard Estate,18.9496,72.8414,Arabian Sea ,17.0,"commercial, institutional",185000,25.44,14,Sandy,90.0,1342.48,3.6,0.2,1,18.0,High,0.8391288
2025-09-13,Ward S,Bhandup,19.1438684,72.9384327,Ulhas River,13.17876638,park,780000,3.989189147,4346,Clay,56.82544889,2375.0,9.5,2.4,1,17.0,High,0.99521613
2025-09-14,Ward S,Bhandup,19.1438684,72.9384327,Ulhas River,13.17876638,park,780000,3.989189147,4346,Clay,56.82544889,2375.0,11.9,2.8,1,22.0,High,0.99521613
2025-09-15,Ward S,Bhandup,19.1438684,72.9384327,Ulhas River,13.17876638,park,780000,3.989189147,4346,Clay,56.82544889,2375.0,29.4,5.5,1,17.0,High,0.89634377
2025-09-16,Ward S,Bhandup,19.1438684,72.9384327,Ulhas River,13.17876638,park,780000,3.989189147,4346,Clay,56.82544889,2375.0,12.9,4.6,1,21.0,High,0.9951455
2025-09-17,Ward S,Bhandup,19.1438684,72.9384327,Ulhas River,13.17876638,park,780000,3.989189147,4346,Clay,56.82544889,2375.0,32.2,14.0,1,22.0,High,0.89859277
2025-09-18,Ward S,Bhandup,19.1438684,72.9384327,Ulhas River,13.17876638,park,780000,3.989189147,4346,Clay,56.82544889,2375.0,12.5,2.0,1,20.0,High,0.9959507
2025-09-19,Ward S,Bhandup,19.1438684,72.9384327,Ulhas River,13.17876638,park,780000,3.989189147,4346,Clay,56.82544889,2375.0,0.0,0.1,0,1.0,High,0.78764766
2025-09-20,Ward S,Bhandup,19.1438684,72.9384327,Ulhas River,13.17876638,park,780000,3.989189147,4346,Clay,56.82544889,2375.0,17.6,0.7333333333333334,1,24.0,High,0.89771646
2025-09-21,Ward S,Bhandup,19.1438684,72.9384327,Ulhas River,13.17876638,park,780000,3.989189147,4346,Clay,56.82544889,2375.0,15.6,0.6782608695652174,1,23.0,High,0.99670225
2025-09-22,Ward S,Bhandup,19.1438684,72.9384327,Ulhas River,13.17876638,park,780000,3.989189147,4346,Clay,56.82544889,2375.0,28.1,1.1708333333333334,1,24.0,High,0.8250562
2025-09-23,Ward S,Bhandup,19.1438684,72.9384327,Ulhas River,13.17876638,park,780000,3.989189147,4346,Clay,56.82544889,2375.0,33.2,1.5090909090909093,1,22.0,High,0.91095406
2025-09-24,Ward S,Bhandup,19.1438684,72.9384327,Ulhas River,13.17876638,park,780000,3.989189147,4346,Clay,56.82544889,2375.0,1.5,0.1666666666666666,1,9.0,High,0.8488103
2025-09-25,Ward S,Bhandup,19.1438684,72.9384327,Ulhas River,13.17876638,park,780000,3.989189147,4346,Clay,56.82544889,2375.0,0.0,0.0,0,0.0,High,0.6731069
2025-09-26,Ward S,Bhandup,19.1438684,72.9384327,Ulhas River,13.17876638,park,780000,3.989189147,4346,Clay,56.82544889,2375.0,1.5,0.1666666666666666,1,9.0,High,0.8488103
2025-09-13,Ward S,Bhandup Tank Road,19.1436,72.9357,Powai Lake,7.0,"transport, commercial, mixed_use",780000,8.01,16,Urban,90.0,272.94,9.5,2.4,1,17.0,High,0.9983865
2025-09-14,Ward S,Bhandup Tank Road,19.1436,72.9357,Powai Lake,7.0,"transport, commercial, mixed_use",780000,8.01,16,Urban,90.0,272.94,11.9,2.8,1,22.0,High,0.9983865
2025-09-15,Ward S,Bhandup Tank Road,19.1436,72.9357,Powai Lake,7.0,"transport, commercial, mixed_use",780000,8.01,16,Urban,90.0,272.94,29.4,5.5,1,17.0,High,0.99396133
2025-09-16,Ward S,Bhandup Tank Road,19.1436,72.9357,Powai Lake,7.0,"transport, commercial, mixed_use",780000,8.01,16,Urban,90.0,272.94,12.9,4.6,1,21.0,High,0.9983865
2025-09-17,Ward S,Bhandup Tank Road,19.1436,72.9357,Powai Lake,7.0,"transport, commercial, mixed_use",780000,8.01,16,Urban,90.0,272.94,32.2,14.0,1,22.0,High,0.99396133
2025-09-18,Ward S,Bhandup Tank Road,19.1436,72.9357,Powai Lake,7.0,"transport, commercial, mixed_use",780000,8.01,16,Urban,90.0,272.94,12.5,2.0,1,20.0,High,0.99865484
2025-09-19,Ward S,Bhandup Tank Road,19.1436,72.9357,Powai Lake,7.0,"transport, commercial, mixed_use",780000,8.01,16,Urban,90.0,272.94,0.0,0.1,0,1.0,High,0.84630215
2025-09-20,Ward S,Bhandup Tank Road,19.1436,72.9357,Powai Lake,7.0,"transport, commercial, mixed_use",780000,8.01,16,Urban,90.0,272.94,22.4,0.9333333333333332,1,24.0,High,0.9933616
2025-09-21,Ward S,Bhandup Tank Road,19.1436,72.9357,Powai Lake,7.0,"transport, commercial, mixed_use",780000,8.01,16,Urban,90.0,272.94,23.7,0.9875,1,24.0,High,0.9933616
2025-09-22,Ward S,Bhandup Tank Road,19.1436,72.9357,Powai Lake,7.0,"transport, commercial, mixed_use",780000,8.01,16,Urban,90.0,272.94,43.5,1.8125,1,24.0,High,0.99921536
2025-09-23,Ward S,Bhandup Tank Road,19.1436,72.9357,Powai Lake,7.0,"transport, commercial, mixed_use",780000,8.01,16,Urban,90.0,272.94,29.8,1.3545454545454545,1,22.0,High,0.99476516
2025-09-24,Ward S,Bhandup Tank Road,19.1436,72.9357,Powai Lake,7.0,"transport, commercial, mixed_use",780000,8.01,16,Urban,90.0,272.94,3.3,0.1571428571428571,1,21.0,High,0.86784565
2025-09-25,Ward S,Bhandup Tank Road,19.1436,72.9357,Powai Lake,7.0,"transport, commercial, mixed_use",780000,8.01,16,Urban,90.0,272.94,1.8,0.15,1,12.0,High,0.8720294
2025-09-26,Ward S,Bhandup Tank Road,19.1436,72.9357,Powai Lake,7.0,"transport, commercial, mixed_use",780000,8.01,16,Urban,90.0,272.94,3.6,0.2,1,18.0,High,0.86784565
2025-09-13,Ward C,Bhuleshwar,18.9537706,72.8274755,Arabian Sea,10.26407906,commercial,190000,4.776598896,4498,Sand,66.57048423,2794.0,11.8,3.3,1,14.0,High,0.99521434
2025-09-14,Ward C,Bhuleshwar,18.9537706,72.8274755,Arabian Sea,10.26407906,commercial,190000,4.776598896,4498,Sand,66.57048423,2794.0,15.1,2.9,1,19.0,High,0.9943403
2025-09-15,Ward C,Bhuleshwar,18.9537706,72.8274755,Arabian Sea,10.26407906,commercial,190000,4.776598896,4498,Sand,66.57048423,2794.0,82.8,12.7,1,19.0,High,0.99941564
2025-09-16,Ward C,Bhuleshwar,18.9537706,72.8274755,Arabian Sea,10.26407906,commercial,190000,4.776598896,4498,Sand,66.57048423,2794.0,10.6,1.3,1,20.0,High,0.9957112
2025-09-17,Ward C,Bhuleshwar,18.9537706,72.8274755,Arabian Sea,10.26407906,commercial,190000,4.776598896,4498,Sand,66.57048423,2794.0,10.4,1.6,1,21.0,High,0.9957112
2025-09-18,Ward C,Bhuleshwar,18.9537706,72.8274755,Arabian Sea,10.26407906,commercial,190000,4.776598896,4498,Sand,66.57048423,2794.0,18.7,3.3,1,21.0,High,0.9386499
2025-09-19,Ward C,Bhuleshwar,18.9537706,72.8274755,Arabian Sea,10.26407906,commercial,190000,4.776598896,4498,Sand,66.57048423,2794.0,0.0,3.3,0,6.0,High,0.9788649
2025-09-20,Ward C,Bhuleshwar,18.9537706,72.8274755,Arabian Sea,10.26407906,commercial,190000,4.776598896,4498,Sand,66.57048423,2794.0,22.4,0.9333333333333332,1,24.0,High,0.9303703
2025-09-21,Ward C,Bhuleshwar,18.9537706,72.8274755,Arabian Sea,10.26407906,commercial,190000,4.776598896,4498,Sand,66.57048423,2794.0,23.7,0.9875,1,24.0,High,0.9303703
2025-09-22,Ward C,Bhuleshwar,18.9537706,72.8274755,Arabian Sea,10.26407906,commercial,190000,4.776598896,4498,Sand,66.57048423,2794.0,43.5,1.8125,1,24.0,High,0.9969416
2025-09-23,Ward C,Bhuleshwar,18.9537706,72.8274755,Arabian Sea,10.26407906,commercial,190000,4.776598896,4498,Sand,66.57048423,2794.0,29.8,1.3545454545454545,1,22.0,High,0.94438165
2025-09-24,Ward C,Bhuleshwar,18.9537706,72.8274755,Arabian Sea,10.26407906,commercial,190000,4.776598896,4498,Sand,66.57048423,2794.0,3.3,0.1571428571428571,1,21.0,High,0.819796
2025-09-25,Ward C,Bhuleshwar,18.9537706,72.8274755,Arabian Sea,10.26407906,commercial,190000,4.776598896,4498,Sand,66.57048423,2794.0,1.8,0.15,1,12.0,High,0.82405597
2025-09-26,Ward C,Bhuleshwar,18.9537706,72.8274755,Arabian Sea,10.26407906,commercial,190000,4.776598896,4498,Sand,66.57048423,2794.0,3.6,0.2,1,18.0,High,0.819796
2025-09-13,Ward R/C,Borivali,19.229068,72.8573628,Dahisar/Poisar Rivers,14.47090667,residential,940000,3.14155313,1850,Sand,75.16991983,4535.0,8.5,2.4,1,14.0,High,0.9921143
2025-09-14,Ward R/C,Borivali,19.229068,72.8573628,Dahisar/Poisar Rivers,14.47090667,residential,940000,3.14155313,1850,Sand,75.16991983,4535.0,8.0,1.3,1,22.0,High,0.9931948
2025-09-15,Ward R/C,Borivali,19.229068,72.8573628,Dahisar/Poisar Rivers,14.47090667,residential,940000,3.14155313,1850,Sand,75.16991983,4535.0,17.3,4.3,1,20.0,High,0.69302
2025-09-16,Ward R/C,Borivali,19.229068,72.8573628,Dahisar/Poisar Rivers,14.47090667,residential,940000,3.14155313,1850,Sand,75.16991983,4535.0,10.0,2.4,1,22.0,High,0.9921143
2025-09-17,Ward R/C,Borivali,19.229068,72.8573628,Dahisar/Poisar Rivers,14.47090667,residential,940000,3.14155313,1850,Sand,75.16991983,4535.0,17.9,12.7,1,18.0,High,0.69302
2025-09-18,Ward R/C,Borivali,19.229068,72.8573628,Dahisar/Poisar Rivers,14.47090667,residential,940000,3.14155313,1850,Sand,75.16991983,4535.0,15.8,4.6,1,21.0,High,0.9919984
2025-09-19,Ward R/C,Borivali,19.229068,72.8573628,Dahisar/Poisar Rivers,14.47090667,residential,940000,3.14155313,1850,Sand,75.16991983,4535.0,0.0,0.3,0,5.0,High,0.9754764
2025-09-20,Ward R/C,Borivali,19.229068,72.8573628,Dahisar/Poisar Rivers,14.47090667,residential,940000,3.14155313,1850,Sand,75.16991983,4535.0,22.1,0.9208333333333334,1,24.0,High,0.675342
2025-09-21,Ward R/C,Borivali,19.229068,72.8573628,Dahisar/Poisar Rivers,14.47090667,residential,940000,3.14155313,1850,Sand,75.16991983,4535.0,24.3,1.0125,1,24.0,High,0.52720046
2025-09-22,Ward R/C,Borivali,19.229068,72.8573628,Dahisar/Poisar Rivers,14.47090667,residential,940000,3.14155313,1850,Sand,75.16991983,4535.0,52.2,2.1750000000000003,1,24.0,High,0.9988697
2025-09-23,Ward R/C,Borivali,19.229068,72.8573628,Dahisar/Poisar Rivers,14.47090667,residential,940000,3.14155313,1850,Sand,75.16991983,4535.0,31.9,1.3291666666666666,1,24.0,High,0.68520933
2025-09-24,Ward R/C,Borivali,19.229068,72.8573628,Dahisar/Poisar Rivers,14.47090667,residential,940000,3.14155313,1850,Sand,75.16991983,4535.0,1.5,0.1,1,15.0,High,0.8405199
2025-09-25,Ward R/C,Borivali,19.229068,72.8573628,Dahisar/Poisar Rivers,14.47090667,residential,940000,3.14155313,1850,Sand,75.16991983,4535.0,1.8,0.2,1,9.0,High,0.83887416
2025-09-26,Ward R/C,Borivali,19.229068,72.8573628,Dahisar/Poisar Rivers,14.47090667,residential,940000,3.14155313,1850,Sand,75.16991983,4535.0,3.0,0.2,1,15.0,High,0.8330485
2025-09-13, Ward E,Byculla,18.9766219,72.8327936,Arabian Sea,10.48046154,commercial,420000,3.644874745,3246,Clay,62.42979292,5051.0,11.8,3.3,1,14.0,Low,0.99957234
2025-09-14, Ward E,Byculla,18.9766219,72.8327936,Arabian Sea,10.48046154,commercial,420000,3.644874745,3246,Clay,62.42979292,5051.0,15.1,2.9,1,19.0,Low,0.99957234
2025-09-15, Ward E,Byculla,18.9766219,72.8327936,Arabian Sea,10.48046154,commercial,420000,3.644874745,3246,Clay,62.42979292,5051.0,82.8,12.7,1,19.0,Low,0.99739754
2025-09-16, Ward E,Byculla,18.9766219,72.8327936,Arabian Sea,10.48046154,commercial,420000,3.644874745,3246,Clay,62.42979292,5051.0,10.6,1.3,1,20.0,Low,0.99957234
2025-09-17, Ward E,Byculla,18.9766219,72.8327936,Arabian Sea,10.48046154,commercial,420000,3.644874745,3246,Clay,62.42979292,5051.0,10.4,1.6,1,21.0,Low,0.99957234
2025-09-18, Ward E,Byculla,18.9766219,72.8327936,Arabian Sea,10.48046154,commercial,420000,3.644874745,3246,Clay,62.42979292,5051.0,18.7,3.3,1,21.0,Low,0.99956566
2025-09-19, Ward E,Byculla,18.9766219,72.8327936,Arabian Sea,10.48046154,commercial,420000,3.644874745,3246,Clay,62.42979292,5051.0,0.0,3.3,0,6.0,Low,0.9987679
2025-09-20, Ward E,Byculla,18.9766219,72.8327936,Arabian Sea,10.48046154,commercial,420000,3.644874745,3246,Clay,62.42979292,5051.0,22.4,0.9333333333333332,1,24.0,Low,0.9995602
2025-09-21, Ward E,Byculla,18.9766219,72.8327936,Arabian Sea,10.48046154,commercial,420000,3.644874745,3246,Clay,62.42979292,5051.0,23.7,0.9875,1,24.0,Low,0.9995602
2025-09-22, Ward E,Byculla,18.9766219,72.8327936,Arabian Sea,10.48046154,commercial,420000,3.644874745,3246,Clay,62.42979292,5051.0,43.5,1.8125,1,24.0,Low,0.99935347
2025-09-23, Ward E,Byculla,18.9766219,72.8327936,Arabian Sea,10.48046154,commercial,420000,3.644874745,3246,Clay,62.42979292,5051.0,29.8,1.3545454545454545,1,22.0,Low,0.99956566
2025-09-24, Ward E,Byculla,18.9766219,72.8327936,Arabian Sea,10.48046154,commercial,420000,3.644874745,3246,Clay,62.42979292,5051.0,3.3,0.1571428571428571,1,21.0,Low,0.9995179
2025-09-25, Ward E,Byculla,18.9766219,72.8327936,Arabian Sea,10.48046154,commercial,420000,3.644874745,3246,Clay,62.42979292,5051.0,1.8,0.15,1,12.0,Low,0.9995258
2025-09-26, Ward E,Byculla,18.9766219,72.8327936,Arabian Sea,10.48046154,commercial,420000,3.644874745,3246,Clay,62.42979292,5051.0,3.6,0.2,1,18.0,Low,0.9995179
2025-09-13,Ward L,CST Road Nullah,19.0813,72.8711,Chembur Nalla,5.0,"commercial, residential, mixed_use",690000,30.32,11,Urban,90.0,527.19,12.7,3.5,1,17.0,High,0.9986589
2025-09-14,Ward L,CST Road Nullah,19.0813,72.8711,Chembur Nalla,5.0,"commercial, residential, mixed_use",690000,30.32,11,Urban,90.0,527.19,12.2,2.8,1,22.0,High,0.9986589
2025-09-15,Ward L,CST Road Nullah,19.0813,72.8711,Chembur Nalla,5.0,"commercial, residential, mixed_use",690000,30.32,11,Urban,90.0,527.19,65.5,10.6,1,18.0,High,0.9997347
2025-09-16,Ward L,CST Road Nullah,19.0813,72.8711,Chembur Nalla,5.0,"commercial, residential, mixed_use",690000,30.32,11,Urban,90.0,527.19,5.2,0.9,1,23.0,High,0.9983846
2025-09-17,Ward L,CST Road Nullah,19.0813,72.8711,Chembur Nalla,5.0,"commercial, residential, mixed_use",690000,30.32,11,Urban,90.0,527.19,25.7,14.8,1,21.0,High,0.99592626
2025-09-18,Ward L,CST Road Nullah,19.0813,72.8711,Chembur Nalla,5.0,"commercial, residential, mixed_use",690000,30.32,11,Urban,90.0,527.19,10.4,1.9,1,21.0,High,0.99884367
2025-09-19,Ward L,CST Road Nullah,19.0813,72.8711,Chembur Nalla,5.0,"commercial, residential, mixed_use",690000,30.32,11,Urban,90.0,527.19,0.0,0.7,0,3.0,High,0.99613035
2025-09-20,Ward L,CST Road Nullah,19.0813,72.8711,Chembur Nalla,5.0,"commercial, residential, mixed_use",690000,30.32,11,Urban,90.0,527.19,22.4,0.9333333333333332,1,24.0,High,0.99506193
2025-09-21,Ward L,CST Road Nullah,19.0813,72.8711,Chembur Nalla,5.0,"commercial, residential, mixed_use",690000,30.32,11,Urban,90.0,527.19,23.7,0.9875,1,24.0,High,0.99506193
2025-09-22,Ward L,CST Road Nullah,19.0813,72.8711,Chembur Nalla,5.0,"commercial, residential, mixed_use",690000,30.32,11,Urban,90.0,527.19,43.5,1.8125,1,24.0,High,0.9993938
2025-09-23,Ward L,CST Road Nullah,19.0813,72.8711,Chembur Nalla,5.0,"commercial, residential, mixed_use",690000,30.32,11,Urban,90.0,527.19,29.8,1.3545454545454545,1,22.0,High,0.99634874
2025-09-24,Ward L,CST Road Nullah,19.0813,72.8711,Chembur Nalla,5.0,"commercial, residential, mixed_use",690000,30.32,11,Urban,90.0,527.19,3.3,0.1571428571428571,1,21.0,High,0.8989075
2025-09-25,Ward L,CST Road Nullah,19.0813,72.8711,Chembur Nalla,5.0,"commercial, residential, mixed_use",690000,30.32,11,Urban,90.0,527.19,1.8,0.15,1,12.0,High,0.9028556
2025-09-26,Ward L,CST Road Nullah,19.0813,72.8711,Chembur Nalla,5.0,"commercial, residential, mixed_use",690000,30.32,11,Urban,90.0,527.19,3.6,0.2,1,18.0,High,0.8989075
2025-09-13,Ward C,CST Subway (near St. Xavier's),18.9472,72.8272,Arabian Sea ,11.0,"transport, education, mixed_use",190000,23.89,11,Urban,90.0,1330.99,11.8,3.3,1,14.0,Moderate,0.98646706
2025-09-14,Ward C,CST Subway (near St. Xavier's),18.9472,72.8272,Arabian Sea ,11.0,"transport, education, mixed_use",190000,23.89,11,Urban,90.0,1330.99,15.1,2.9,1,19.0,Moderate,0.9872629
2025-09-15,Ward C,CST Subway (near St. Xavier's),18.9472,72.8272,Arabian Sea ,11.0,"transport, education, mixed_use",190000,23.89,11,Urban,90.0,1330.99,82.8,12.7,1,19.0,Moderate,0.9858041
2025-09-16,Ward C,CST Subway (near St. Xavier's),18.9472,72.8272,Arabian Sea ,11.0,"transport, education, mixed_use",190000,23.89,11,Urban,90.0,1330.99,10.6,1.3,1,20.0,Moderate,0.9849685
2025-09-17,Ward C,CST Subway (near St. Xavier's),18.9472,72.8272,Arabian Sea ,11.0,"transport, education, mixed_use",190000,23.89,11,Urban,90.0,1330.99,10.4,1.6,1,21.0,Moderate,0.9849685
2025-09-18,Ward C,CST Subway (near St. Xavier's),18.9472,72.8272,Arabian Sea ,11.0,"transport, education, mixed_use",190000,23.89,11,Urban,90.0,1330.99,18.7,3.3,1,21.0,Moderate,0.998774
2025-09-19,Ward C,CST Subway (near St. Xavier's),18.9472,72.8272,Arabian Sea ,11.0,"transport, education, mixed_use",190000,23.89,11,Urban,90.0,1330.99,0.0,3.3,0,6.0,Moderate,0.99123865
2025-09-20,Ward C,CST Subway (near St. Xavier's),18.9472,72.8272,Arabian Sea ,11.0,"transport, education, mixed_use",190000,23.89,11,Urban,90.0,1330.99,22.4,0.9333333333333332,1,24.0,Moderate,0.9991216
2025-09-21,Ward C,CST Subway (near St. Xavier's),18.9472,72.8272,Arabian Sea ,11.0,"transport, education, mixed_use",190000,23.89,11,Urban,90.0,1330.99,23.7,0.9875,1,24.0,Moderate,0.9991216
2025-09-22,Ward C,CST Subway (near St. Xavier's),18.9472,72.8272,Arabian Sea ,11.0,"transport, education, mixed_use",190000,23.89,11,Urban,90.0,1330.99,43.5,1.8125,1,24.0,Moderate,0.9852365
2025-09-23,Ward C,CST Subway (near St. Xavier's),18.9472,72.8272,Arabian Sea ,11.0,"transport, education, mixed_use",190000,23.89,11,Urban,90.0,1330.99,29.8,1.3545454545454545,1,22.0,Moderate,0.9986541
2025-09-24,Ward C,CST Subway (near St. Xavier's),18.9472,72.8272,Arabian Sea ,11.0,"transport, education, mixed_use",190000,23.89,11,Urban,90.0,1330.99,3.3,0.1571428571428571,1,21.0,Moderate,0.99367344
2025-09-25,Ward C,CST Subway (near St. Xavier's),18.9472,72.8272,Arabian Sea ,11.0,"transport, education, mixed_use",190000,23.89,11,Urban,90.0,1330.99,1.8,0.15,1,12.0,Moderate,0.99338186
2025-09-26,Ward C,CST Subway (near St. Xavier's),18.9472,72.8272,Arabian Sea ,11.0,"transport, education, mixed_use",190000,23.89,11,Urban,90.0,1330.99,3.6,0.2,1,18.0,Moderate,0.99367344
2025-09-13,Ward B,Carnac Bunder underpass,18.9519,72.8356,Arabian Sea ,16.0,"transport, residential, commercial",195000,38.77,7,Sandy,90.0,1618.19,11.8,3.3,1,14.0,High,0.98755383
2025-09-14,Ward B,Carnac Bunder underpass,18.9519,72.8356,Arabian Sea ,16.0,"transport, residential, commercial",195000,38.77,7,Sandy,90.0,1618.19,15.1,2.9,1,19.0,High,0.98683083
2025-09-15,Ward B,Carnac Bunder underpass,18.9519,72.8356,Arabian Sea ,16.0,"transport, residential, commercial",195000,38.77,7,Sandy,90.0,1618.19,82.8,12.7,1,19.0,High,0.99910444
2025-09-16,Ward B,Carnac Bunder underpass,18.9519,72.8356,Arabian Sea ,16.0,"transport, residential, commercial",195000,38.77,7,Sandy,90.0,1618.19,10.6,1.3,1,20.0,High,0.9892524
2025-09-17,Ward B,Carnac Bunder underpass,18.9519,72.8356,Arabian Sea ,16.0,"transport, residential, commercial",195000,38.77,7,Sandy,90.0,1618.19,10.4,1.6,1,21.0,High,0.9892524
2025-09-18,Ward B,Carnac Bunder underpass,18.9519,72.8356,Arabian Sea ,16.0,"transport, residential, commercial",195000,38.77,7,Sandy,90.0,1618.19,18.7,3.3,1,21.0,Moderate,0.50575525
2025-09-19,Ward B,Carnac Bunder underpass,18.9519,72.8356,Arabian Sea ,16.0,"transport, residential, commercial",195000,38.77,7,Sandy,90.0,1618.19,0.0,3.3,0,6.0,High,0.940467
2025-09-20,Ward B,Carnac Bunder underpass,18.9519,72.8356,Arabian Sea ,16.0,"transport, residential, commercial",195000,38.77,7,Sandy,90.0,1618.19,22.4,0.9333333333333332,1,24.0,Moderate,0.61496973
2025-09-21,Ward B,Carnac Bunder underpass,18.9519,72.8356,Arabian Sea ,16.0,"transport, residential, commercial",195000,38.77,7,Sandy,90.0,1618.19,23.7,0.9875,1,24.0,Moderate,0.61496973
2025-09-22,Ward B,Carnac Bunder underpass,18.9519,72.8356,Arabian Sea ,16.0,"transport, residential, commercial",195000,38.77,7,Sandy,90.0,1618.19,43.5,1.8125,1,24.0,High,0.98778164
2025-09-23,Ward B,Carnac Bunder underpass,18.9519,72.8356,Arabian Sea ,16.0,"transport, residential, commercial",195000,38.77,7,Sandy,90.0,1618.19,29.8,1.3545454545454545,1,22.0,High,0.5265141
2025-09-24,Ward B,Carnac Bunder underpass,18.9519,72.8356,Arabian Sea ,16.0,"transport, residential, commercial",195000,38.77,7,Sandy,90.0,1618.19,3.3,0.1571428571428571,1,21.0,High,0.7969709
2025-09-25,Ward B,Carnac Bunder underpass,18.9519,72.8356,Arabian Sea ,16.0,"transport, residential, commercial",195000,38.77,7,Sandy,90.0,1618.19,1.8,0.15,1,12.0,High,0.8040521
2025-09-26,Ward B,Carnac Bunder underpass,18.9519,72.8356,Arabian Sea ,16.0,"transport, residential, commercial",195000,38.77,7,Sandy,90.0,1618.19,3.6,0.2,1,18.0,High,0.7969709
2025-09-13,Ward M/W,Chembur,19.054818,72.8979713,Mahul Creek / Thane Creek,5.590236849,commercial,580000,3.778120882,2983,Urban,75.00629293,3066.0,10.7,2.8,1,17.0,High,0.9981483
2025-09-14,Ward M/W,Chembur,19.054818,72.8979713,Mahul Creek / Thane Creek,5.590236849,commercial,580000,3.778120882,2983,Urban,75.00629293,3066.0,14.2,2.8,1,22.0,High,0.99812084
2025-09-15,Ward M/W,Chembur,19.054818,72.8979713,Mahul Creek / Thane Creek,5.590236849,commercial,580000,3.778120882,2983,Urban,75.00629293,3066.0,56.1,8.9,1,18.0,High,0.9996488
2025-09-16,Ward M/W,Chembur,19.054818,72.8979713,Mahul Creek / Thane Creek,5.590236849,commercial,580000,3.778120882,2983,Urban,75.00629293,3066.0,14.5,7.3,1,22.0,High,0.99812084
2025-09-17,Ward M/W,Chembur,19.054818,72.8979713,Mahul Creek / Thane Creek,5.590236849,commercial,580000,3.778120882,2983,Urban,75.00629293,3066.0,22.3,13.7,1,22.0,High,0.9941605
2025-09-18,Ward M/W,Chembur,19.054818,72.8979713,Mahul Creek / Thane Creek,5.590236849,commercial,580000,3.778120882,2983,Urban,75.00629293,3066.0,16.0,3.9,1,21.0,High,0.99812084
2025-09-19,Ward M/W,Chembur,19.054818,72.8979713,Mahul Creek / Thane Creek,5.590236849,commercial,580000,3.778120882,2983,Urban,75.00629293,3066.0,0.0,0.1,0,4.0,High,0.91019654
2025-09-20,Ward M/W,Chembur,19.054818,72.8979713,Mahul Creek / Thane Creek,5.590236849,commercial,580000,3.778120882,2983,Urban,75.00629293,3066.0,22.4,0.9333333333333332,1,24.0,High,0.99444747
2025-09-21,Ward M/W,Chembur,19.054818,72.8979713,Mahul Creek / Thane Creek,5.590236849,commercial,580000,3.778120882,2983,Urban,75.00629293,3066.0,23.7,0.9875,1,24.0,High,0.99444747
2025-09-22,Ward M/W,Chembur,19.054818,72.8979713,Mahul Creek / Thane Creek,5.590236849,commercial,580000,3.778120882,2983,Urban,75.00629293,3066.0,43.5,1.8125,1,24.0,High,0.99910384
2025-09-23,Ward M/W,Chembur,19.054818,72.8979713,Mahul Creek / Thane Creek,5.590236849,commercial,580000,3.778120882,2983,Urban,75.00629293,3066.0,29.8,1.3545454545454545,1,22.0,High,0.9948544
2025-09-24,Ward M/W,Chembur,19.054818,72.8979713,Mahul Creek / Thane Creek,5.590236849,commercial,580000,3.778120882,2983,Urban,75.00629293,3066.0,3.3,0.1571428571428571,1,21.0,High,0.899196
2025-09-25,Ward M/W,Chembur,19.054818,72.8979713,Mahul Creek / Thane Creek,5.590236849,commercial,580000,3.778120882,2983,Urban,75.00629293,3066.0,1.8,0.15,1,12.0,High,0.90306765
2025-09-26,Ward M/W,Chembur,19.054818,72.8979713,Mahul Creek / Thane Creek,5.590236849,commercial,580000,3.778120882,2983,Urban,75.00629293,3066.0,3.6,0.2,1,18.0,High,0.899196
2025-09-13,Ward M/E,Chembur East Bus Depot,19.0524,72.9005,Wadala Nalla,13.0,"transport, mixed_use",580000,Error: Graph contains no edges.,14,Urban,90.0,1166.33,10.7,2.8,1,17.0,High,0.99456525
2025-09-14,Ward M/E,Chembur East Bus Depot,19.0524,72.9005,Wadala Nalla,13.0,"transport, mixed_use",580000,Error: Graph contains no edges.,14,Urban,90.0,1166.33,14.2,2.8,1,22.0,High,0.99456525
2025-09-15,Ward M/E,Chembur East Bus Depot,19.0524,72.9005,Wadala Nalla,13.0,"transport, mixed_use",580000,Error: Graph contains no edges.,14,Urban,90.0,1166.33,56.1,8.9,1,18.0,High,0.99950564
2025-09-16,Ward M/E,Chembur East Bus Depot,19.0524,72.9005,Wadala Nalla,13.0,"transport, mixed_use",580000,Error: Graph contains no edges.,14,Urban,90.0,1166.33,14.5,7.3,1,22.0,High,0.99456525
2025-09-17,Ward M/E,Chembur East Bus Depot,19.0524,72.9005,Wadala Nalla,13.0,"transport, mixed_use",580000,Error: Graph contains no edges.,14,Urban,90.0,1166.33,22.3,13.7,1,22.0,High,0.9226711
2025-09-18,Ward M/E,Chembur East Bus Depot,19.0524,72.9005,Wadala Nalla,13.0,"transport, mixed_use",580000,Error: Graph contains no edges.,14,Urban,90.0,1166.33,16.0,3.9,1,21.0,High,0.99456525
2025-09-19,Ward M/E,Chembur East Bus Depot,19.0524,72.9005,Wadala Nalla,13.0,"transport, mixed_use",580000,Error: Graph contains no edges.,14,Urban,90.0,1166.33,0.0,0.1,0,4.0,High,0.74136376
2025-09-20,Ward M/E,Chembur East Bus Depot,19.0524,72.9005,Wadala Nalla,13.0,"transport, mixed_use",580000,Error: Graph contains no edges.,14,Urban,90.0,1166.33,22.4,0.9333333333333332,1,24.0,High,0.88877267
2025-09-21,Ward M/E,Chembur East Bus Depot,19.0524,72.9005,Wadala Nalla,13.0,"transport, mixed_use",580000,Error: Graph contains no edges.,14,Urban,90.0,1166.33,23.7,0.9875,1,24.0,High,0.88877267
2025-09-22,Ward M/E,Chembur East Bus Depot,19.0524,72.9005,Wadala Nalla,13.0,"transport, mixed_use",580000,Error: Graph contains no edges.,14,Urban,90.0,1166.33,43.5,1.8125,1,24.0,High,0.9956969
2025-09-23,Ward M/E,Chembur East Bus Depot,19.0524,72.9005,Wadala Nalla,13.0,"transport, mixed_use",580000,Error: Graph contains no edges.,14,Urban,90.0,1166.33,29.8,1.3545454545454545,1,22.0,High,0.9256727
2025-09-24,Ward M/E,Chembur East Bus Depot,19.0524,72.9005,Wadala Nalla,13.0,"transport, mixed_use",580000,Error: Graph contains no edges.,14,Urban,90.0,1166.33,3.3,0.1571428571428571,1,21.0,High,0.8466582
2025-09-25,Ward M/E,Chembur East Bus Depot,19.0524,72.9005,Wadala Nalla,13.0,"transport, mixed_use",580000,Error: Graph contains no edges.,14,Urban,90.0,1166.33,1.8,0.15,1,12.0,High,0.85138
2025-09-26,Ward M/E,Chembur East Bus Depot,19.0524,72.9005,Wadala Nalla,13.0,"transport, mixed_use",580000,Error: Graph contains no edges.,14,Urban,90.0,1166.33,3.6,0.2,1,18.0,High,0.8466582
2025-09-13,Ward A,Colaba Causeway,18.9151,72.8141,Arabian Sea ,6.0,"commercial, mixed_use",185000,4.3,9,Urban,90.0,3921.69,11.8,3.3,1,14.0,High,0.9754007
2025-09-14,Ward A,Colaba Causeway,18.9151,72.8141,Arabian Sea ,6.0,"commercial, mixed_use",185000,4.3,9,Urban,90.0,3921.69,15.1,2.9,1,19.0,High,0.97303456
2025-09-15,Ward A,Colaba Causeway,18.9151,72.8141,Arabian Sea ,6.0,"commercial, mixed_use",185000,4.3,9,Urban,90.0,3921.69,82.8,12.7,1,19.0,High,0.99167514
2025-09-16,Ward A,Colaba Causeway,18.9151,72.8141,Arabian Sea ,6.0,"commercial, mixed_use",185000,4.3,9,Urban,90.0,3921.69,10.6,1.3,1,20.0,High,0.9779089
2025-09-17,Ward A,Colaba Causeway,18.9151,72.8141,Arabian Sea ,6.0,"commercial, mixed_use",185000,4.3,9,Urban,90.0,3921.69,10.4,1.6,1,21.0,High,0.9779089
2025-09-18,Ward A,Colaba Causeway,18.9151,72.8141,Arabian Sea ,6.0,"commercial, mixed_use",185000,4.3,9,Urban,90.0,3921.69,18.7,3.3,1,21.0,High,0.98323673
2025-09-19,Ward A,Colaba Causeway,18.9151,72.8141,Arabian Sea ,6.0,"commercial, mixed_use",185000,4.3,9,Urban,90.0,3921.69,0.0,3.3,0,6.0,High,0.93633884
2025-09-20,Ward A,Colaba Causeway,18.9151,72.8141,Arabian Sea ,6.0,"commercial, mixed_use",185000,4.3,9,Urban,90.0,3921.69,20.0,0.8333333333333334,1,24.0,High,0.9817098
2025-09-21,Ward A,Colaba Causeway,18.9151,72.8141,Arabian Sea ,6.0,"commercial, mixed_use",185000,4.3,9,Urban,90.0,3921.69,22.4,0.9333333333333332,1,24.0,High,0.9817098
2025-09-22,Ward A,Colaba Causeway,18.9151,72.8141,Arabian Sea ,6.0,"commercial, mixed_use",185000,4.3,9,Urban,90.0,3921.69,33.1,1.5761904761904764,1,21.0,High,0.98653245
2025-09-23,Ward A,Colaba Causeway,18.9151,72.8141,Arabian Sea ,6.0,"commercial, mixed_use",185000,4.3,9,Urban,90.0,3921.69,18.1,0.8227272727272728,1,22.0,High,0.9817098
2025-09-24,Ward A,Colaba Causeway,18.9151,72.8141,Arabian Sea ,6.0,"commercial, mixed_use",185000,4.3,9,Urban,90.0,3921.69,2.7,0.18,1,15.0,Moderate,0.6926869
2025-09-25,Ward A,Colaba Causeway,18.9151,72.8141,Arabian Sea ,6.0,"commercial, mixed_use",185000,4.3,9,Urban,90.0,3921.69,2.4,0.1999999999999999,1,12.0,Moderate,0.6894617
2025-09-26,Ward A,Colaba Causeway,18.9151,72.8141,Arabian Sea ,6.0,"commercial, mixed_use",185000,4.3,9,Urban,90.0,3921.69,3.9,0.2166666666666666,1,18.0,Moderate,0.6960626
2025-09-13,Ward K/W,DN Nagar Metro area,19.136,72.8314,Oshiwara River,9.0,"transport, mixed_use",900000,24.04,2,Urban,90.0,930.15,10.6,2.2,1,16.0,High,0.99739945
2025-09-14,Ward K/W,DN Nagar Metro area,19.136,72.8314,Oshiwara River,9.0,"transport, mixed_use",900000,24.04,2,Urban,90.0,930.15,12.1,2.6,1,21.0,High,0.99739945
2025-09-15,Ward K/W,DN Nagar Metro area,19.136,72.8314,Oshiwara River,9.0,"transport, mixed_use",900000,24.04,2,Urban,90.0,930.15,29.1,5.0,1,17.0,High,0.991827
2025-09-16,Ward K/W,DN Nagar Metro area,19.136,72.8314,Oshiwara River,9.0,"transport, mixed_use",900000,24.04,2,Urban,90.0,930.15,6.6,2.4,1,20.0,High,0.99659497
2025-09-17,Ward K/W,DN Nagar Metro area,19.136,72.8314,Oshiwara River,9.0,"transport, mixed_use",900000,24.04,2,Urban,90.0,930.15,27.8,19.8,1,23.0,High,0.991827
2025-09-18,Ward K/W,DN Nagar Metro area,19.136,72.8314,Oshiwara River,9.0,"transport, mixed_use",900000,24.04,2,Urban,90.0,930.15,14.8,3.1,1,22.0,High,0.99739945
2025-09-19,Ward K/W,DN Nagar Metro area,19.136,72.8314,Oshiwara River,9.0,"transport, mixed_use",900000,24.04,2,Urban,90.0,930.15,0.0,0.1,0,2.0,High,0.87127703
2025-09-20,Ward K/W,DN Nagar Metro area,19.136,72.8314,Oshiwara River,9.0,"transport, mixed_use",900000,24.04,2,Urban,90.0,930.15,22.4,0.9333333333333332,1,24.0,High,0.9906837
2025-09-21,Ward K/W,DN Nagar Metro area,19.136,72.8314,Oshiwara River,9.0,"transport, mixed_use",900000,24.04,2,Urban,90.0,930.15,23.7,0.9875,1,24.0,High,0.9906837
2025-09-22,Ward K/W,DN Nagar Metro area,19.136,72.8314,Oshiwara River,9.0,"transport, mixed_use",900000,24.04,2,Urban,90.0,930.15,43.5,1.8125,1,24.0,High,0.9990759
2025-09-23,Ward K/W,DN Nagar Metro area,19.136,72.8314,Oshiwara River,9.0,"transport, mixed_use",900000,24.04,2,Urban,90.0,930.15,29.8,1.3545454545454545,1,22.0,High,0.9926716
2025-09-24,Ward K/W,DN Nagar Metro area,19.136,72.8314,Oshiwara River,9.0,"transport, mixed_use",900000,24.04,2,Urban,90.0,930.15,3.3,0.1571428571428571,1,21.0,High,0.88532573
2025-09-25,Ward K/W,DN Nagar Metro area,19.136,72.8314,Oshiwara River,9.0,"transport, mixed_use",900000,24.04,2,Urban,90.0,930.15,1.8,0.15,1,12.0,High,0.8897389
2025-09-26,Ward K/W,DN Nagar Metro area,19.136,72.8314,Oshiwara River,9.0,"transport, mixed_use",900000,24.04,2,Urban,90.0,930.15,3.6,0.2,1,18.0,High,0.88532573
2025-09-13,Ward G/N,Dadar TT,19.0195,72.8436,Wadala Nalla,7.0,"transport, commercial, mixed_use",520000,24.1,9,Sandy,90.0,182.83,12.4,2.1,1,18.0,High,0.998665
2025-09-14,Ward G/N,Dadar TT,19.0195,72.8436,Wadala Nalla,7.0,"transport, commercial, mixed_use",520000,24.1,9,Sandy,90.0,182.83,16.3,3.6,1,24.0,High,0.998665
2025-09-15,Ward G/N,Dadar TT,19.0195,72.8436,Wadala Nalla,7.0,"transport, commercial, mixed_use",520000,24.1,9,Sandy,90.0,182.83,72.3,13.2,1,18.0,High,0.999716
2025-09-16,Ward G/N,Dadar TT,19.0195,72.8436,Wadala Nalla,7.0,"transport, commercial, mixed_use",520000,24.1,9,Sandy,90.0,182.83,7.8,0.9,1,22.0,High,0.9984395
2025-09-17,Ward G/N,Dadar TT,19.0195,72.8436,Wadala Nalla,7.0,"transport, commercial, mixed_use",520000,24.1,9,Sandy,90.0,182.83,15.2,4.5,1,22.0,High,0.998665
2025-09-18,Ward G/N,Dadar TT,19.0195,72.8436,Wadala Nalla,7.0,"transport, commercial, mixed_use",520000,24.1,9,Sandy,90.0,182.83,9.9,1.3,1,21.0,High,0.998887
2025-09-19,Ward G/N,Dadar TT,19.0195,72.8436,Wadala Nalla,7.0,"transport, commercial, mixed_use",520000,24.1,9,Sandy,90.0,182.83,0.0,3.3,0,6.0,High,0.9945681
2025-09-20,Ward G/N,Dadar TT,19.0195,72.8436,Wadala Nalla,7.0,"transport, commercial, mixed_use",520000,24.1,9,Sandy,90.0,182.83,22.4,0.9333333333333332,1,24.0,High,0.99578345
2025-09-21,Ward G/N,Dadar TT,19.0195,72.8436,Wadala Nalla,7.0,"transport, commercial, mixed_use",520000,24.1,9,Sandy,90.0,182.83,23.7,0.9875,1,24.0,High,0.99578345
2025-09-22,Ward G/N,Dadar TT,19.0195,72.8436,Wadala Nalla,7.0,"transport, commercial, mixed_use",520000,24.1,9,Sandy,90.0,182.83,43.5,1.8125,1,24.0,High,0.99926704
2025-09-23,Ward G/N,Dadar TT,19.0195,72.8436,Wadala Nalla,7.0,"transport, commercial, mixed_use",520000,24.1,9,Sandy,90.0,182.83,29.8,1.3545454545454545,1,22.0,High,0.9968802
2025-09-24,Ward G/N,Dadar TT,19.0195,72.8436,Wadala Nalla,7.0,"transport, commercial, mixed_use",520000,24.1,9,Sandy,90.0,182.83,3.3,0.1571428571428571,1,21.0,High,0.87829226
2025-09-25,Ward G/N,Dadar TT,19.0195,72.8436,Wadala Nalla,7.0,"transport, commercial, mixed_use",520000,24.1,9,Sandy,90.0,182.83,1.8,0.15,1,12.0,High,0.8824867
2025-09-26,Ward G/N,Dadar TT,19.0195,72.8436,Wadala Nalla,7.0,"transport, commercial, mixed_use",520000,24.1,9,Sandy,90.0,182.83,3.6,0.2,1,18.0,High,0.87829226
2025-09-13,Ward R/N,Dahisar,19.2493572,72.8596302,Dahisar River,11.18621685,park,670000,2.394216115,4834,Urban,72.66643178,3944.0,8.5,2.4,1,14.0,High,0.99328196
2025-09-14,Ward R/N,Dahisar,19.2493572,72.8596302,Dahisar River,11.18621685,park,670000,2.394216115,4834,Urban,72.66643178,3944.0,8.0,1.3,1,22.0,High,0.9942034
2025-09-15,Ward R/N,Dahisar,19.2493572,72.8596302,Dahisar River,11.18621685,park,670000,2.394216115,4834,Urban,72.66643178,3944.0,17.3,4.3,1,20.0,High,0.73789567
2025-09-16,Ward R/N,Dahisar,19.2493572,72.8596302,Dahisar River,11.18621685,park,670000,2.394216115,4834,Urban,72.66643178,3944.0,10.0,2.4,1,22.0,High,0.99328196
2025-09-17,Ward R/N,Dahisar,19.2493572,72.8596302,Dahisar River,11.18621685,park,670000,2.394216115,4834,Urban,72.66643178,3944.0,17.9,12.7,1,18.0,High,0.73789567
2025-09-18,Ward R/N,Dahisar,19.2493572,72.8596302,Dahisar River,11.18621685,park,670000,2.394216115,4834,Urban,72.66643178,3944.0,15.8,4.6,1,21.0,High,0.9931831
2025-09-19,Ward R/N,Dahisar,19.2493572,72.8596302,Dahisar River,11.18621685,park,670000,2.394216115,4834,Urban,72.66643178,3944.0,0.0,0.3,0,5.0,High,0.9798028
2025-09-20,Ward R/N,Dahisar,19.2493572,72.8596302,Dahisar River,11.18621685,park,670000,2.394216115,4834,Urban,72.66643178,3944.0,22.1,0.9208333333333334,1,24.0,High,0.7218039
2025-09-21,Ward R/N,Dahisar,19.2493572,72.8596302,Dahisar River,11.18621685,park,670000,2.394216115,4834,Urban,72.66643178,3944.0,24.3,1.0125,1,24.0,High,0.5818078
2025-09-22,Ward R/N,Dahisar,19.2493572,72.8596302,Dahisar River,11.18621685,park,670000,2.394216115,4834,Urban,72.66643178,3944.0,52.2,2.1750000000000003,1,24.0,High,0.99895084
2025-09-23,Ward R/N,Dahisar,19.2493572,72.8596302,Dahisar River,11.18621685,park,670000,2.394216115,4834,Urban,72.66643178,3944.0,31.9,1.3291666666666666,1,24.0,High,0.73077136
2025-09-24,Ward R/N,Dahisar,19.2493572,72.8596302,Dahisar River,11.18621685,park,670000,2.394216115,4834,Urban,72.66643178,3944.0,1.5,0.1,1,15.0,High,0.84952706
2025-09-25,Ward R/N,Dahisar,19.2493572,72.8596302,Dahisar River,11.18621685,park,670000,2.394216115,4834,Urban,72.66643178,3944.0,1.8,0.2,1,9.0,High,0.84795827
2025-09-26,Ward R/N,Dahisar,19.2493572,72.8596302,Dahisar River,11.18621685,park,670000,2.394216115,4834,Urban,72.66643178,3944.0,3.0,0.2,1,15.0,High,0.8424025
2025-09-13,Ward R/N,Dahisar Subway,19.2525,72.8601,Dahisar River,18.0,"commercial, residential, mixed_use",670000,18.98,10,Urban,90.0,2224.03,8.5,2.4,1,14.0,High,0.99056554
2025-09-14,Ward R/N,Dahisar Subway,19.2525,72.8601,Dahisar River,18.0,"commercial, residential, mixed_use",670000,18.98,10,Urban,90.0,2224.03,8.0,1.3,1,22.0,High,0.99185646
2025-09-15,Ward R/N,Dahisar Subway,19.2525,72.8601,Dahisar River,18.0,"commercial, residential, mixed_use",670000,18.98,10,Urban,90.0,2224.03,17.3,4.3,1,20.0,Moderate,0.6237316
2025-09-16,Ward R/N,Dahisar Subway,19.2525,72.8601,Dahisar River,18.0,"commercial, residential, mixed_use",670000,18.98,10,Urban,90.0,2224.03,10.0,2.4,1,22.0,High,0.99056554
2025-09-17,Ward R/N,Dahisar Subway,19.2525,72.8601,Dahisar River,18.0,"commercial, residential, mixed_use",670000,18.98,10,Urban,90.0,2224.03,17.9,12.7,1,18.0,Moderate,0.6237316
2025-09-18,Ward R/N,Dahisar Subway,19.2525,72.8601,Dahisar River,18.0,"commercial, residential, mixed_use",670000,18.98,10,Urban,90.0,2224.03,15.8,4.6,1,21.0,High,0.9898788
2025-09-19,Ward R/N,Dahisar Subway,19.2525,72.8601,Dahisar River,18.0,"commercial, residential, mixed_use",670000,18.98,10,Urban,90.0,2224.03,0.0,0.3,0,5.0,High,0.9743438
2025-09-20,Ward R/N,Dahisar Subway,19.2525,72.8601,Dahisar River,18.0,"commercial, residential, mixed_use",670000,18.98,10,Urban,90.0,2224.03,22.1,0.9208333333333334,1,24.0,Moderate,0.67283607
2025-09-21,Ward R/N,Dahisar Subway,19.2525,72.8601,Dahisar River,18.0,"commercial, residential, mixed_use",670000,18.98,10,Urban,90.0,2224.03,24.3,1.0125,1,24.0,Moderate,0.8091352
2025-09-22,Ward R/N,Dahisar Subway,19.2525,72.8601,Dahisar River,18.0,"commercial, residential, mixed_use",670000,18.98,10,Urban,90.0,2224.03,52.2,2.1750000000000003,1,24.0,High,0.9989268
2025-09-23,Ward R/N,Dahisar Subway,19.2525,72.8601,Dahisar River,18.0,"commercial, residential, mixed_use",670000,18.98,10,Urban,90.0,2224.03,31.9,1.3291666666666666,1,24.0,Moderate,0.63201743
2025-09-24,Ward R/N,Dahisar Subway,19.2525,72.8601,Dahisar River,18.0,"commercial, residential, mixed_use",670000,18.98,10,Urban,90.0,2224.03,1.5,0.1,1,15.0,High,0.77338946
2025-09-25,Ward R/N,Dahisar Subway,19.2525,72.8601,Dahisar River,18.0,"commercial, residential, mixed_use",670000,18.98,10,Urban,90.0,2224.03,1.8,0.2,1,9.0,High,0.771195
2025-09-26,Ward R/N,Dahisar Subway,19.2525,72.8601,Dahisar River,18.0,"commercial, residential, mixed_use",670000,18.98,10,Urban,90.0,2224.03,3.0,0.2,1,15.0,High,0.763458
2025-09-13,WardG/N,Dharavi,19.044463,72.8586177,Mithi River,10.27148382,park,520000,4.663618796,4138,Urban,75.82432588,2600.0,12.4,2.1,1,18.0,Low,0.99958616
2025-09-14,WardG/N,Dharavi,19.044463,72.8586177,Mithi River,10.27148382,park,520000,4.663618796,4138,Urban,75.82432588,2600.0,16.3,3.6,1,24.0,Low,0.99958616
2025-09-15,WardG/N,Dharavi,19.044463,72.8586177,Mithi River,10.27148382,park,520000,4.663618796,4138,Urban,75.82432588,2600.0,72.3,13.2,1,18.0,Low,0.99741167
2025-09-16,WardG/N,Dharavi,19.044463,72.8586177,Mithi River,10.27148382,park,520000,4.663618796,4138,Urban,75.82432588,2600.0,7.8,0.9,1,22.0,Low,0.99958616
2025-09-17,WardG/N,Dharavi,19.044463,72.8586177,Mithi River,10.27148382,park,520000,4.663618796,4138,Urban,75.82432588,2600.0,15.2,4.5,1,22.0,Low,0.99958616
2025-09-18,WardG/N,Dharavi,19.044463,72.8586177,Mithi River,10.27148382,park,520000,4.663618796,4138,Urban,75.82432588,2600.0,9.9,1.3,1,21.0,Low,0.99958616
2025-09-19,WardG/N,Dharavi,19.044463,72.8586177,Mithi River,10.27148382,park,520000,4.663618796,4138,Urban,75.82432588,2600.0,0.0,3.3,0,6.0,Low,0.99883634
2025-09-20,WardG/N,Dharavi,19.044463,72.8586177,Mithi River,10.27148382,park,520000,4.663618796,4138,Urban,75.82432588,2600.0,22.4,0.9333333333333332,1,24.0,Low,0.99957484
2025-09-21,WardG/N,Dharavi,19.044463,72.8586177,Mithi River,10.27148382,park,520000,4.663618796,4138,Urban,75.82432588,2600.0,23.7,0.9875,1,24.0,Low,0.99957484
2025-09-22,WardG/N,Dharavi,19.044463,72.8586177,Mithi River,10.27148382,park,520000,4.663618796,4138,Urban,75.82432588,2600.0,43.5,1.8125,1,24.0,Low,0.9993674
2025-09-23,WardG/N,Dharavi,19.044463,72.8586177,Mithi River,10.27148382,park,520000,4.663618796,4138,Urban,75.82432588,2600.0,29.8,1.3545454545454545,1,22.0,Low,0.99957997
2025-09-24,WardG/N,Dharavi,19.044463,72.8586177,Mithi River,10.27148382,park,520000,4.663618796,4138,Urban,75.82432588,2600.0,3.3,0.1571428571428571,1,21.0,Low,0.9995377
2025-09-25,WardG/N,Dharavi,19.044463,72.8586177,Mithi River,10.27148382,park,520000,4.663618796,4138,Urban,75.82432588,2600.0,1.8,0.15,1,12.0,Low,0.99954826
2025-09-26,WardG/N,Dharavi,19.044463,72.8586177,Mithi River,10.27148382,park,520000,4.663618796,4138,Urban,75.82432588,2600.0,3.6,0.2,1,18.0,Low,0.9995377
2025-09-13,Ward E,Dockyard Road (Mazgaon),18.9637,72.8443,Wadala Nalla,8.0,"transport, industrial, commercial",420000,24.65,9,Urban,90.0,2486.33,9.0,2.1,1,16.0,High,0.9979809
2025-09-14,Ward E,Dockyard Road (Mazgaon),18.9637,72.8443,Wadala Nalla,8.0,"transport, industrial, commercial",420000,24.65,9,Urban,90.0,2486.33,16.5,4.0,1,20.0,High,0.997951
2025-09-15,Ward E,Dockyard Road (Mazgaon),18.9637,72.8443,Wadala Nalla,8.0,"transport, industrial, commercial",420000,24.65,9,Urban,90.0,2486.33,67.1,15.3,1,16.0,High,0.999622
2025-09-16,Ward E,Dockyard Road (Mazgaon),18.9637,72.8443,Wadala Nalla,8.0,"transport, industrial, commercial",420000,24.65,9,Urban,90.0,2486.33,11.8,1.8,1,21.0,High,0.9983165
2025-09-17,Ward E,Dockyard Road (Mazgaon),18.9637,72.8443,Wadala Nalla,8.0,"transport, industrial, commercial",420000,24.65,9,Urban,90.0,2486.33,4.9,0.6,1,23.0,High,0.99719304
2025-09-18,Ward E,Dockyard Road (Mazgaon),18.9637,72.8443,Wadala Nalla,8.0,"transport, industrial, commercial",420000,24.65,9,Urban,90.0,2486.33,22.5,5.8,1,22.0,High,0.9950654
2025-09-19,Ward E,Dockyard Road (Mazgaon),18.9637,72.8443,Wadala Nalla,8.0,"transport, industrial, commercial",420000,24.65,9,Urban,90.0,2486.33,0.0,1.5,0,5.0,High,0.99296474
2025-09-20,Ward E,Dockyard Road (Mazgaon),18.9637,72.8443,Wadala Nalla,8.0,"transport, industrial, commercial",420000,24.65,9,Urban,90.0,2486.33,22.4,0.9333333333333332,1,24.0,High,0.9944857
2025-09-21,Ward E,Dockyard Road (Mazgaon),18.9637,72.8443,Wadala Nalla,8.0,"transport, industrial, commercial",420000,24.65,9,Urban,90.0,2486.33,23.7,0.9875,1,24.0,High,0.9944857
2025-09-22,Ward E,Dockyard Road (Mazgaon),18.9637,72.8443,Wadala Nalla,8.0,"transport, industrial, commercial",420000,24.65,9,Urban,90.0,2486.33,43.5,1.8125,1,24.0,High,0.99903226
2025-09-23,Ward E,Dockyard Road (Mazgaon),18.9637,72.8443,Wadala Nalla,8.0,"transport, industrial, commercial",420000,24.65,9,Urban,90.0,2486.33,29.8,1.3545454545454545,1,22.0,High,0.99579585
2025-09-24,Ward E,Dockyard Road (Mazgaon),18.9637,72.8443,Wadala Nalla,8.0,"transport, industrial, commercial",420000,24.65,9,Urban,90.0,2486.33,3.3,0.1571428571428571,1,21.0,High,0.8293753
2025-09-25,Ward E,Dockyard Road (Mazgaon),18.9637,72.8443,Wadala Nalla,8.0,"transport, industrial, commercial",420000,24.65,9,Urban,90.0,2486.33,1.8,0.15,1,12.0,High,0.834564
2025-09-26,Ward E,Dockyard Road (Mazgaon),18.9637,72.8443,Wadala Nalla,8.0,"transport, industrial, commercial",420000,24.65,9,Urban,90.0,2486.33,3.6,0.2,1,18.0,High,0.8293753
2025-09-13,Ward B,Dongri Circle,18.9594,72.8376,Arabian Sea ,19.0,"residential, commercial, religious",195000,48.94,7,Urban,90.0,2022.4,11.8,3.3,1,14.0,High,0.98798263
2025-09-14,Ward B,Dongri Circle,18.9594,72.8376,Arabian Sea ,19.0,"residential, commercial, religious",195000,48.94,7,Urban,90.0,2022.4,15.1,2.9,1,19.0,High,0.9865856
2025-09-15,Ward B,Dongri Circle,18.9594,72.8376,Arabian Sea ,19.0,"residential, commercial, religious",195000,48.94,7,Urban,90.0,2022.4,82.8,12.7,1,19.0,High,0.9991042
2025-09-16,Ward B,Dongri Circle,18.9594,72.8376,Arabian Sea ,19.0,"residential, commercial, religious",195000,48.94,7,Urban,90.0,2022.4,10.6,1.3,1,20.0,High,0.98998135
2025-09-17,Ward B,Dongri Circle,18.9594,72.8376,Arabian Sea ,19.0,"residential, commercial, religious",195000,48.94,7,Urban,90.0,2022.4,10.4,1.6,1,21.0,High,0.98998135
2025-09-18,Ward B,Dongri Circle,18.9594,72.8376,Arabian Sea ,19.0,"residential, commercial, religious",195000,48.94,7,Urban,90.0,2022.4,18.7,3.3,1,21.0,Moderate,0.7222298
2025-09-19,Ward B,Dongri Circle,18.9594,72.8376,Arabian Sea ,19.0,"residential, commercial, religious",195000,48.94,7,Urban,90.0,2022.4,0.0,3.3,0,6.0,High,0.955597
2025-09-20,Ward B,Dongri Circle,18.9594,72.8376,Arabian Sea ,19.0,"residential, commercial, religious",195000,48.94,7,Urban,90.0,2022.4,22.4,0.9333333333333332,1,24.0,Moderate,0.80230254
2025-09-21,Ward B,Dongri Circle,18.9594,72.8376,Arabian Sea ,19.0,"residential, commercial, religious",195000,48.94,7,Urban,90.0,2022.4,23.7,0.9875,1,24.0,Moderate,0.80230254
2025-09-22,Ward B,Dongri Circle,18.9594,72.8376,Arabian Sea ,19.0,"residential, commercial, religious",195000,48.94,7,Urban,90.0,2022.4,43.5,1.8125,1,24.0,High,0.98811483
2025-09-23,Ward B,Dongri Circle,18.9594,72.8376,Arabian Sea ,19.0,"residential, commercial, religious",195000,48.94,7,Urban,90.0,2022.4,29.8,1.3545454545454545,1,22.0,Moderate,0.69297796
2025-09-24,Ward B,Dongri Circle,18.9594,72.8376,Arabian Sea ,19.0,"residential, commercial, religious",195000,48.94,7,Urban,90.0,2022.4,3.3,0.1571428571428571,1,21.0,High,0.7815231
2025-09-25,Ward B,Dongri Circle,18.9594,72.8376,Arabian Sea ,19.0,"residential, commercial, religious",195000,48.94,7,Urban,90.0,2022.4,1.8,0.15,1,12.0,High,0.7890126
2025-09-26,Ward B,Dongri Circle,18.9594,72.8376,Arabian Sea ,19.0,"residential, commercial, religious",195000,48.94,7,Urban,90.0,2022.4,3.6,0.2,1,18.0,High,0.7815231
2025-09-13,Ward G/S,Elphinstone Bridge (Lower Parel),19.0172,72.8337,Wadala Nalla,5.0,"transport, mixed_use",430000,6.6,18,Sandy,90.0,615.6,12.4,2.1,1,18.0,High,0.998173
2025-09-14,Ward G/S,Elphinstone Bridge (Lower Parel),19.0172,72.8337,Wadala Nalla,5.0,"transport, mixed_use",430000,6.6,18,Sandy,90.0,615.6,16.3,3.6,1,24.0,High,0.998173
2025-09-15,Ward G/S,Elphinstone Bridge (Lower Parel),19.0172,72.8337,Wadala Nalla,5.0,"transport, mixed_use",430000,6.6,18,Sandy,90.0,615.6,72.3,13.2,1,18.0,High,0.99965644
2025-09-16,Ward G/S,Elphinstone Bridge (Lower Parel),19.0172,72.8337,Wadala Nalla,5.0,"transport, mixed_use",430000,6.6,18,Sandy,90.0,615.6,7.8,0.9,1,22.0,High,0.99834037
2025-09-17,Ward G/S,Elphinstone Bridge (Lower Parel),19.0172,72.8337,Wadala Nalla,5.0,"transport, mixed_use",430000,6.6,18,Sandy,90.0,615.6,15.2,4.5,1,22.0,High,0.998173
2025-09-18,Ward G/S,Elphinstone Bridge (Lower Parel),19.0172,72.8337,Wadala Nalla,5.0,"transport, mixed_use",430000,6.6,18,Sandy,90.0,615.6,9.9,1.3,1,21.0,High,0.9984768
2025-09-19,Ward G/S,Elphinstone Bridge (Lower Parel),19.0172,72.8337,Wadala Nalla,5.0,"transport, mixed_use",430000,6.6,18,Sandy,90.0,615.6,0.0,3.3,0,6.0,High,0.9913874
2025-09-20,Ward G/S,Elphinstone Bridge (Lower Parel),19.0172,72.8337,Wadala Nalla,5.0,"transport, mixed_use",430000,6.6,18,Sandy,90.0,615.6,22.4,0.9333333333333332,1,24.0,High,0.99642915
2025-09-21,Ward G/S,Elphinstone Bridge (Lower Parel),19.0172,72.8337,Wadala Nalla,5.0,"transport, mixed_use",430000,6.6,18,Sandy,90.0,615.6,23.7,0.9875,1,24.0,High,0.99642915
2025-09-22,Ward G/S,Elphinstone Bridge (Lower Parel),19.0172,72.8337,Wadala Nalla,5.0,"transport, mixed_use",430000,6.6,18,Sandy,90.0,615.6,43.5,1.8125,1,24.0,High,0.99912876
2025-09-23,Ward G/S,Elphinstone Bridge (Lower Parel),19.0172,72.8337,Wadala Nalla,5.0,"transport, mixed_use",430000,6.6,18,Sandy,90.0,615.6,29.8,1.3545454545454545,1,22.0,High,0.9969272
2025-09-24,Ward G/S,Elphinstone Bridge (Lower Parel),19.0172,72.8337,Wadala Nalla,5.0,"transport, mixed_use",430000,6.6,18,Sandy,90.0,615.6,3.3,0.1571428571428571,1,21.0,High,0.8857173
2025-09-25,Ward G/S,Elphinstone Bridge (Lower Parel),19.0172,72.8337,Wadala Nalla,5.0,"transport, mixed_use",430000,6.6,18,Sandy,90.0,615.6,1.8,0.15,1,12.0,High,0.88965917
2025-09-26,Ward G/S,Elphinstone Bridge (Lower Parel),19.0172,72.8337,Wadala Nalla,5.0,"transport, mixed_use",430000,6.6,18,Sandy,90.0,615.6,3.6,0.2,1,18.0,High,0.8857173
2025-09-13,Ward F/N,Five Gardens Underpass,19.0163,72.8494,Wadala Nalla,14.0,"transport, residential, mixed_use",530000,28.54,19,Sandy,90.0,409.86,12.4,2.1,1,18.0,High,0.99556607
2025-09-14,Ward F/N,Five Gardens Underpass,19.0163,72.8494,Wadala Nalla,14.0,"transport, residential, mixed_use",530000,28.54,19,Sandy,90.0,409.86,16.3,3.6,1,24.0,High,0.99556607
2025-09-15,Ward F/N,Five Gardens Underpass,19.0163,72.8494,Wadala Nalla,14.0,"transport, residential, mixed_use",530000,28.54,19,Sandy,90.0,409.86,72.3,13.2,1,18.0,High,0.9995277
2025-09-16,Ward F/N,Five Gardens Underpass,19.0163,72.8494,Wadala Nalla,14.0,"transport, residential, mixed_use",530000,28.54,19,Sandy,90.0,409.86,7.8,0.9,1,22.0,High,0.9959637
2025-09-17,Ward F/N,Five Gardens Underpass,19.0163,72.8494,Wadala Nalla,14.0,"transport, residential, mixed_use",530000,28.54,19,Sandy,90.0,409.86,15.2,4.5,1,22.0,High,0.99556607
2025-09-18,Ward F/N,Five Gardens Underpass,19.0163,72.8494,Wadala Nalla,14.0,"transport, residential, mixed_use",530000,28.54,19,Sandy,90.0,409.86,9.9,1.3,1,21.0,High,0.9963018
2025-09-19,Ward F/N,Five Gardens Underpass,19.0163,72.8494,Wadala Nalla,14.0,"transport, residential, mixed_use",530000,28.54,19,Sandy,90.0,409.86,0.0,3.3,0,6.0,High,0.9721228
2025-09-20,Ward F/N,Five Gardens Underpass,19.0163,72.8494,Wadala Nalla,14.0,"transport, residential, mixed_use",530000,28.54,19,Sandy,90.0,409.86,22.4,0.9333333333333332,1,24.0,High,0.9494734
2025-09-21,Ward F/N,Five Gardens Underpass,19.0163,72.8494,Wadala Nalla,14.0,"transport, residential, mixed_use",530000,28.54,19,Sandy,90.0,409.86,23.7,0.9875,1,24.0,High,0.9494734
2025-09-22,Ward F/N,Five Gardens Underpass,19.0163,72.8494,Wadala Nalla,14.0,"transport, residential, mixed_use",530000,28.54,19,Sandy,90.0,409.86,43.5,1.8125,1,24.0,High,0.9973348
2025-09-23,Ward F/N,Five Gardens Underpass,19.0163,72.8494,Wadala Nalla,14.0,"transport, residential, mixed_use",530000,28.54,19,Sandy,90.0,409.86,29.8,1.3545454545454545,1,22.0,High,0.961076
2025-09-24,Ward F/N,Five Gardens Underpass,19.0163,72.8494,Wadala Nalla,14.0,"transport, residential, mixed_use",530000,28.54,19,Sandy,90.0,409.86,3.3,0.1571428571428571,1,21.0,High,0.8667597
2025-09-25,Ward F/N,Five Gardens Underpass,19.0163,72.8494,Wadala Nalla,14.0,"transport, residential, mixed_use",530000,28.54,19,Sandy,90.0,409.86,1.8,0.15,1,12.0,High,0.87047875
2025-09-26,Ward F/N,Five Gardens Underpass,19.0163,72.8494,Wadala Nalla,14.0,"transport, residential, mixed_use",530000,28.54,19,Sandy,90.0,409.86,3.6,0.2,1,18.0,High,0.8667597
2025-09-13,Ward A,Fort,18.9332665,72.8345146,Arabian Sea,6.856552633,park,185000,3.410650534,4735,Sand,52.29782755,5938.0,11.8,3.3,1,14.0,High,0.99595803
2025-09-14,Ward A,Fort,18.9332665,72.8345146,Arabian Sea,6.856552633,park,185000,3.410650534,4735,Sand,52.29782755,5938.0,15.1,2.9,1,19.0,High,0.9958983
2025-09-15,Ward A,Fort,18.9332665,72.8345146,Arabian Sea,6.856552633,park,185000,3.410650534,4735,Sand,52.29782755,5938.0,82.8,12.7,1,19.0,High,0.99843985
2025-09-16,Ward A,Fort,18.9332665,72.8345146,Arabian Sea,6.856552633,park,185000,3.410650534,4735,Sand,52.29782755,5938.0,10.6,1.3,1,20.0,High,0.9965138
2025-09-17,Ward A,Fort,18.9332665,72.8345146,Arabian Sea,6.856552633,park,185000,3.410650534,4735,Sand,52.29782755,5938.0,10.4,1.6,1,21.0,High,0.9965138
2025-09-18,Ward A,Fort,18.9332665,72.8345146,Arabian Sea,6.856552633,park,185000,3.410650534,4735,Sand,52.29782755,5938.0,18.7,3.3,1,21.0,High,0.9940106
2025-09-19,Ward A,Fort,18.9332665,72.8345146,Arabian Sea,6.856552633,park,185000,3.410650534,4735,Sand,52.29782755,5938.0,0.0,3.3,0,6.0,High,0.9916045
2025-09-20,Ward A,Fort,18.9332665,72.8345146,Arabian Sea,6.856552633,park,185000,3.410650534,4735,Sand,52.29782755,5938.0,20.0,0.8333333333333334,1,24.0,High,0.994303
2025-09-21,Ward A,Fort,18.9332665,72.8345146,Arabian Sea,6.856552633,park,185000,3.410650534,4735,Sand,52.29782755,5938.0,22.4,0.9333333333333332,1,24.0,High,0.994303
2025-09-22,Ward A,Fort,18.9332665,72.8345146,Arabian Sea,6.856552633,park,185000,3.410650534,4735,Sand,52.29782755,5938.0,33.1,1.5761904761904764,1,21.0,High,0.99537826
2025-09-23,Ward A,Fort,18.9332665,72.8345146,Arabian Sea,6.856552633,park,185000,3.410650534,4735,Sand,52.29782755,5938.0,18.1,0.8227272727272728,1,22.0,High,0.994303
2025-09-24,Ward A,Fort,18.9332665,72.8345146,Arabian Sea,6.856552633,park,185000,3.410650534,4735,Sand,52.29782755,5938.0,2.7,0.18,1,15.0,High,0.82354105
2025-09-25,Ward A,Fort,18.9332665,72.8345146,Arabian Sea,6.856552633,park,185000,3.410650534,4735,Sand,52.29782755,5938.0,2.4,0.1999999999999999,1,12.0,High,0.82495546
2025-09-26,Ward A,Fort,18.9332665,72.8345146,Arabian Sea,6.856552633,park,185000,3.410650534,4735,Sand,52.29782755,5938.0,3.9,0.2166666666666666,1,18.0,High,0.82203895
2025-09-13,Ward F/N,Gandhi Market Junction,19.0337,72.8512,Wadala Nalla,9.0,"commercial, residential",530000,14.81,8,Urban,90.0,1092.59,12.4,2.1,1,18.0,High,0.9987931
2025-09-14,Ward F/N,Gandhi Market Junction,19.0337,72.8512,Wadala Nalla,9.0,"commercial, residential",530000,14.81,8,Urban,90.0,1092.59,16.3,3.6,1,24.0,High,0.9987931
2025-09-15,Ward F/N,Gandhi Market Junction,19.0337,72.8512,Wadala Nalla,9.0,"commercial, residential",530000,14.81,8,Urban,90.0,1092.59,72.3,13.2,1,18.0,High,0.9997311
2025-09-16,Ward F/N,Gandhi Market Junction,19.0337,72.8512,Wadala Nalla,9.0,"commercial, residential",530000,14.81,8,Urban,90.0,1092.59,7.8,0.9,1,22.0,High,0.9985923
2025-09-17,Ward F/N,Gandhi Market Junction,19.0337,72.8512,Wadala Nalla,9.0,"commercial, residential",530000,14.81,8,Urban,90.0,1092.59,15.2,4.5,1,22.0,High,0.9987931
2025-09-18,Ward F/N,Gandhi Market Junction,19.0337,72.8512,Wadala Nalla,9.0,"commercial, residential",530000,14.81,8,Urban,90.0,1092.59,9.9,1.3,1,21.0,High,0.99899393
2025-09-19,Ward F/N,Gandhi Market Junction,19.0337,72.8512,Wadala Nalla,9.0,"commercial, residential",530000,14.81,8,Urban,90.0,1092.59,0.0,3.3,0,6.0,High,0.9952874
2025-09-20,Ward F/N,Gandhi Market Junction,19.0337,72.8512,Wadala Nalla,9.0,"commercial, residential",530000,14.81,8,Urban,90.0,1092.59,22.4,0.9333333333333332,1,24.0,High,0.9957832
2025-09-21,Ward F/N,Gandhi Market Junction,19.0337,72.8512,Wadala Nalla,9.0,"commercial, residential",530000,14.81,8,Urban,90.0,1092.59,23.7,0.9875,1,24.0,High,0.9957832
2025-09-22,Ward F/N,Gandhi Market Junction,19.0337,72.8512,Wadala Nalla,9.0,"commercial, residential",530000,14.81,8,Urban,90.0,1092.59,43.5,1.8125,1,24.0,High,0.9994072
2025-09-23,Ward F/N,Gandhi Market Junction,19.0337,72.8512,Wadala Nalla,9.0,"commercial, residential",530000,14.81,8,Urban,90.0,1092.59,29.8,1.3545454545454545,1,22.0,High,0.9968771
2025-09-24,Ward F/N,Gandhi Market Junction,19.0337,72.8512,Wadala Nalla,9.0,"commercial, residential",530000,14.81,8,Urban,90.0,1092.59,3.3,0.1571428571428571,1,21.0,High,0.8813013
2025-09-25,Ward F/N,Gandhi Market Junction,19.0337,72.8512,Wadala Nalla,9.0,"commercial, residential",530000,14.81,8,Urban,90.0,1092.59,1.8,0.15,1,12.0,High,0.8859079
2025-09-26,Ward F/N,Gandhi Market Junction,19.0337,72.8512,Wadala Nalla,9.0,"commercial, residential",530000,14.81,8,Urban,90.0,1092.59,3.6,0.2,1,18.0,High,0.8813013
2025-09-13,Ward S,Ganesh Nagar Slum Slope,19.1145,72.9306,Tulsi Lake,6.0,"slum, residential, mixed_use",780000,21.51,3,Clayey,90.0,199.16,10.7,2.8,1,17.0,High,0.9982236
2025-09-14,Ward S,Ganesh Nagar Slum Slope,19.1145,72.9306,Tulsi Lake,6.0,"slum, residential, mixed_use",780000,21.51,3,Clayey,90.0,199.16,14.2,2.8,1,22.0,High,0.9982236
2025-09-15,Ward S,Ganesh Nagar Slum Slope,19.1145,72.9306,Tulsi Lake,6.0,"slum, residential, mixed_use",780000,21.51,3,Clayey,90.0,199.16,56.1,8.9,1,18.0,High,0.99968004
2025-09-16,Ward S,Ganesh Nagar Slum Slope,19.1145,72.9306,Tulsi Lake,6.0,"slum, residential, mixed_use",780000,21.51,3,Clayey,90.0,199.16,14.5,7.3,1,22.0,High,0.9982236
2025-09-17,Ward S,Ganesh Nagar Slum Slope,19.1145,72.9306,Tulsi Lake,6.0,"slum, residential, mixed_use",780000,21.51,3,Clayey,90.0,199.16,22.3,13.7,1,22.0,High,0.9940625
2025-09-18,Ward S,Ganesh Nagar Slum Slope,19.1145,72.9306,Tulsi Lake,6.0,"slum, residential, mixed_use",780000,21.51,3,Clayey,90.0,199.16,16.0,3.9,1,21.0,High,0.9982236
2025-09-19,Ward S,Ganesh Nagar Slum Slope,19.1145,72.9306,Tulsi Lake,6.0,"slum, residential, mixed_use",780000,21.51,3,Clayey,90.0,199.16,0.0,0.1,0,4.0,High,0.7910597
2025-09-20,Ward S,Ganesh Nagar Slum Slope,19.1145,72.9306,Tulsi Lake,6.0,"slum, residential, mixed_use",780000,21.51,3,Clayey,90.0,199.16,22.4,0.9333333333333332,1,24.0,High,0.99311215
2025-09-21,Ward S,Ganesh Nagar Slum Slope,19.1145,72.9306,Tulsi Lake,6.0,"slum, residential, mixed_use",780000,21.51,3,Clayey,90.0,199.16,23.7,0.9875,1,24.0,High,0.99311215
2025-09-22,Ward S,Ganesh Nagar Slum Slope,19.1145,72.9306,Tulsi Lake,6.0,"slum, residential, mixed_use",780000,21.51,3,Clayey,90.0,199.16,43.5,1.8125,1,24.0,High,0.9990839
2025-09-23,Ward S,Ganesh Nagar Slum Slope,19.1145,72.9306,Tulsi Lake,6.0,"slum, residential, mixed_use",780000,21.51,3,Clayey,90.0,199.16,29.8,1.3545454545454545,1,22.0,High,0.99457246
2025-09-24,Ward S,Ganesh Nagar Slum Slope,19.1145,72.9306,Tulsi Lake,6.0,"slum, residential, mixed_use",780000,21.51,3,Clayey,90.0,199.16,3.3,0.1571428571428571,1,21.0,High,0.8532861
2025-09-25,Ward S,Ganesh Nagar Slum Slope,19.1145,72.9306,Tulsi Lake,6.0,"slum, residential, mixed_use",780000,21.51,3,Clayey,90.0,199.16,1.8,0.15,1,12.0,High,0.85709804
2025-09-26,Ward S,Ganesh Nagar Slum Slope,19.1145,72.9306,Tulsi Lake,6.0,"slum, residential, mixed_use",780000,21.51,3,Clayey,90.0,199.16,3.6,0.2,1,18.0,High,0.8532861
2025-09-13,Ward P/S,Goregaon,19.1648688,72.8495492,Oshiwara River,5.14667057,park,820000,4.004638396,2473,Clay,77.42709548,5292.0,10.6,2.2,1,16.0,High,0.99742365
2025-09-14,Ward P/S,Goregaon,19.1648688,72.8495492,Oshiwara River,5.14667057,park,820000,4.004638396,2473,Clay,77.42709548,5292.0,12.1,2.6,1,21.0,High,0.99742365
2025-09-15,Ward P/S,Goregaon,19.1648688,72.8495492,Oshiwara River,5.14667057,park,820000,4.004638396,2473,Clay,77.42709548,5292.0,29.1,5.0,1,17.0,High,0.99004984
2025-09-16,Ward P/S,Goregaon,19.1648688,72.8495492,Oshiwara River,5.14667057,park,820000,4.004638396,2473,Clay,77.42709548,5292.0,6.6,2.4,1,20.0,High,0.9970619
2025-09-17,Ward P/S,Goregaon,19.1648688,72.8495492,Oshiwara River,5.14667057,park,820000,4.004638396,2473,Clay,77.42709548,5292.0,27.8,19.8,1,23.0,High,0.99004984
2025-09-18,Ward P/S,Goregaon,19.1648688,72.8495492,Oshiwara River,5.14667057,park,820000,4.004638396,2473,Clay,77.42709548,5292.0,14.8,3.1,1,22.0,High,0.99738556
2025-09-19,Ward P/S,Goregaon,19.1648688,72.8495492,Oshiwara River,5.14667057,park,820000,4.004638396,2473,Clay,77.42709548,5292.0,0.0,0.1,0,2.0,High,0.8908751
2025-09-20,Ward P/S,Goregaon,19.1648688,72.8495492,Oshiwara River,5.14667057,park,820000,4.004638396,2473,Clay,77.42709548,5292.0,22.4,0.9333333333333332,1,24.0,High,0.99253136
2025-09-21,Ward P/S,Goregaon,19.1648688,72.8495492,Oshiwara River,5.14667057,park,820000,4.004638396,2473,Clay,77.42709548,5292.0,23.7,0.9875,1,24.0,High,0.99253136
2025-09-22,Ward P/S,Goregaon,19.1648688,72.8495492,Oshiwara River,5.14667057,park,820000,4.004638396,2473,Clay,77.42709548,5292.0,43.5,1.8125,1,24.0,High,0.9892208
2025-09-23,Ward P/S,Goregaon,19.1648688,72.8495492,Oshiwara River,5.14667057,park,820000,4.004638396,2473,Clay,77.42709548,5292.0,29.8,1.3545454545454545,1,22.0,High,0.99107635
2025-09-24,Ward P/S,Goregaon,19.1648688,72.8495492,Oshiwara River,5.14667057,park,820000,4.004638396,2473,Clay,77.42709548,5292.0,3.3,0.1571428571428571,1,21.0,High,0.892734
2025-09-25,Ward P/S,Goregaon,19.1648688,72.8495492,Oshiwara River,5.14667057,park,820000,4.004638396,2473,Clay,77.42709548,5292.0,1.8,0.15,1,12.0,High,0.89597183
2025-09-26,Ward P/S,Goregaon,19.1648688,72.8495492,Oshiwara River,5.14667057,park,820000,4.004638396,2473,Clay,77.42709548,5292.0,3.6,0.2,1,18.0,High,0.892734
2025-09-13,Ward P/S,Goregaon Station Subway,19.1555,72.8441,Dahisar River,9.0,"residential, slum, mixed_use",670000,27.1,8,Urban,90.0,1520.09,10.6,2.2,1,16.0,High,0.99838257
2025-09-14,Ward P/S,Goregaon Station Subway,19.1555,72.8441,Dahisar River,9.0,"residential, slum, mixed_use",670000,27.1,8,Urban,90.0,1520.09,12.1,2.6,1,21.0,High,0.99838257
2025-09-15,Ward P/S,Goregaon Station Subway,19.1555,72.8441,Dahisar River,9.0,"residential, slum, mixed_use",670000,27.1,8,Urban,90.0,1520.09,29.1,5.0,1,17.0,High,0.99360365
2025-09-16,Ward P/S,Goregaon Station Subway,19.1555,72.8441,Dahisar River,9.0,"residential, slum, mixed_use",670000,27.1,8,Urban,90.0,1520.09,6.6,2.4,1,20.0,High,0.9979127
2025-09-17,Ward P/S,Goregaon Station Subway,19.1555,72.8441,Dahisar River,9.0,"residential, slum, mixed_use",670000,27.1,8,Urban,90.0,1520.09,27.8,19.8,1,23.0,High,0.99360365
2025-09-18,Ward P/S,Goregaon Station Subway,19.1555,72.8441,Dahisar River,9.0,"residential, slum, mixed_use",670000,27.1,8,Urban,90.0,1520.09,14.8,3.1,1,22.0,High,0.99838257
2025-09-19,Ward P/S,Goregaon Station Subway,19.1555,72.8441,Dahisar River,9.0,"residential, slum, mixed_use",670000,27.1,8,Urban,90.0,1520.09,0.0,0.1,0,2.0,High,0.8428633
2025-09-20,Ward P/S,Goregaon Station Subway,19.1555,72.8441,Dahisar River,9.0,"residential, slum, mixed_use",670000,27.1,8,Urban,90.0,1520.09,22.4,0.9333333333333332,1,24.0,High,0.9927383
2025-09-21,Ward P/S,Goregaon Station Subway,19.1555,72.8441,Dahisar River,9.0,"residential, slum, mixed_use",670000,27.1,8,Urban,90.0,1520.09,23.7,0.9875,1,24.0,High,0.9927383
2025-09-22,Ward P/S,Goregaon Station Subway,19.1555,72.8441,Dahisar River,9.0,"residential, slum, mixed_use",670000,27.1,8,Urban,90.0,1520.09,43.5,1.8125,1,24.0,High,0.99924624
2025-09-23,Ward P/S,Goregaon Station Subway,19.1555,72.8441,Dahisar River,9.0,"residential, slum, mixed_use",670000,27.1,8,Urban,90.0,1520.09,29.8,1.3545454545454545,1,22.0,High,0.99426574
2025-09-24,Ward P/S,Goregaon Station Subway,19.1555,72.8441,Dahisar River,9.0,"residential, slum, mixed_use",670000,27.1,8,Urban,90.0,1520.09,3.3,0.1571428571428571,1,21.0,High,0.8786924
2025-09-25,Ward P/S,Goregaon Station Subway,19.1555,72.8441,Dahisar River,9.0,"residential, slum, mixed_use",670000,27.1,8,Urban,90.0,1520.09,1.8,0.15,1,12.0,High,0.88236046
2025-09-26,Ward P/S,Goregaon Station Subway,19.1555,72.8441,Dahisar River,9.0,"residential, slum, mixed_use",670000,27.1,8,Urban,90.0,1520.09,3.6,0.2,1,18.0,High,0.8786924
2025-09-13,Ward F/N,Hindmata Junction,19.0199,72.8439,Wadala Nalla,8.0,"transport, commercial, mixed_use",470000,22.5,5,Urban,90.0,482.19,12.4,2.1,1,18.0,High,0.99849427
2025-09-14,Ward F/N,Hindmata Junction,19.0199,72.8439,Wadala Nalla,8.0,"transport, commercial, mixed_use",470000,22.5,5,Urban,90.0,482.19,16.3,3.6,1,24.0,High,0.99849427
2025-09-15,Ward F/N,Hindmata Junction,19.0199,72.8439,Wadala Nalla,8.0,"transport, commercial, mixed_use",470000,22.5,5,Urban,90.0,482.19,72.3,13.2,1,18.0,High,0.9996861
2025-09-16,Ward F/N,Hindmata Junction,19.0199,72.8439,Wadala Nalla,8.0,"transport, commercial, mixed_use",470000,22.5,5,Urban,90.0,482.19,7.8,0.9,1,22.0,High,0.9982268
2025-09-17,Ward F/N,Hindmata Junction,19.0199,72.8439,Wadala Nalla,8.0,"transport, commercial, mixed_use",470000,22.5,5,Urban,90.0,482.19,15.2,4.5,1,22.0,High,0.99849427
2025-09-18,Ward F/N,Hindmata Junction,19.0199,72.8439,Wadala Nalla,8.0,"transport, commercial, mixed_use",470000,22.5,5,Urban,90.0,482.19,9.9,1.3,1,21.0,High,0.9987447
2025-09-19,Ward F/N,Hindmata Junction,19.0199,72.8439,Wadala Nalla,8.0,"transport, commercial, mixed_use",470000,22.5,5,Urban,90.0,482.19,0.0,3.3,0,6.0,High,0.99343276
2025-09-20,Ward F/N,Hindmata Junction,19.0199,72.8439,Wadala Nalla,8.0,"transport, commercial, mixed_use",470000,22.5,5,Urban,90.0,482.19,22.4,0.9333333333333332,1,24.0,High,0.9944443
2025-09-21,Ward F/N,Hindmata Junction,19.0199,72.8439,Wadala Nalla,8.0,"transport, commercial, mixed_use",470000,22.5,5,Urban,90.0,482.19,23.7,0.9875,1,24.0,High,0.9944443
2025-09-22,Ward F/N,Hindmata Junction,19.0199,72.8439,Wadala Nalla,8.0,"transport, commercial, mixed_use",470000,22.5,5,Urban,90.0,482.19,43.5,1.8125,1,24.0,High,0.9992567
2025-09-23,Ward F/N,Hindmata Junction,19.0199,72.8439,Wadala Nalla,8.0,"transport, commercial, mixed_use",470000,22.5,5,Urban,90.0,482.19,29.8,1.3545454545454545,1,22.0,High,0.9959157
2025-09-24,Ward F/N,Hindmata Junction,19.0199,72.8439,Wadala Nalla,8.0,"transport, commercial, mixed_use",470000,22.5,5,Urban,90.0,482.19,3.3,0.1571428571428571,1,21.0,High,0.86783147
2025-09-25,Ward F/N,Hindmata Junction,19.0199,72.8439,Wadala Nalla,8.0,"transport, commercial, mixed_use",470000,22.5,5,Urban,90.0,482.19,1.8,0.15,1,12.0,High,0.8723398
2025-09-26,Ward F/N,Hindmata Junction,19.0199,72.8439,Wadala Nalla,8.0,"transport, commercial, mixed_use",470000,22.5,5,Urban,90.0,482.19,3.6,0.2,1,18.0,High,0.86783147
2025-09-13,Ward R/C,IC Colony Subway,19.2365,72.8322,Poinsur River,16.0,"hospital/institutional, mixed_use",940000,Error: Found no graph nodes within the requested polygon.,10,Urban,90.0,1767.36,8.5,2.4,1,14.0,High,0.99071103
2025-09-14,Ward R/C,IC Colony Subway,19.2365,72.8322,Poinsur River,16.0,"hospital/institutional, mixed_use",940000,Error: Found no graph nodes within the requested polygon.,10,Urban,90.0,1767.36,8.0,1.3,1,22.0,High,0.9922462
2025-09-15,Ward R/C,IC Colony Subway,19.2365,72.8322,Poinsur River,16.0,"hospital/institutional, mixed_use",940000,Error: Found no graph nodes within the requested polygon.,10,Urban,90.0,1767.36,17.3,4.3,1,20.0,Moderate,0.6155277
2025-09-16,Ward R/C,IC Colony Subway,19.2365,72.8322,Poinsur River,16.0,"hospital/institutional, mixed_use",940000,Error: Found no graph nodes within the requested polygon.,10,Urban,90.0,1767.36,10.0,2.4,1,22.0,High,0.99071103
2025-09-17,Ward R/C,IC Colony Subway,19.2365,72.8322,Poinsur River,16.0,"hospital/institutional, mixed_use",940000,Error: Found no graph nodes within the requested polygon.,10,Urban,90.0,1767.36,17.9,12.7,1,18.0,Moderate,0.6155277
2025-09-18,Ward R/C,IC Colony Subway,19.2365,72.8322,Poinsur River,16.0,"hospital/institutional, mixed_use",940000,Error: Found no graph nodes within the requested polygon.,10,Urban,90.0,1767.36,15.8,4.6,1,21.0,High,0.99017566
2025-09-19,Ward R/C,IC Colony Subway,19.2365,72.8322,Poinsur River,16.0,"hospital/institutional, mixed_use",940000,Error: Found no graph nodes within the requested polygon.,10,Urban,90.0,1767.36,0.0,0.3,0,5.0,High,0.97569907
2025-09-20,Ward R/C,IC Colony Subway,19.2365,72.8322,Poinsur River,16.0,"hospital/institutional, mixed_use",940000,Error: Found no graph nodes within the requested polygon.,10,Urban,90.0,1767.36,22.1,0.9208333333333334,1,24.0,Moderate,0.65479624
2025-09-21,Ward R/C,IC Colony Subway,19.2365,72.8322,Poinsur River,16.0,"hospital/institutional, mixed_use",940000,Error: Found no graph nodes within the requested polygon.,10,Urban,90.0,1767.36,24.3,1.0125,1,24.0,Moderate,0.8034321
2025-09-22,Ward R/C,IC Colony Subway,19.2365,72.8322,Poinsur River,16.0,"hospital/institutional, mixed_use",940000,Error: Found no graph nodes within the requested polygon.,10,Urban,90.0,1767.36,52.2,2.1750000000000003,1,24.0,High,0.9986265
2025-09-23,Ward R/C,IC Colony Subway,19.2365,72.8322,Poinsur River,16.0,"hospital/institutional, mixed_use",940000,Error: Found no graph nodes within the requested polygon.,10,Urban,90.0,1767.36,31.9,1.3291666666666666,1,24.0,Moderate,0.6160013
2025-09-24,Ward R/C,IC Colony Subway,19.2365,72.8322,Poinsur River,16.0,"hospital/institutional, mixed_use",940000,Error: Found no graph nodes within the requested polygon.,10,Urban,90.0,1767.36,1.5,0.1,1,15.0,High,0.8370844
2025-09-25,Ward R/C,IC Colony Subway,19.2365,72.8322,Poinsur River,16.0,"hospital/institutional, mixed_use",940000,Error: Found no graph nodes within the requested polygon.,10,Urban,90.0,1767.36,1.8,0.2,1,9.0,High,0.83537877
2025-09-26,Ward R/C,IC Colony Subway,19.2365,72.8322,Poinsur River,16.0,"hospital/institutional, mixed_use",940000,Error: Found no graph nodes within the requested polygon.,10,Urban,90.0,1767.36,3.0,0.2,1,15.0,High,0.82934326
2025-09-13,Ward K/E,JB Nagar (Metro area),19.1089,72.8664,Mithi River,18.0,"transport, mixed_use",880000,21.08,8,Urban,90.0,398.75,12.7,3.5,1,17.0,High,0.98962456
2025-09-14,Ward K/E,JB Nagar (Metro area),19.1089,72.8664,Mithi River,18.0,"transport, mixed_use",880000,21.08,8,Urban,90.0,398.75,12.2,2.8,1,22.0,High,0.98962456
2025-09-15,Ward K/E,JB Nagar (Metro area),19.1089,72.8664,Mithi River,18.0,"transport, mixed_use",880000,21.08,8,Urban,90.0,398.75,65.5,10.6,1,18.0,High,0.9994486
2025-09-16,Ward K/E,JB Nagar (Metro area),19.1089,72.8664,Mithi River,18.0,"transport, mixed_use",880000,21.08,8,Urban,90.0,398.75,5.2,0.9,1,23.0,High,0.9901597
2025-09-17,Ward K/E,JB Nagar (Metro area),19.1089,72.8664,Mithi River,18.0,"transport, mixed_use",880000,21.08,8,Urban,90.0,398.75,25.7,14.8,1,21.0,Moderate,0.51415193
2025-09-18,Ward K/E,JB Nagar (Metro area),19.1089,72.8664,Mithi River,18.0,"transport, mixed_use",880000,21.08,8,Urban,90.0,398.75,10.4,1.9,1,21.0,High,0.9910432
2025-09-19,Ward K/E,JB Nagar (Metro area),19.1089,72.8664,Mithi River,18.0,"transport, mixed_use",880000,21.08,8,Urban,90.0,398.75,0.0,0.7,0,3.0,High,0.96154785
2025-09-20,Ward K/E,JB Nagar (Metro area),19.1089,72.8664,Mithi River,18.0,"transport, mixed_use",880000,21.08,8,Urban,90.0,398.75,22.4,0.9333333333333332,1,24.0,Moderate,0.5821493
2025-09-21,Ward K/E,JB Nagar (Metro area),19.1089,72.8664,Mithi River,18.0,"transport, mixed_use",880000,21.08,8,Urban,90.0,398.75,23.7,0.9875,1,24.0,Moderate,0.5821493
2025-09-22,Ward K/E,JB Nagar (Metro area),19.1089,72.8664,Mithi River,18.0,"transport, mixed_use",880000,21.08,8,Urban,90.0,398.75,43.5,1.8125,1,24.0,High,0.9911664
2025-09-23,Ward K/E,JB Nagar (Metro area),19.1089,72.8664,Mithi River,18.0,"transport, mixed_use",880000,21.08,8,Urban,90.0,398.75,29.8,1.3545454545454545,1,22.0,High,0.5097696
2025-09-24,Ward K/E,JB Nagar (Metro area),19.1089,72.8664,Mithi River,18.0,"transport, mixed_use",880000,21.08,8,Urban,90.0,398.75,3.3,0.1571428571428571,1,21.0,High,0.8194434
2025-09-25,Ward K/E,JB Nagar (Metro area),19.1089,72.8664,Mithi River,18.0,"transport, mixed_use",880000,21.08,8,Urban,90.0,398.75,1.8,0.15,1,12.0,High,0.82590765
2025-09-26,Ward K/E,JB Nagar (Metro area),19.1089,72.8664,Mithi River,18.0,"transport, mixed_use",880000,21.08,8,Urban,90.0,398.75,3.6,0.2,1,18.0,High,0.8194434
2025-09-13,Ward F/S,Jerbai Wadia Road,19.0049,72.8397,Wadala Nalla,9.0,"hospital/institutional, residential, mixed_use",520000,24.33,6,Urban,90.0,366.85,12.4,2.1,1,18.0,High,0.9987495
2025-09-14,Ward F/S,Jerbai Wadia Road,19.0049,72.8397,Wadala Nalla,9.0,"hospital/institutional, residential, mixed_use",520000,24.33,6,Urban,90.0,366.85,16.3,3.6,1,24.0,High,0.9987495
2025-09-15,Ward F/S,Jerbai Wadia Road,19.0049,72.8397,Wadala Nalla,9.0,"hospital/institutional, residential, mixed_use",520000,24.33,6,Urban,90.0,366.85,72.3,13.2,1,18.0,High,0.99972564
2025-09-16,Ward F/S,Jerbai Wadia Road,19.0049,72.8397,Wadala Nalla,9.0,"hospital/institutional, residential, mixed_use",520000,24.33,6,Urban,90.0,366.85,7.8,0.9,1,22.0,High,0.99854076
2025-09-17,Ward F/S,Jerbai Wadia Road,19.0049,72.8397,Wadala Nalla,9.0,"hospital/institutional, residential, mixed_use",520000,24.33,6,Urban,90.0,366.85,15.2,4.5,1,22.0,High,0.9987495
2025-09-18,Ward F/S,Jerbai Wadia Road,19.0049,72.8397,Wadala Nalla,9.0,"hospital/institutional, residential, mixed_use",520000,24.33,6,Urban,90.0,366.85,9.9,1.3,1,21.0,High,0.9989575
2025-09-19,Ward F/S,Jerbai Wadia Road,19.0049,72.8397,Wadala Nalla,9.0,"hospital/institutional, residential, mixed_use",520000,24.33,6,Urban,90.0,366.85,0.0,3.3,0,6.0,High,0.994163
2025-09-20,Ward F/S,Jerbai Wadia Road,19.0049,72.8397,Wadala Nalla,9.0,"hospital/institutional, residential, mixed_use",520000,24.33,6,Urban,90.0,366.85,22.4,0.9333333333333332,1,24.0,High,0.99594057
2025-09-21,Ward F/S,Jerbai Wadia Road,19.0049,72.8397,Wadala Nalla,9.0,"hospital/institutional, residential, mixed_use",520000,24.33,6,Urban,90.0,366.85,23.7,0.9875,1,24.0,High,0.99594057
2025-09-22,Ward F/S,Jerbai Wadia Road,19.0049,72.8397,Wadala Nalla,9.0,"hospital/institutional, residential, mixed_use",520000,24.33,6,Urban,90.0,366.85,43.5,1.8125,1,24.0,High,0.9993773
2025-09-23,Ward F/S,Jerbai Wadia Road,19.0049,72.8397,Wadala Nalla,9.0,"hospital/institutional, residential, mixed_use",520000,24.33,6,Urban,90.0,366.85,29.8,1.3545454545454545,1,22.0,High,0.9969971
2025-09-24,Ward F/S,Jerbai Wadia Road,19.0049,72.8397,Wadala Nalla,9.0,"hospital/institutional, residential, mixed_use",520000,24.33,6,Urban,90.0,366.85,3.3,0.1571428571428571,1,21.0,High,0.8779011
2025-09-25,Ward F/S,Jerbai Wadia Road,19.0049,72.8397,Wadala Nalla,9.0,"hospital/institutional, residential, mixed_use",520000,24.33,6,Urban,90.0,366.85,1.8,0.15,1,12.0,High,0.8819006
2025-09-26,Ward F/S,Jerbai Wadia Road,19.0049,72.8397,Wadala Nalla,9.0,"hospital/institutional, residential, mixed_use",520000,24.33,6,Urban,90.0,366.85,3.6,0.2,1,18.0,High,0.8779011
2025-09-13,Ward H/E,Kalina CST Road,19.0802,72.8655,Kurla Nalla,9.0,"transport, residential, mixed_use",600000,17.08,8,Urban,90.0,476.86,12.7,3.5,1,17.0,High,0.99797374
2025-09-14,Ward H/E,Kalina CST Road,19.0802,72.8655,Kurla Nalla,9.0,"transport, residential, mixed_use",600000,17.08,8,Urban,90.0,476.86,12.2,2.8,1,22.0,High,0.99797374
2025-09-15,Ward H/E,Kalina CST Road,19.0802,72.8655,Kurla Nalla,9.0,"transport, residential, mixed_use",600000,17.08,8,Urban,90.0,476.86,65.5,10.6,1,18.0,High,0.9996966
2025-09-16,Ward H/E,Kalina CST Road,19.0802,72.8655,Kurla Nalla,9.0,"transport, residential, mixed_use",600000,17.08,8,Urban,90.0,476.86,5.2,0.9,1,23.0,High,0.9975043
2025-09-17,Ward H/E,Kalina CST Road,19.0802,72.8655,Kurla Nalla,9.0,"transport, residential, mixed_use",600000,17.08,8,Urban,90.0,476.86,25.7,14.8,1,21.0,High,0.99510634
2025-09-18,Ward H/E,Kalina CST Road,19.0802,72.8655,Kurla Nalla,9.0,"transport, residential, mixed_use",600000,17.08,8,Urban,90.0,476.86,10.4,1.9,1,21.0,High,0.9982528
2025-09-19,Ward H/E,Kalina CST Road,19.0802,72.8655,Kurla Nalla,9.0,"transport, residential, mixed_use",600000,17.08,8,Urban,90.0,476.86,0.0,0.7,0,3.0,High,0.99311215
2025-09-20,Ward H/E,Kalina CST Road,19.0802,72.8655,Kurla Nalla,9.0,"transport, residential, mixed_use",600000,17.08,8,Urban,90.0,476.86,22.4,0.9333333333333332,1,24.0,High,0.9940519
2025-09-21,Ward H/E,Kalina CST Road,19.0802,72.8655,Kurla Nalla,9.0,"transport, residential, mixed_use",600000,17.08,8,Urban,90.0,476.86,23.7,0.9875,1,24.0,High,0.9940519
2025-09-22,Ward H/E,Kalina CST Road,19.0802,72.8655,Kurla Nalla,9.0,"transport, residential, mixed_use",600000,17.08,8,Urban,90.0,476.86,43.5,1.8125,1,24.0,High,0.99926287
2025-09-23,Ward H/E,Kalina CST Road,19.0802,72.8655,Kurla Nalla,9.0,"transport, residential, mixed_use",600000,17.08,8,Urban,90.0,476.86,29.8,1.3545454545454545,1,22.0,High,0.99561346
2025-09-24,Ward H/E,Kalina CST Road,19.0802,72.8655,Kurla Nalla,9.0,"transport, residential, mixed_use",600000,17.08,8,Urban,90.0,476.86,3.3,0.1571428571428571,1,21.0,High,0.89617234
2025-09-25,Ward H/E,Kalina CST Road,19.0802,72.8655,Kurla Nalla,9.0,"transport, residential, mixed_use",600000,17.08,8,Urban,90.0,476.86,1.8,0.15,1,12.0,High,0.9002178
2025-09-26,Ward H/E,Kalina CST Road,19.0802,72.8655,Kurla Nalla,9.0,"transport, residential, mixed_use",600000,17.08,8,Urban,90.0,476.86,3.6,0.2,1,18.0,High,0.89617234
2025-09-13,Ward H/E,Kalina University Junction,19.0722,72.8673,Kurla Nalla,8.0,"education, residential, mixed_use",600000,24.67,27,Urban,90.0,549.45,12.7,3.5,1,17.0,High,0.99865085
2025-09-14,Ward H/E,Kalina University Junction,19.0722,72.8673,Kurla Nalla,8.0,"education, residential, mixed_use",600000,24.67,27,Urban,90.0,549.45,12.2,2.8,1,22.0,High,0.99865085
2025-09-15,Ward H/E,Kalina University Junction,19.0722,72.8673,Kurla Nalla,8.0,"education, residential, mixed_use",600000,24.67,27,Urban,90.0,549.45,65.5,10.6,1,18.0,High,0.99972385
2025-09-16,Ward H/E,Kalina University Junction,19.0722,72.8673,Kurla Nalla,8.0,"education, residential, mixed_use",600000,24.67,27,Urban,90.0,549.45,5.2,0.9,1,23.0,High,0.99878687
2025-09-17,Ward H/E,Kalina University Junction,19.0722,72.8673,Kurla Nalla,8.0,"education, residential, mixed_use",600000,24.67,27,Urban,90.0,549.45,25.7,14.8,1,21.0,High,0.9962418
2025-09-18,Ward H/E,Kalina University Junction,19.0722,72.8673,Kurla Nalla,8.0,"education, residential, mixed_use",600000,24.67,27,Urban,90.0,549.45,10.4,1.9,1,21.0,High,0.9988367
2025-09-19,Ward H/E,Kalina University Junction,19.0722,72.8673,Kurla Nalla,8.0,"education, residential, mixed_use",600000,24.67,27,Urban,90.0,549.45,0.0,0.7,0,3.0,High,0.997399
2025-09-20,Ward H/E,Kalina University Junction,19.0722,72.8673,Kurla Nalla,8.0,"education, residential, mixed_use",600000,24.67,27,Urban,90.0,549.45,22.4,0.9333333333333332,1,24.0,High,0.99624497
2025-09-21,Ward H/E,Kalina University Junction,19.0722,72.8673,Kurla Nalla,8.0,"education, residential, mixed_use",600000,24.67,27,Urban,90.0,549.45,23.7,0.9875,1,24.0,High,0.99624497
2025-09-22,Ward H/E,Kalina University Junction,19.0722,72.8673,Kurla Nalla,8.0,"education, residential, mixed_use",600000,24.67,27,Urban,90.0,549.45,43.5,1.8125,1,24.0,High,0.9994406
2025-09-23,Ward H/E,Kalina University Junction,19.0722,72.8673,Kurla Nalla,8.0,"education, residential, mixed_use",600000,24.67,27,Urban,90.0,549.45,29.8,1.3545454545454545,1,22.0,High,0.9966318
2025-09-24,Ward H/E,Kalina University Junction,19.0722,72.8673,Kurla Nalla,8.0,"education, residential, mixed_use",600000,24.67,27,Urban,90.0,549.45,3.3,0.1571428571428571,1,21.0,High,0.9389243
2025-09-25,Ward H/E,Kalina University Junction,19.0722,72.8673,Kurla Nalla,8.0,"education, residential, mixed_use",600000,24.67,27,Urban,90.0,549.45,1.8,0.15,1,12.0,High,0.9413787
2025-09-26,Ward H/E,Kalina University Junction,19.0722,72.8673,Kurla Nalla,8.0,"education, residential, mixed_use",600000,24.67,27,Urban,90.0,549.45,3.6,0.2,1,18.0,High,0.9389243
2025-09-13,Ward R/S,Kandivali,19.2041136,72.8517376,Poisar River,14.73940767,park,610000,3.157764291,4374,Sand,65.87370617,4124.0,8.5,2.4,1,14.0,High,0.9938896
2025-09-14,Ward R/S,Kandivali,19.2041136,72.8517376,Poisar River,14.73940767,park,610000,3.157764291,4374,Sand,65.87370617,4124.0,8.0,1.3,1,22.0,High,0.99490213
2025-09-15,Ward R/S,Kandivali,19.2041136,72.8517376,Poisar River,14.73940767,park,610000,3.157764291,4374,Sand,65.87370617,4124.0,17.3,4.3,1,20.0,High,0.7700716
2025-09-16,Ward R/S,Kandivali,19.2041136,72.8517376,Poisar River,14.73940767,park,610000,3.157764291,4374,Sand,65.87370617,4124.0,10.0,2.4,1,22.0,High,0.9938896
2025-09-17,Ward R/S,Kandivali,19.2041136,72.8517376,Poisar River,14.73940767,park,610000,3.157764291,4374,Sand,65.87370617,4124.0,17.9,12.7,1,18.0,High,0.7700716
2025-09-18,Ward R/S,Kandivali,19.2041136,72.8517376,Poisar River,14.73940767,park,610000,3.157764291,4374,Sand,65.87370617,4124.0,15.8,4.6,1,21.0,High,0.9937996
2025-09-19,Ward R/S,Kandivali,19.2041136,72.8517376,Poisar River,14.73940767,park,610000,3.157764291,4374,Sand,65.87370617,4124.0,0.0,0.3,0,5.0,High,0.98156583
2025-09-20,Ward R/S,Kandivali,19.2041136,72.8517376,Poisar River,14.73940767,park,610000,3.157764291,4374,Sand,65.87370617,4124.0,22.1,0.9208333333333334,1,24.0,High,0.7615487
2025-09-21,Ward R/S,Kandivali,19.2041136,72.8517376,Poisar River,14.73940767,park,610000,3.157764291,4374,Sand,65.87370617,4124.0,24.3,1.0125,1,24.0,High,0.63147545
2025-09-22,Ward R/S,Kandivali,19.2041136,72.8517376,Poisar River,14.73940767,park,610000,3.157764291,4374,Sand,65.87370617,4124.0,52.2,2.1750000000000003,1,24.0,High,0.99898607
2025-09-23,Ward R/S,Kandivali,19.2041136,72.8517376,Poisar River,14.73940767,park,610000,3.157764291,4374,Sand,65.87370617,4124.0,31.9,1.3291666666666666,1,24.0,High,0.7695566
2025-09-24,Ward R/S,Kandivali,19.2041136,72.8517376,Poisar River,14.73940767,park,610000,3.157764291,4374,Sand,65.87370617,4124.0,1.5,0.1,1,15.0,High,0.8512342
2025-09-25,Ward R/S,Kandivali,19.2041136,72.8517376,Poisar River,14.73940767,park,610000,3.157764291,4374,Sand,65.87370617,4124.0,1.8,0.2,1,9.0,High,0.84967995
2025-09-26,Ward R/S,Kandivali,19.2041136,72.8517376,Poisar River,14.73940767,park,610000,3.157764291,4374,Sand,65.87370617,4124.0,3.0,0.2,1,15.0,High,0.8452531
2025-09-13,Ward S,Kanjurmarg,19.1253912,72.9252519,Ulhas River,11.92050553,commercial,780000,3.247455704,3575,Sand,61.88002899,5629.0,9.5,2.4,1,17.0,High,0.9949421
2025-09-14,Ward S,Kanjurmarg,19.1253912,72.9252519,Ulhas River,11.92050553,commercial,780000,3.247455704,3575,Sand,61.88002899,5629.0,11.9,2.8,1,22.0,High,0.9949421
2025-09-15,Ward S,Kanjurmarg,19.1253912,72.9252519,Ulhas River,11.92050553,commercial,780000,3.247455704,3575,Sand,61.88002899,5629.0,29.4,5.5,1,17.0,High,0.89008313
2025-09-16,Ward S,Kanjurmarg,19.1253912,72.9252519,Ulhas River,11.92050553,commercial,780000,3.247455704,3575,Sand,61.88002899,5629.0,12.9,4.6,1,21.0,High,0.99486756
2025-09-17,Ward S,Kanjurmarg,19.1253912,72.9252519,Ulhas River,11.92050553,commercial,780000,3.247455704,3575,Sand,61.88002899,5629.0,32.2,14.0,1,22.0,High,0.8924587
2025-09-18,Ward S,Kanjurmarg,19.1253912,72.9252519,Ulhas River,11.92050553,commercial,780000,3.247455704,3575,Sand,61.88002899,5629.0,12.5,2.0,1,20.0,High,0.99571866
2025-09-19,Ward S,Kanjurmarg,19.1253912,72.9252519,Ulhas River,11.92050553,commercial,780000,3.247455704,3575,Sand,61.88002899,5629.0,0.0,0.1,0,1.0,High,0.7834877
2025-09-20,Ward S,Kanjurmarg,19.1253912,72.9252519,Ulhas River,11.92050553,commercial,780000,3.247455704,3575,Sand,61.88002899,5629.0,22.4,0.9333333333333332,1,24.0,High,0.89147866
2025-09-21,Ward S,Kanjurmarg,19.1253912,72.9252519,Ulhas River,11.92050553,commercial,780000,3.247455704,3575,Sand,61.88002899,5629.0,23.7,0.9875,1,24.0,High,0.89147866
2025-09-22,Ward S,Kanjurmarg,19.1253912,72.9252519,Ulhas River,11.92050553,commercial,780000,3.247455704,3575,Sand,61.88002899,5629.0,43.5,1.8125,1,24.0,High,0.9961331
2025-09-23,Ward S,Kanjurmarg,19.1253912,72.9252519,Ulhas River,11.92050553,commercial,780000,3.247455704,3575,Sand,61.88002899,5629.0,29.8,1.3545454545454545,1,22.0,High,0.9033701
2025-09-24,Ward S,Kanjurmarg,19.1253912,72.9252519,Ulhas River,11.92050553,commercial,780000,3.247455704,3575,Sand,61.88002899,5629.0,3.3,0.1571428571428571,1,21.0,High,0.8385104
2025-09-25,Ward S,Kanjurmarg,19.1253912,72.9252519,Ulhas River,11.92050553,commercial,780000,3.247455704,3575,Sand,61.88002899,5629.0,1.8,0.15,1,12.0,High,0.84400696
2025-09-26,Ward S,Kanjurmarg,19.1253912,72.9252519,Ulhas River,11.92050553,commercial,780000,3.247455704,3575,Sand,61.88002899,5629.0,3.6,0.2,1,18.0,High,0.8385104
2025-09-13,Ward H/W,Khar West,19.07039785,72.83161431,Arabian Sea,13.21986328,residential,410000,4.127364824,1567,Sand,55.83881873,5691.0,12.7,3.5,1,17.0,High,0.99294066
2025-09-14,Ward H/W,Khar West,19.07039785,72.83161431,Arabian Sea,13.21986328,residential,410000,4.127364824,1567,Sand,55.83881873,5691.0,12.2,2.8,1,22.0,High,0.99304307
2025-09-15,Ward H/W,Khar West,19.07039785,72.83161431,Arabian Sea,13.21986328,residential,410000,4.127364824,1567,Sand,55.83881873,5691.0,65.5,10.6,1,18.0,High,0.9992902
2025-09-16,Ward H/W,Khar West,19.07039785,72.83161431,Arabian Sea,13.21986328,residential,410000,4.127364824,1567,Sand,55.83881873,5691.0,5.2,0.9,1,23.0,High,0.99274784
2025-09-17,Ward H/W,Khar West,19.07039785,72.83161431,Arabian Sea,13.21986328,residential,410000,4.127364824,1567,Sand,55.83881873,5691.0,25.7,14.8,1,21.0,High,0.6798635
2025-09-18,Ward H/W,Khar West,19.07039785,72.83161431,Arabian Sea,13.21986328,residential,410000,4.127364824,1567,Sand,55.83881873,5691.0,10.4,1.9,1,21.0,High,0.993997
2025-09-19,Ward H/W,Khar West,19.07039785,72.83161431,Arabian Sea,13.21986328,residential,410000,4.127364824,1567,Sand,55.83881873,5691.0,0.0,0.7,0,3.0,High,0.9803125
2025-09-20,Ward H/W,Khar West,19.07039785,72.83161431,Arabian Sea,13.21986328,residential,410000,4.127364824,1567,Sand,55.83881873,5691.0,22.4,0.9333333333333332,1,24.0,High,0.659117
2025-09-21,Ward H/W,Khar West,19.07039785,72.83161431,Arabian Sea,13.21986328,residential,410000,4.127364824,1567,Sand,55.83881873,5691.0,23.7,0.9875,1,24.0,High,0.659117
2025-09-22,Ward H/W,Khar West,19.07039785,72.83161431,Arabian Sea,13.21986328,residential,410000,4.127364824,1567,Sand,55.83881873,5691.0,43.5,1.8125,1,24.0,High,0.9956665
2025-09-23,Ward H/W,Khar West,19.07039785,72.83161431,Arabian Sea,13.21986328,residential,410000,4.127364824,1567,Sand,55.83881873,5691.0,29.8,1.3545454545454545,1,22.0,High,0.7033015
2025-09-24,Ward H/W,Khar West,19.07039785,72.83161431,Arabian Sea,13.21986328,residential,410000,4.127364824,1567,Sand,55.83881873,5691.0,3.3,0.1571428571428571,1,21.0,High,0.82663953
2025-09-25,Ward H/W,Khar West,19.07039785,72.83161431,Arabian Sea,13.21986328,residential,410000,4.127364824,1567,Sand,55.83881873,5691.0,1.8,0.15,1,12.0,High,0.830778
2025-09-26,Ward H/W,Khar West,19.07039785,72.83161431,Arabian Sea,13.21986328,residential,410000,4.127364824,1567,Sand,55.83881873,5691.0,3.6,0.2,1,18.0,High,0.82663953
2025-09-13,Ward F/N,King's Circle,19.0272,72.8559,Wadala Nalla,10.0,"recreation_ground, residential, mixed_use",530000,22.41,7,Urban,90.0,425.8,12.4,2.1,1,18.0,High,0.99827397
2025-09-14,Ward F/N,King's Circle,19.0272,72.8559,Wadala Nalla,10.0,"recreation_ground, residential, mixed_use",530000,22.41,7,Urban,90.0,425.8,16.3,3.6,1,24.0,High,0.99827397
2025-09-15,Ward F/N,King's Circle,19.0272,72.8559,Wadala Nalla,10.0,"recreation_ground, residential, mixed_use",530000,22.41,7,Urban,90.0,425.8,72.3,13.2,1,18.0,High,0.99972683
2025-09-16,Ward F/N,King's Circle,19.0272,72.8559,Wadala Nalla,10.0,"recreation_ground, residential, mixed_use",530000,22.41,7,Urban,90.0,425.8,7.8,0.9,1,22.0,High,0.99843544
2025-09-17,Ward F/N,King's Circle,19.0272,72.8559,Wadala Nalla,10.0,"recreation_ground, residential, mixed_use",530000,22.41,7,Urban,90.0,425.8,15.2,4.5,1,22.0,High,0.99827397
2025-09-18,Ward F/N,King's Circle,19.0272,72.8559,Wadala Nalla,10.0,"recreation_ground, residential, mixed_use",530000,22.41,7,Urban,90.0,425.8,9.9,1.3,1,21.0,High,0.9985611
2025-09-19,Ward F/N,King's Circle,19.0272,72.8559,Wadala Nalla,10.0,"recreation_ground, residential, mixed_use",530000,22.41,7,Urban,90.0,425.8,0.0,3.3,0,6.0,High,0.9927025
2025-09-20,Ward F/N,King's Circle,19.0272,72.8559,Wadala Nalla,10.0,"recreation_ground, residential, mixed_use",530000,22.41,7,Urban,90.0,425.8,22.4,0.9333333333333332,1,24.0,High,0.9759026
2025-09-21,Ward F/N,King's Circle,19.0272,72.8559,Wadala Nalla,10.0,"recreation_ground, residential, mixed_use",530000,22.41,7,Urban,90.0,425.8,23.7,0.9875,1,24.0,High,0.9759026
2025-09-22,Ward F/N,King's Circle,19.0272,72.8559,Wadala Nalla,10.0,"recreation_ground, residential, mixed_use",530000,22.41,7,Urban,90.0,425.8,43.5,1.8125,1,24.0,High,0.99869436
2025-09-23,Ward F/N,King's Circle,19.0272,72.8559,Wadala Nalla,10.0,"recreation_ground, residential, mixed_use",530000,22.41,7,Urban,90.0,425.8,29.8,1.3545454545454545,1,22.0,High,0.984318
2025-09-24,Ward F/N,King's Circle,19.0272,72.8559,Wadala Nalla,10.0,"recreation_ground, residential, mixed_use",530000,22.41,7,Urban,90.0,425.8,3.3,0.1571428571428571,1,21.0,High,0.8701722
2025-09-25,Ward F/N,King's Circle,19.0272,72.8559,Wadala Nalla,10.0,"recreation_ground, residential, mixed_use",530000,22.41,7,Urban,90.0,425.8,1.8,0.15,1,12.0,High,0.8751229
2025-09-26,Ward F/N,King's Circle,19.0272,72.8559,Wadala Nalla,10.0,"recreation_ground, residential, mixed_use",530000,22.41,7,Urban,90.0,425.8,3.6,0.2,1,18.0,High,0.8701722
2025-09-13,Ward P/N,Kurar Village,19.1903,72.8605,Tulsi Lake,27.0,"transport, commercial, mixed_use",900000,3.32,16,Clayey,90.0,271.29,10.6,2.2,1,16.0,High,0.9902783
2025-09-14,Ward P/N,Kurar Village,19.1903,72.8605,Tulsi Lake,27.0,"transport, commercial, mixed_use",900000,3.32,16,Clayey,90.0,271.29,12.1,2.6,1,21.0,High,0.98992854
2025-09-15,Ward P/N,Kurar Village,19.1903,72.8605,Tulsi Lake,27.0,"transport, commercial, mixed_use",900000,3.32,16,Clayey,90.0,271.29,29.1,5.0,1,17.0,High,0.641635
2025-09-16,Ward P/N,Kurar Village,19.1903,72.8605,Tulsi Lake,27.0,"transport, commercial, mixed_use",900000,3.32,16,Clayey,90.0,271.29,6.6,2.4,1,20.0,High,0.9902783
2025-09-17,Ward P/N,Kurar Village,19.1903,72.8605,Tulsi Lake,27.0,"transport, commercial, mixed_use",900000,3.32,16,Clayey,90.0,271.29,27.8,19.8,1,23.0,High,0.641635
2025-09-18,Ward P/N,Kurar Village,19.1903,72.8605,Tulsi Lake,27.0,"transport, commercial, mixed_use",900000,3.32,16,Clayey,90.0,271.29,14.8,3.1,1,22.0,High,0.98952323
2025-09-19,Ward P/N,Kurar Village,19.1903,72.8605,Tulsi Lake,27.0,"transport, commercial, mixed_use",900000,3.32,16,Clayey,90.0,271.29,0.0,0.1,0,2.0,High,0.7046065
2025-09-20,Ward P/N,Kurar Village,19.1903,72.8605,Tulsi Lake,27.0,"transport, commercial, mixed_use",900000,3.32,16,Clayey,90.0,271.29,22.1,0.9208333333333334,1,24.0,High,0.67622465
2025-09-21,Ward P/N,Kurar Village,19.1903,72.8605,Tulsi Lake,27.0,"transport, commercial, mixed_use",900000,3.32,16,Clayey,90.0,271.29,24.3,1.0125,1,24.0,Moderate,0.50587904
2025-09-22,Ward P/N,Kurar Village,19.1903,72.8605,Tulsi Lake,27.0,"transport, commercial, mixed_use",900000,3.32,16,Clayey,90.0,271.29,52.2,2.1750000000000003,1,24.0,High,0.9966158
2025-09-23,Ward P/N,Kurar Village,19.1903,72.8605,Tulsi Lake,27.0,"transport, commercial, mixed_use",900000,3.32,16,Clayey,90.0,271.29,31.9,1.3291666666666666,1,24.0,High,0.67951024
2025-09-24,Ward P/N,Kurar Village,19.1903,72.8605,Tulsi Lake,27.0,"transport, commercial, mixed_use",900000,3.32,16,Clayey,90.0,271.29,1.5,0.1,1,15.0,High,0.8028053
2025-09-25,Ward P/N,Kurar Village,19.1903,72.8605,Tulsi Lake,27.0,"transport, commercial, mixed_use",900000,3.32,16,Clayey,90.0,271.29,1.8,0.2,1,9.0,High,0.8010545
2025-09-26,Ward P/N,Kurar Village,19.1903,72.8605,Tulsi Lake,27.0,"transport, commercial, mixed_use",900000,3.32,16,Clayey,90.0,271.29,3.0,0.2,1,15.0,High,0.7947098
2025-09-13,Ward S,LBS Marg near Bhandup Station,19.1413,72.9341,Powai Lake,7.0,"transport, residential, mixed_use",780000,21.99,8,Sandy,90.0,154.37,9.5,2.4,1,17.0,High,0.9979983
2025-09-14,Ward S,LBS Marg near Bhandup Station,19.1413,72.9341,Powai Lake,7.0,"transport, residential, mixed_use",780000,21.99,8,Sandy,90.0,154.37,11.9,2.8,1,22.0,High,0.9979983
2025-09-15,Ward S,LBS Marg near Bhandup Station,19.1413,72.9341,Powai Lake,7.0,"transport, residential, mixed_use",780000,21.99,8,Sandy,90.0,154.37,29.4,5.5,1,17.0,High,0.99410975
2025-09-16,Ward S,LBS Marg near Bhandup Station,19.1413,72.9341,Powai Lake,7.0,"transport, residential, mixed_use",780000,21.99,8,Sandy,90.0,154.37,12.9,4.6,1,21.0,High,0.9979983
2025-09-17,Ward S,LBS Marg near Bhandup Station,19.1413,72.9341,Powai Lake,7.0,"transport, residential, mixed_use",780000,21.99,8,Sandy,90.0,154.37,32.2,14.0,1,22.0,High,0.99410975
2025-09-18,Ward S,LBS Marg near Bhandup Station,19.1413,72.9341,Powai Lake,7.0,"transport, residential, mixed_use",780000,21.99,8,Sandy,90.0,154.37,12.5,2.0,1,20.0,High,0.9983311
2025-09-19,Ward S,LBS Marg near Bhandup Station,19.1413,72.9341,Powai Lake,7.0,"transport, residential, mixed_use",780000,21.99,8,Sandy,90.0,154.37,0.0,0.1,0,1.0,High,0.84319365
2025-09-20,Ward S,LBS Marg near Bhandup Station,19.1413,72.9341,Powai Lake,7.0,"transport, residential, mixed_use",780000,21.99,8,Sandy,90.0,154.37,22.4,0.9333333333333332,1,24.0,High,0.9935256
2025-09-21,Ward S,LBS Marg near Bhandup Station,19.1413,72.9341,Powai Lake,7.0,"transport, residential, mixed_use",780000,21.99,8,Sandy,90.0,154.37,23.7,0.9875,1,24.0,High,0.9935256
2025-09-22,Ward S,LBS Marg near Bhandup Station,19.1413,72.9341,Powai Lake,7.0,"transport, residential, mixed_use",780000,21.99,8,Sandy,90.0,154.37,43.5,1.8125,1,24.0,High,0.99913824
2025-09-23,Ward S,LBS Marg near Bhandup Station,19.1413,72.9341,Powai Lake,7.0,"transport, residential, mixed_use",780000,21.99,8,Sandy,90.0,154.37,29.8,1.3545454545454545,1,22.0,High,0.9948939
2025-09-24,Ward S,LBS Marg near Bhandup Station,19.1413,72.9341,Powai Lake,7.0,"transport, residential, mixed_use",780000,21.99,8,Sandy,90.0,154.37,3.3,0.1571428571428571,1,21.0,High,0.87070554
2025-09-25,Ward S,LBS Marg near Bhandup Station,19.1413,72.9341,Powai Lake,7.0,"transport, residential, mixed_use",780000,21.99,8,Sandy,90.0,154.37,1.8,0.15,1,12.0,High,0.8748114
2025-09-26,Ward S,LBS Marg near Bhandup Station,19.1413,72.9341,Powai Lake,7.0,"transport, residential, mixed_use",780000,21.99,8,Sandy,90.0,154.37,3.6,0.2,1,18.0,High,0.87070554
2025-09-13,Ward L,LBS Road near Phoenix Marketcity,19.0888,72.8861,Kurla Nalla,9.0,"transport, residential, mixed_use",690000,11.52,40,Urban,90.0,10.34,12.7,3.5,1,17.0,High,0.9977714
2025-09-14,Ward L,LBS Road near Phoenix Marketcity,19.0888,72.8861,Kurla Nalla,9.0,"transport, residential, mixed_use",690000,11.52,40,Urban,90.0,10.34,12.2,2.8,1,22.0,High,0.9977714
2025-09-15,Ward L,LBS Road near Phoenix Marketcity,19.0888,72.8861,Kurla Nalla,9.0,"transport, residential, mixed_use",690000,11.52,40,Urban,90.0,10.34,65.5,10.6,1,18.0,High,0.9996476
2025-09-16,Ward L,LBS Road near Phoenix Marketcity,19.0888,72.8861,Kurla Nalla,9.0,"transport, residential, mixed_use",690000,11.52,40,Urban,90.0,10.34,5.2,0.9,1,23.0,High,0.99798787
2025-09-17,Ward L,LBS Road near Phoenix Marketcity,19.0888,72.8861,Kurla Nalla,9.0,"transport, residential, mixed_use",690000,11.52,40,Urban,90.0,10.34,25.7,14.8,1,21.0,High,0.9946032
2025-09-18,Ward L,LBS Road near Phoenix Marketcity,19.0888,72.8861,Kurla Nalla,9.0,"transport, residential, mixed_use",690000,11.52,40,Urban,90.0,10.34,10.4,1.9,1,21.0,High,0.9980782
2025-09-19,Ward L,LBS Road near Phoenix Marketcity,19.0888,72.8861,Kurla Nalla,9.0,"transport, residential, mixed_use",690000,11.52,40,Urban,90.0,10.34,0.0,0.7,0,3.0,High,0.9945093
2025-09-20,Ward L,LBS Road near Phoenix Marketcity,19.0888,72.8861,Kurla Nalla,9.0,"transport, residential, mixed_use",690000,11.52,40,Urban,90.0,10.34,22.4,0.9333333333333332,1,24.0,High,0.9950846
2025-09-21,Ward L,LBS Road near Phoenix Marketcity,19.0888,72.8861,Kurla Nalla,9.0,"transport, residential, mixed_use",690000,11.52,40,Urban,90.0,10.34,23.7,0.9875,1,24.0,High,0.9950846
2025-09-22,Ward L,LBS Road near Phoenix Marketcity,19.0888,72.8861,Kurla Nalla,9.0,"transport, residential, mixed_use",690000,11.52,40,Urban,90.0,10.34,43.5,1.8125,1,24.0,High,0.99922967
2025-09-23,Ward L,LBS Road near Phoenix Marketcity,19.0888,72.8861,Kurla Nalla,9.0,"transport, residential, mixed_use",690000,11.52,40,Urban,90.0,10.34,29.8,1.3545454545454545,1,22.0,High,0.9951623
2025-09-24,Ward L,LBS Road near Phoenix Marketcity,19.0888,72.8861,Kurla Nalla,9.0,"transport, residential, mixed_use",690000,11.52,40,Urban,90.0,10.34,3.3,0.1571428571428571,1,21.0,High,0.92397887
2025-09-25,Ward L,LBS Road near Phoenix Marketcity,19.0888,72.8861,Kurla Nalla,9.0,"transport, residential, mixed_use",690000,11.52,40,Urban,90.0,10.34,1.8,0.15,1,12.0,High,0.9269946
2025-09-26,Ward L,LBS Road near Phoenix Marketcity,19.0888,72.8861,Kurla Nalla,9.0,"transport, residential, mixed_use",690000,11.52,40,Urban,90.0,10.34,3.6,0.2,1,18.0,High,0.92397887
2025-09-13,Ward G/N,LJ Road Junction,19.0372,72.8401,Mahim Creek,1.0,"commercial, industrial, residential",520000,17.47,7,Urban,90.0,1066.52,12.4,2.1,1,18.0,High,0.99857044
2025-09-14,Ward G/N,LJ Road Junction,19.0372,72.8401,Mahim Creek,1.0,"commercial, industrial, residential",520000,17.47,7,Urban,90.0,1066.52,16.3,3.6,1,24.0,High,0.99857044
2025-09-15,Ward G/N,LJ Road Junction,19.0372,72.8401,Mahim Creek,1.0,"commercial, industrial, residential",520000,17.47,7,Urban,90.0,1066.52,72.3,13.2,1,18.0,High,0.999726
2025-09-16,Ward G/N,LJ Road Junction,19.0372,72.8401,Mahim Creek,1.0,"commercial, industrial, residential",520000,17.47,7,Urban,90.0,1066.52,7.8,0.9,1,22.0,High,0.9982699
2025-09-17,Ward G/N,LJ Road Junction,19.0372,72.8401,Mahim Creek,1.0,"commercial, industrial, residential",520000,17.47,7,Urban,90.0,1066.52,15.2,4.5,1,22.0,High,0.99857044
2025-09-18,Ward G/N,LJ Road Junction,19.0372,72.8401,Mahim Creek,1.0,"commercial, industrial, residential",520000,17.47,7,Urban,90.0,1066.52,9.9,1.3,1,21.0,High,0.9987674
2025-09-19,Ward G/N,LJ Road Junction,19.0372,72.8401,Mahim Creek,1.0,"commercial, industrial, residential",520000,17.47,7,Urban,90.0,1066.52,0.0,3.3,0,6.0,High,0.9944296
2025-09-20,Ward G/N,LJ Road Junction,19.0372,72.8401,Mahim Creek,1.0,"commercial, industrial, residential",520000,17.47,7,Urban,90.0,1066.52,22.4,0.9333333333333332,1,24.0,High,0.99410325
2025-09-21,Ward G/N,LJ Road Junction,19.0372,72.8401,Mahim Creek,1.0,"commercial, industrial, residential",520000,17.47,7,Urban,90.0,1066.52,23.7,0.9875,1,24.0,High,0.99410325
2025-09-22,Ward G/N,LJ Road Junction,19.0372,72.8401,Mahim Creek,1.0,"commercial, industrial, residential",520000,17.47,7,Urban,90.0,1066.52,43.5,1.8125,1,24.0,High,0.99937195
2025-09-23,Ward G/N,LJ Road Junction,19.0372,72.8401,Mahim Creek,1.0,"commercial, industrial, residential",520000,17.47,7,Urban,90.0,1066.52,29.8,1.3545454545454545,1,22.0,High,0.9956474
2025-09-24,Ward G/N,LJ Road Junction,19.0372,72.8401,Mahim Creek,1.0,"commercial, industrial, residential",520000,17.47,7,Urban,90.0,1066.52,3.3,0.1571428571428571,1,21.0,High,0.89463514
2025-09-25,Ward G/N,LJ Road Junction,19.0372,72.8401,Mahim Creek,1.0,"commercial, industrial, residential",520000,17.47,7,Urban,90.0,1066.52,1.8,0.15,1,12.0,High,0.89873284
2025-09-26,Ward G/N,LJ Road Junction,19.0372,72.8401,Mahim Creek,1.0,"commercial, industrial, residential",520000,17.47,7,Urban,90.0,1066.52,3.6,0.2,1,18.0,High,0.89463514
2025-09-13,Ward G/N,Lady Jamshedji Road,19.0299,72.8393,Mahim Creek,3.0,"transport, residential",430000,24.05,16,Urban,70.0,893.09,12.4,2.1,1,18.0,High,0.99786633
2025-09-14,Ward G/N,Lady Jamshedji Road,19.0299,72.8393,Mahim Creek,3.0,"transport, residential",430000,24.05,16,Urban,70.0,893.09,16.3,3.6,1,24.0,High,0.99786633
2025-09-15,Ward G/N,Lady Jamshedji Road,19.0299,72.8393,Mahim Creek,3.0,"transport, residential",430000,24.05,16,Urban,70.0,893.09,72.3,13.2,1,18.0,High,0.9996698
2025-09-16,Ward G/N,Lady Jamshedji Road,19.0299,72.8393,Mahim Creek,3.0,"transport, residential",430000,24.05,16,Urban,70.0,893.09,7.8,0.9,1,22.0,High,0.9973653
2025-09-17,Ward G/N,Lady Jamshedji Road,19.0299,72.8393,Mahim Creek,3.0,"transport, residential",430000,24.05,16,Urban,70.0,893.09,15.2,4.5,1,22.0,High,0.99786633
2025-09-18,Ward G/N,Lady Jamshedji Road,19.0299,72.8393,Mahim Creek,3.0,"transport, residential",430000,24.05,16,Urban,70.0,893.09,9.9,1.3,1,21.0,High,0.9981602
2025-09-19,Ward G/N,Lady Jamshedji Road,19.0299,72.8393,Mahim Creek,3.0,"transport, residential",430000,24.05,16,Urban,70.0,893.09,0.0,3.3,0,6.0,High,0.99175936
2025-09-20,Ward G/N,Lady Jamshedji Road,19.0299,72.8393,Mahim Creek,3.0,"transport, residential",430000,24.05,16,Urban,70.0,893.09,22.4,0.9333333333333332,1,24.0,High,0.9937133
2025-09-21,Ward G/N,Lady Jamshedji Road,19.0299,72.8393,Mahim Creek,3.0,"transport, residential",430000,24.05,16,Urban,70.0,893.09,23.7,0.9875,1,24.0,High,0.9937133
2025-09-22,Ward G/N,Lady Jamshedji Road,19.0299,72.8393,Mahim Creek,3.0,"transport, residential",430000,24.05,16,Urban,70.0,893.09,43.5,1.8125,1,24.0,High,0.9991928
2025-09-23,Ward G/N,Lady Jamshedji Road,19.0299,72.8393,Mahim Creek,3.0,"transport, residential",430000,24.05,16,Urban,70.0,893.09,29.8,1.3545454545454545,1,22.0,High,0.9953694
2025-09-24,Ward G/N,Lady Jamshedji Road,19.0299,72.8393,Mahim Creek,3.0,"transport, residential",430000,24.05,16,Urban,70.0,893.09,3.3,0.1571428571428571,1,21.0,High,0.88184017
2025-09-25,Ward G/N,Lady Jamshedji Road,19.0299,72.8393,Mahim Creek,3.0,"transport, residential",430000,24.05,16,Urban,70.0,893.09,1.8,0.15,1,12.0,High,0.88489527
2025-09-26,Ward G/N,Lady Jamshedji Road,19.0299,72.8393,Mahim Creek,3.0,"transport, residential",430000,24.05,16,Urban,70.0,893.09,3.6,0.2,1,18.0,High,0.88184017
2025-09-13,Ward H/W,Linking Road near National College,19.0543,72.8301,Mahim Creek,8.0,"commercial, retail, mixed_use",410000,23.44,7,Urban,90.0,569.19,12.7,3.5,1,17.0,High,0.9984149
2025-09-14,Ward H/W,Linking Road near National College,19.0543,72.8301,Mahim Creek,8.0,"commercial, retail, mixed_use",410000,23.44,7,Urban,90.0,569.19,12.2,2.8,1,22.0,High,0.9984149
2025-09-15,Ward H/W,Linking Road near National College,19.0543,72.8301,Mahim Creek,8.0,"commercial, retail, mixed_use",410000,23.44,7,Urban,90.0,569.19,65.5,10.6,1,18.0,High,0.9997106
2025-09-16,Ward H/W,Linking Road near National College,19.0543,72.8301,Mahim Creek,8.0,"commercial, retail, mixed_use",410000,23.44,7,Urban,90.0,569.19,5.2,0.9,1,23.0,High,0.998073
2025-09-17,Ward H/W,Linking Road near National College,19.0543,72.8301,Mahim Creek,8.0,"commercial, retail, mixed_use",410000,23.44,7,Urban,90.0,569.19,25.7,14.8,1,21.0,High,0.99478614
2025-09-18,Ward H/W,Linking Road near National College,19.0543,72.8301,Mahim Creek,8.0,"commercial, retail, mixed_use",410000,23.44,7,Urban,90.0,569.19,10.4,1.9,1,21.0,High,0.9986333
2025-09-19,Ward H/W,Linking Road near National College,19.0543,72.8301,Mahim Creek,8.0,"commercial, retail, mixed_use",410000,23.44,7,Urban,90.0,569.19,0.0,0.7,0,3.0,High,0.9948965
2025-09-20,Ward H/W,Linking Road near National College,19.0543,72.8301,Mahim Creek,8.0,"commercial, retail, mixed_use",410000,23.44,7,Urban,90.0,569.19,22.4,0.9333333333333332,1,24.0,High,0.99364704
2025-09-21,Ward H/W,Linking Road near National College,19.0543,72.8301,Mahim Creek,8.0,"commercial, retail, mixed_use",410000,23.44,7,Urban,90.0,569.19,23.7,0.9875,1,24.0,High,0.99364704
2025-09-22,Ward H/W,Linking Road near National College,19.0543,72.8301,Mahim Creek,8.0,"commercial, retail, mixed_use",410000,23.44,7,Urban,90.0,569.19,43.5,1.8125,1,24.0,High,0.9993241
2025-09-23,Ward H/W,Linking Road near National College,19.0543,72.8301,Mahim Creek,8.0,"commercial, retail, mixed_use",410000,23.44,7,Urban,90.0,569.19,29.8,1.3545454545454545,1,22.0,High,0.9953264
2025-09-24,Ward H/W,Linking Road near National College,19.0543,72.8301,Mahim Creek,8.0,"commercial, retail, mixed_use",410000,23.44,7,Urban,90.0,569.19,3.3,0.1571428571428571,1,21.0,High,0.89244395
2025-09-25,Ward H/W,Linking Road near National College,19.0543,72.8301,Mahim Creek,8.0,"commercial, retail, mixed_use",410000,23.44,7,Urban,90.0,569.19,1.8,0.15,1,12.0,High,0.8966221
2025-09-26,Ward H/W,Linking Road near National College,19.0543,72.8301,Mahim Creek,8.0,"commercial, retail, mixed_use",410000,23.44,7,Urban,90.0,569.19,3.6,0.2,1,18.0,High,0.89244395
2025-09-13,Ward T,Lok Rachana Society,19.1748,72.9426,Tulsi Lake,8.0,"residential, institutional",640000,27.19,13,Sandy,70.0,146.32,9.5,2.4,1,17.0,High,0.99847716
2025-09-14,Ward T,Lok Rachana Society,19.1748,72.9426,Tulsi Lake,8.0,"residential, institutional",640000,27.19,13,Sandy,70.0,146.32,11.9,2.8,1,22.0,High,0.99847716
2025-09-15,Ward T,Lok Rachana Society,19.1748,72.9426,Tulsi Lake,8.0,"residential, institutional",640000,27.19,13,Sandy,70.0,146.32,29.4,5.5,1,17.0,High,0.9949102
2025-09-16,Ward T,Lok Rachana Society,19.1748,72.9426,Tulsi Lake,8.0,"residential, institutional",640000,27.19,13,Sandy,70.0,146.32,12.9,4.6,1,21.0,High,0.99847716
2025-09-17,Ward T,Lok Rachana Society,19.1748,72.9426,Tulsi Lake,8.0,"residential, institutional",640000,27.19,13,Sandy,70.0,146.32,32.2,14.0,1,22.0,High,0.9949102
2025-09-18,Ward T,Lok Rachana Society,19.1748,72.9426,Tulsi Lake,8.0,"residential, institutional",640000,27.19,13,Sandy,70.0,146.32,12.5,2.0,1,20.0,High,0.99873036
2025-09-19,Ward T,Lok Rachana Society,19.1748,72.9426,Tulsi Lake,8.0,"residential, institutional",640000,27.19,13,Sandy,70.0,146.32,0.0,0.1,0,1.0,High,0.87027085
2025-09-20,Ward T,Lok Rachana Society,19.1748,72.9426,Tulsi Lake,8.0,"residential, institutional",640000,27.19,13,Sandy,70.0,146.32,17.6,0.7333333333333334,1,24.0,High,0.995756
2025-09-21,Ward T,Lok Rachana Society,19.1748,72.9426,Tulsi Lake,8.0,"residential, institutional",640000,27.19,13,Sandy,70.0,146.32,15.6,0.6782608695652174,1,23.0,High,0.9989594
2025-09-22,Ward T,Lok Rachana Society,19.1748,72.9426,Tulsi Lake,8.0,"residential, institutional",640000,27.19,13,Sandy,70.0,146.32,28.1,1.1708333333333334,1,24.0,High,0.9937768
2025-09-23,Ward T,Lok Rachana Society,19.1748,72.9426,Tulsi Lake,8.0,"residential, institutional",640000,27.19,13,Sandy,70.0,146.32,33.2,1.5090909090909093,1,22.0,High,0.9955882
2025-09-24,Ward T,Lok Rachana Society,19.1748,72.9426,Tulsi Lake,8.0,"residential, institutional",640000,27.19,13,Sandy,70.0,146.32,1.5,0.1666666666666666,1,9.0,High,0.8861138
2025-09-25,Ward T,Lok Rachana Society,19.1748,72.9426,Tulsi Lake,8.0,"residential, institutional",640000,27.19,13,Sandy,70.0,146.32,0.0,0.0,0,0.0,High,0.8371576
2025-09-26,Ward T,Lok Rachana Society,19.1748,72.9426,Tulsi Lake,8.0,"residential, institutional",640000,27.19,13,Sandy,70.0,146.32,1.5,0.1666666666666666,1,9.0,High,0.8861138
2025-09-13,Ward P/S,MG Road,19.1598,72.8445,Goregaon Nalla,13.0,"residential, slum, mixed_use",820000,39.72,11,Urban,90.0,493.17,10.6,2.2,1,16.0,High,0.991521
2025-09-14,Ward P/S,MG Road,19.1598,72.8445,Goregaon Nalla,13.0,"residential, slum, mixed_use",820000,39.72,11,Urban,90.0,493.17,12.1,2.6,1,21.0,High,0.991521
2025-09-15,Ward P/S,MG Road,19.1598,72.8445,Goregaon Nalla,13.0,"residential, slum, mixed_use",820000,39.72,11,Urban,90.0,493.17,29.1,5.0,1,17.0,Moderate,0.6558975
2025-09-16,Ward P/S,MG Road,19.1598,72.8445,Goregaon Nalla,13.0,"residential, slum, mixed_use",820000,39.72,11,Urban,90.0,493.17,6.6,2.4,1,20.0,High,0.991521
2025-09-17,Ward P/S,MG Road,19.1598,72.8445,Goregaon Nalla,13.0,"residential, slum, mixed_use",820000,39.72,11,Urban,90.0,493.17,27.8,19.8,1,23.0,Moderate,0.6558975
2025-09-18,Ward P/S,MG Road,19.1598,72.8445,Goregaon Nalla,13.0,"residential, slum, mixed_use",820000,39.72,11,Urban,90.0,493.17,14.8,3.1,1,22.0,High,0.9910411
2025-09-19,Ward P/S,MG Road,19.1598,72.8445,Goregaon Nalla,13.0,"residential, slum, mixed_use",820000,39.72,11,Urban,90.0,493.17,0.0,0.1,0,2.0,High,0.6695657
2025-09-20,Ward P/S,MG Road,19.1598,72.8445,Goregaon Nalla,13.0,"residential, slum, mixed_use",820000,39.72,11,Urban,90.0,493.17,22.4,0.9333333333333332,1,24.0,Moderate,0.70472187
2025-09-21,Ward P/S,MG Road,19.1598,72.8445,Goregaon Nalla,13.0,"residential, slum, mixed_use",820000,39.72,11,Urban,90.0,493.17,23.7,0.9875,1,24.0,Moderate,0.70472187
2025-09-22,Ward P/S,MG Road,19.1598,72.8445,Goregaon Nalla,13.0,"residential, slum, mixed_use",820000,39.72,11,Urban,90.0,493.17,43.5,1.8125,1,24.0,High,0.99134177
2025-09-23,Ward P/S,MG Road,19.1598,72.8445,Goregaon Nalla,13.0,"residential, slum, mixed_use",820000,39.72,11,Urban,90.0,493.17,29.8,1.3545454545454545,1,22.0,Moderate,0.63089466
2025-09-24,Ward P/S,MG Road,19.1598,72.8445,Goregaon Nalla,13.0,"residential, slum, mixed_use",820000,39.72,11,Urban,90.0,493.17,3.3,0.1571428571428571,1,21.0,High,0.80616105
2025-09-25,Ward P/S,MG Road,19.1598,72.8445,Goregaon Nalla,13.0,"residential, slum, mixed_use",820000,39.72,11,Urban,90.0,493.17,1.8,0.15,1,12.0,High,0.81155866
2025-09-26,Ward P/S,MG Road,19.1598,72.8445,Goregaon Nalla,13.0,"residential, slum, mixed_use",820000,39.72,11,Urban,90.0,493.17,3.6,0.2,1,18.0,High,0.80616105
2025-09-13,Ward E,Madanpura,18.970585,72.826843,Mahalaxmi Nallah/Arabian Sea,6.631398762,commercial,420000,3.579240831,4430,Clay,54.4523037,2609.0,11.8,3.3,1,14.0,High,0.99502313
2025-09-14,Ward E,Madanpura,18.970585,72.826843,Mahalaxmi Nallah/Arabian Sea,6.631398762,commercial,420000,3.579240831,4430,Clay,54.4523037,2609.0,15.1,2.9,1,19.0,High,0.9940957
2025-09-15,Ward E,Madanpura,18.970585,72.826843,Mahalaxmi Nallah/Arabian Sea,6.631398762,commercial,420000,3.579240831,4430,Clay,54.4523037,2609.0,82.8,12.7,1,19.0,High,0.99872893
2025-09-16,Ward E,Madanpura,18.970585,72.826843,Mahalaxmi Nallah/Arabian Sea,6.631398762,commercial,420000,3.579240831,4430,Clay,54.4523037,2609.0,10.6,1.3,1,20.0,High,0.9955397
2025-09-17,Ward E,Madanpura,18.970585,72.826843,Mahalaxmi Nallah/Arabian Sea,6.631398762,commercial,420000,3.579240831,4430,Clay,54.4523037,2609.0,10.4,1.6,1,21.0,High,0.9955397
2025-09-18,Ward E,Madanpura,18.970585,72.826843,Mahalaxmi Nallah/Arabian Sea,6.631398762,commercial,420000,3.579240831,4430,Clay,54.4523037,2609.0,18.7,3.3,1,21.0,High,0.9900693
2025-09-19,Ward E,Madanpura,18.970585,72.826843,Mahalaxmi Nallah/Arabian Sea,6.631398762,commercial,420000,3.579240831,4430,Clay,54.4523037,2609.0,0.0,3.3,0,6.0,High,0.9877501
2025-09-20,Ward E,Madanpura,18.970585,72.826843,Mahalaxmi Nallah/Arabian Sea,6.631398762,commercial,420000,3.579240831,4430,Clay,54.4523037,2609.0,22.4,0.9333333333333332,1,24.0,High,0.99074894
2025-09-21,Ward E,Madanpura,18.970585,72.826843,Mahalaxmi Nallah/Arabian Sea,6.631398762,commercial,420000,3.579240831,4430,Clay,54.4523037,2609.0,23.7,0.9875,1,24.0,High,0.99074894
2025-09-22,Ward E,Madanpura,18.970585,72.826843,Mahalaxmi Nallah/Arabian Sea,6.631398762,commercial,420000,3.579240831,4430,Clay,54.4523037,2609.0,43.5,1.8125,1,24.0,High,0.9977738
2025-09-23,Ward E,Madanpura,18.970585,72.826843,Mahalaxmi Nallah/Arabian Sea,6.631398762,commercial,420000,3.579240831,4430,Clay,54.4523037,2609.0,29.8,1.3545454545454545,1,22.0,High,0.9909059
2025-09-24,Ward E,Madanpura,18.970585,72.826843,Mahalaxmi Nallah/Arabian Sea,6.631398762,commercial,420000,3.579240831,4430,Clay,54.4523037,2609.0,3.3,0.1571428571428571,1,21.0,High,0.8960632
2025-09-25,Ward E,Madanpura,18.970585,72.826843,Mahalaxmi Nallah/Arabian Sea,6.631398762,commercial,420000,3.579240831,4430,Clay,54.4523037,2609.0,1.8,0.15,1,12.0,High,0.89874333
2025-09-26,Ward E,Madanpura,18.970585,72.826843,Mahalaxmi Nallah/Arabian Sea,6.631398762,commercial,420000,3.579240831,4430,Clay,54.4523037,2609.0,3.6,0.2,1,18.0,High,0.8960632
2025-09-13,Ward R/S,Mahavir Nagar junction,19.206,72.83,Poinsur River,14.0,"transport, commercial, mixed_use",610000,4.37,7,Urban,90.0,1223.88,8.5,2.4,1,14.0,High,0.99038285
2025-09-14,Ward R/S,Mahavir Nagar junction,19.206,72.83,Poinsur River,14.0,"transport, commercial, mixed_use",610000,4.37,7,Urban,90.0,1223.88,8.0,1.3,1,22.0,High,0.99197173
2025-09-15,Ward R/S,Mahavir Nagar junction,19.206,72.83,Poinsur River,14.0,"transport, commercial, mixed_use",610000,4.37,7,Urban,90.0,1223.88,17.3,4.3,1,20.0,Moderate,0.61132145
2025-09-16,Ward R/S,Mahavir Nagar junction,19.206,72.83,Poinsur River,14.0,"transport, commercial, mixed_use",610000,4.37,7,Urban,90.0,1223.88,10.0,2.4,1,22.0,High,0.99038285
2025-09-17,Ward R/S,Mahavir Nagar junction,19.206,72.83,Poinsur River,14.0,"transport, commercial, mixed_use",610000,4.37,7,Urban,90.0,1223.88,17.9,12.7,1,18.0,Moderate,0.61132145
2025-09-18,Ward R/S,Mahavir Nagar junction,19.206,72.83,Poinsur River,14.0,"transport, commercial, mixed_use",610000,4.37,7,Urban,90.0,1223.88,15.8,4.6,1,21.0,High,0.98982775
2025-09-19,Ward R/S,Mahavir Nagar junction,19.206,72.83,Poinsur River,14.0,"transport, commercial, mixed_use",610000,4.37,7,Urban,90.0,1223.88,0.0,0.3,0,5.0,High,0.9692308
2025-09-20,Ward R/S,Mahavir Nagar junction,19.206,72.83,Poinsur River,14.0,"transport, commercial, mixed_use",610000,4.37,7,Urban,90.0,1223.88,22.1,0.9208333333333334,1,24.0,Moderate,0.65077704
2025-09-21,Ward R/S,Mahavir Nagar junction,19.206,72.83,Poinsur River,14.0,"transport, commercial, mixed_use",610000,4.37,7,Urban,90.0,1223.88,24.3,1.0125,1,24.0,Moderate,0.8084994
2025-09-22,Ward R/S,Mahavir Nagar junction,19.206,72.83,Poinsur River,14.0,"transport, commercial, mixed_use",610000,4.37,7,Urban,90.0,1223.88,52.2,2.1750000000000003,1,24.0,High,0.9985973
2025-09-23,Ward R/S,Mahavir Nagar junction,19.206,72.83,Poinsur River,14.0,"transport, commercial, mixed_use",610000,4.37,7,Urban,90.0,1223.88,31.9,1.3291666666666666,1,24.0,Moderate,0.62369466
2025-09-24,Ward R/S,Mahavir Nagar junction,19.206,72.83,Poinsur River,14.0,"transport, commercial, mixed_use",610000,4.37,7,Urban,90.0,1223.88,1.5,0.1,1,15.0,High,0.81584823
2025-09-25,Ward R/S,Mahavir Nagar junction,19.206,72.83,Poinsur River,14.0,"transport, commercial, mixed_use",610000,4.37,7,Urban,90.0,1223.88,1.8,0.2,1,9.0,High,0.81584823
2025-09-26,Ward R/S,Mahavir Nagar junction,19.206,72.83,Poinsur River,14.0,"transport, commercial, mixed_use",610000,4.37,7,Urban,90.0,1223.88,3.0,0.2,1,15.0,High,0.81054336
2025-09-13,Ward G/N,Mahim,19.0423145,72.8398344,Mahim Creek,7.537038075,park,430000,2.435036502,3988,Sand,50.80712462,2311.0,12.4,2.1,1,18.0,High,0.998185
2025-09-14,Ward G/N,Mahim,19.0423145,72.8398344,Mahim Creek,7.537038075,park,430000,2.435036502,3988,Sand,50.80712462,2311.0,16.3,3.6,1,24.0,High,0.998185
2025-09-15,Ward G/N,Mahim,19.0423145,72.8398344,Mahim Creek,7.537038075,park,430000,2.435036502,3988,Sand,50.80712462,2311.0,72.3,13.2,1,18.0,High,0.9996561
2025-09-16,Ward G/N,Mahim,19.0423145,72.8398344,Mahim Creek,7.537038075,park,430000,2.435036502,3988,Sand,50.80712462,2311.0,7.8,0.9,1,22.0,High,0.9983746
2025-09-17,Ward G/N,Mahim,19.0423145,72.8398344,Mahim Creek,7.537038075,park,430000,2.435036502,3988,Sand,50.80712462,2311.0,15.2,4.5,1,22.0,High,0.998185
2025-09-18,Ward G/N,Mahim,19.0423145,72.8398344,Mahim Creek,7.537038075,park,430000,2.435036502,3988,Sand,50.80712462,2311.0,9.9,1.3,1,21.0,High,0.9984578
2025-09-19,Ward G/N,Mahim,19.0423145,72.8398344,Mahim Creek,7.537038075,park,430000,2.435036502,3988,Sand,50.80712462,2311.0,0.0,3.3,0,6.0,High,0.9961266
2025-09-20,Ward G/N,Mahim,19.0423145,72.8398344,Mahim Creek,7.537038075,park,430000,2.435036502,3988,Sand,50.80712462,2311.0,22.4,0.9333333333333332,1,24.0,High,0.9946607
2025-09-21,Ward G/N,Mahim,19.0423145,72.8398344,Mahim Creek,7.537038075,park,430000,2.435036502,3988,Sand,50.80712462,2311.0,23.7,0.9875,1,24.0,High,0.9946607
2025-09-22,Ward G/N,Mahim,19.0423145,72.8398344,Mahim Creek,7.537038075,park,430000,2.435036502,3988,Sand,50.80712462,2311.0,43.5,1.8125,1,24.0,High,0.99902546
2025-09-23,Ward G/N,Mahim,19.0423145,72.8398344,Mahim Creek,7.537038075,park,430000,2.435036502,3988,Sand,50.80712462,2311.0,29.8,1.3545454545454545,1,22.0,High,0.99505025
2025-09-24,Ward G/N,Mahim,19.0423145,72.8398344,Mahim Creek,7.537038075,park,430000,2.435036502,3988,Sand,50.80712462,2311.0,3.3,0.1571428571428571,1,21.0,High,0.9040058
2025-09-25,Ward G/N,Mahim,19.0423145,72.8398344,Mahim Creek,7.537038075,park,430000,2.435036502,3988,Sand,50.80712462,2311.0,1.8,0.15,1,12.0,High,0.90649706
2025-09-26,Ward G/N,Mahim,19.0423145,72.8398344,Mahim Creek,7.537038075,park,430000,2.435036502,3988,Sand,50.80712462,2311.0,3.6,0.2,1,18.0,High,0.9040058
2025-09-13,Ward M/W,Mahul Village,19.0054,72.8841,Chembur Nalla,4.0,"transport, mixed_use",580000,23.35,5,Clayey,90.0,152.33,12.4,2.1,1,18.0,High,0.9978661
2025-09-14,Ward M/W,Mahul Village,19.0054,72.8841,Chembur Nalla,4.0,"transport, mixed_use",580000,23.35,5,Clayey,90.0,152.33,16.3,3.6,1,24.0,High,0.9978661
2025-09-15,Ward M/W,Mahul Village,19.0054,72.8841,Chembur Nalla,4.0,"transport, mixed_use",580000,23.35,5,Clayey,90.0,152.33,72.3,13.2,1,18.0,High,0.9996276
2025-09-16,Ward M/W,Mahul Village,19.0054,72.8841,Chembur Nalla,4.0,"transport, mixed_use",580000,23.35,5,Clayey,90.0,152.33,7.8,0.9,1,22.0,High,0.9973636
2025-09-17,Ward M/W,Mahul Village,19.0054,72.8841,Chembur Nalla,4.0,"transport, mixed_use",580000,23.35,5,Clayey,90.0,152.33,15.2,4.5,1,22.0,High,0.9978661
2025-09-18,Ward M/W,Mahul Village,19.0054,72.8841,Chembur Nalla,4.0,"transport, mixed_use",580000,23.35,5,Clayey,90.0,152.33,9.9,1.3,1,21.0,High,0.99815995
2025-09-19,Ward M/W,Mahul Village,19.0054,72.8841,Chembur Nalla,4.0,"transport, mixed_use",580000,23.35,5,Clayey,90.0,152.33,0.0,3.3,0,6.0,High,0.99210256
2025-09-20,Ward M/W,Mahul Village,19.0054,72.8841,Chembur Nalla,4.0,"transport, mixed_use",580000,23.35,5,Clayey,90.0,152.33,22.4,0.9333333333333332,1,24.0,High,0.99274206
2025-09-21,Ward M/W,Mahul Village,19.0054,72.8841,Chembur Nalla,4.0,"transport, mixed_use",580000,23.35,5,Clayey,90.0,152.33,23.7,0.9875,1,24.0,High,0.99274206
2025-09-22,Ward M/W,Mahul Village,19.0054,72.8841,Chembur Nalla,4.0,"transport, mixed_use",580000,23.35,5,Clayey,90.0,152.33,43.5,1.8125,1,24.0,High,0.9989987
2025-09-23,Ward M/W,Mahul Village,19.0054,72.8841,Chembur Nalla,4.0,"transport, mixed_use",580000,23.35,5,Clayey,90.0,152.33,29.8,1.3545454545454545,1,22.0,High,0.9946714
2025-09-24,Ward M/W,Mahul Village,19.0054,72.8841,Chembur Nalla,4.0,"transport, mixed_use",580000,23.35,5,Clayey,90.0,152.33,3.3,0.1571428571428571,1,21.0,High,0.89600724
2025-09-25,Ward M/W,Mahul Village,19.0054,72.8841,Chembur Nalla,4.0,"transport, mixed_use",580000,23.35,5,Clayey,90.0,152.33,1.8,0.15,1,12.0,High,0.900058
2025-09-26,Ward M/W,Mahul Village,19.0054,72.8841,Chembur Nalla,4.0,"transport, mixed_use",580000,23.35,5,Clayey,90.0,152.33,3.6,0.2,1,18.0,High,0.89600724
2025-09-13,Ward R/C,Mandapeshwar Creek edge,19.2408,72.8173,Kurla Nalla,2.0,"residential, slum, mixed_use",940000,28.38,67,Clayey,90.0,87.58,8.5,2.4,1,14.0,High,0.9949587
2025-09-14,Ward R/C,Mandapeshwar Creek edge,19.2408,72.8173,Kurla Nalla,2.0,"residential, slum, mixed_use",940000,28.38,67,Clayey,90.0,87.58,8.0,1.3,1,22.0,High,0.99548197
2025-09-15,Ward R/C,Mandapeshwar Creek edge,19.2408,72.8173,Kurla Nalla,2.0,"residential, slum, mixed_use",940000,28.38,67,Clayey,90.0,87.58,17.3,4.3,1,20.0,High,0.9906221
2025-09-16,Ward R/C,Mandapeshwar Creek edge,19.2408,72.8173,Kurla Nalla,2.0,"residential, slum, mixed_use",940000,28.38,67,Clayey,90.0,87.58,10.0,2.4,1,22.0,High,0.9949587
2025-09-17,Ward R/C,Mandapeshwar Creek edge,19.2408,72.8173,Kurla Nalla,2.0,"residential, slum, mixed_use",940000,28.38,67,Clayey,90.0,87.58,17.9,12.7,1,18.0,High,0.9906221
2025-09-18,Ward R/C,Mandapeshwar Creek edge,19.2408,72.8173,Kurla Nalla,2.0,"residential, slum, mixed_use",940000,28.38,67,Clayey,90.0,87.58,15.8,4.6,1,21.0,High,0.99454355
2025-09-19,Ward R/C,Mandapeshwar Creek edge,19.2408,72.8173,Kurla Nalla,2.0,"residential, slum, mixed_use",940000,28.38,67,Clayey,90.0,87.58,0.0,0.3,0,5.0,High,0.9800939
2025-09-20,Ward R/C,Mandapeshwar Creek edge,19.2408,72.8173,Kurla Nalla,2.0,"residential, slum, mixed_use",940000,28.38,67,Clayey,90.0,87.58,22.1,0.9208333333333334,1,24.0,High,0.9913727
2025-09-21,Ward R/C,Mandapeshwar Creek edge,19.2408,72.8173,Kurla Nalla,2.0,"residential, slum, mixed_use",940000,28.38,67,Clayey,90.0,87.58,24.3,1.0125,1,24.0,High,0.99000764
2025-09-22,Ward R/C,Mandapeshwar Creek edge,19.2408,72.8173,Kurla Nalla,2.0,"residential, slum, mixed_use",940000,28.38,67,Clayey,90.0,87.58,52.2,2.1750000000000003,1,24.0,High,0.9987748
2025-09-23,Ward R/C,Mandapeshwar Creek edge,19.2408,72.8173,Kurla Nalla,2.0,"residential, slum, mixed_use",940000,28.38,67,Clayey,90.0,87.58,31.9,1.3291666666666666,1,24.0,High,0.9903155
2025-09-24,Ward R/C,Mandapeshwar Creek edge,19.2408,72.8173,Kurla Nalla,2.0,"residential, slum, mixed_use",940000,28.38,67,Clayey,90.0,87.58,1.5,0.1,1,15.0,High,0.92356575
2025-09-25,Ward R/C,Mandapeshwar Creek edge,19.2408,72.8173,Kurla Nalla,2.0,"residential, slum, mixed_use",940000,28.38,67,Clayey,90.0,87.58,1.8,0.2,1,9.0,High,0.9228014
2025-09-26,Ward R/C,Mandapeshwar Creek edge,19.2408,72.8173,Kurla Nalla,2.0,"residential, slum, mixed_use",940000,28.38,67,Clayey,90.0,87.58,3.0,0.2,1,15.0,High,0.9197209
2025-09-13,Ward C,Marine Lines Subway,18.9458,72.8238,Arabian Sea ,16.0,"transport, mixed_use",190000,30.29,5,Urban,90.0,2265.59,11.8,3.3,1,14.0,Moderate,0.9840591
2025-09-14,Ward C,Marine Lines Subway,18.9458,72.8238,Arabian Sea ,16.0,"transport, mixed_use",190000,30.29,5,Urban,90.0,2265.59,15.1,2.9,1,19.0,Moderate,0.98499435
2025-09-15,Ward C,Marine Lines Subway,18.9458,72.8238,Arabian Sea ,16.0,"transport, mixed_use",190000,30.29,5,Urban,90.0,2265.59,82.8,12.7,1,19.0,Moderate,0.9863237
2025-09-16,Ward C,Marine Lines Subway,18.9458,72.8238,Arabian Sea ,16.0,"transport, mixed_use",190000,30.29,5,Urban,90.0,2265.59,10.6,1.3,1,20.0,Moderate,0.98229235
2025-09-17,Ward C,Marine Lines Subway,18.9458,72.8238,Arabian Sea ,16.0,"transport, mixed_use",190000,30.29,5,Urban,90.0,2265.59,10.4,1.6,1,21.0,Moderate,0.98229235
2025-09-18,Ward C,Marine Lines Subway,18.9458,72.8238,Arabian Sea ,16.0,"transport, mixed_use",190000,30.29,5,Urban,90.0,2265.59,18.7,3.3,1,21.0,Moderate,0.9985637
2025-09-19,Ward C,Marine Lines Subway,18.9458,72.8238,Arabian Sea ,16.0,"transport, mixed_use",190000,30.29,5,Urban,90.0,2265.59,0.0,3.3,0,6.0,Moderate,0.9891923
2025-09-20,Ward C,Marine Lines Subway,18.9458,72.8238,Arabian Sea ,16.0,"transport, mixed_use",190000,30.29,5,Urban,90.0,2265.59,22.4,0.9333333333333332,1,24.0,Moderate,0.9989421
2025-09-21,Ward C,Marine Lines Subway,18.9458,72.8238,Arabian Sea ,16.0,"transport, mixed_use",190000,30.29,5,Urban,90.0,2265.59,23.7,0.9875,1,24.0,Moderate,0.9989421
2025-09-22,Ward C,Marine Lines Subway,18.9458,72.8238,Arabian Sea ,16.0,"transport, mixed_use",190000,30.29,5,Urban,90.0,2265.59,43.5,1.8125,1,24.0,Moderate,0.98397106
2025-09-23,Ward C,Marine Lines Subway,18.9458,72.8238,Arabian Sea ,16.0,"transport, mixed_use",190000,30.29,5,Urban,90.0,2265.59,29.8,1.3545454545454545,1,22.0,Moderate,0.9984218
2025-09-24,Ward C,Marine Lines Subway,18.9458,72.8238,Arabian Sea ,16.0,"transport, mixed_use",190000,30.29,5,Urban,90.0,2265.59,3.3,0.1571428571428571,1,21.0,Moderate,0.9945621
2025-09-25,Ward C,Marine Lines Subway,18.9458,72.8238,Arabian Sea ,16.0,"transport, mixed_use",190000,30.29,5,Urban,90.0,2265.59,1.8,0.15,1,12.0,Moderate,0.9943111
2025-09-26,Ward C,Marine Lines Subway,18.9458,72.8238,Arabian Sea ,16.0,"transport, mixed_use",190000,30.29,5,Urban,90.0,2265.59,3.6,0.2,1,18.0,Moderate,0.9945621
2025-09-13,Ward K/E,Marol Naka,19.1049,72.8837,Powai Lake,11.0,"transport, mixed_use",880000,12.49,8,Urban,90.0,439.32,12.7,3.5,1,17.0,High,0.9909985
2025-09-14,Ward K/E,Marol Naka,19.1049,72.8837,Powai Lake,11.0,"transport, mixed_use",880000,12.49,8,Urban,90.0,439.32,12.2,2.8,1,22.0,High,0.9909985
2025-09-15,Ward K/E,Marol Naka,19.1049,72.8837,Powai Lake,11.0,"transport, mixed_use",880000,12.49,8,Urban,90.0,439.32,65.5,10.6,1,18.0,High,0.999479
2025-09-16,Ward K/E,Marol Naka,19.1049,72.8837,Powai Lake,11.0,"transport, mixed_use",880000,12.49,8,Urban,90.0,439.32,5.2,0.9,1,23.0,High,0.9917441
2025-09-17,Ward K/E,Marol Naka,19.1049,72.8837,Powai Lake,11.0,"transport, mixed_use",880000,12.49,8,Urban,90.0,439.32,25.7,14.8,1,21.0,High,0.52179754
2025-09-18,Ward K/E,Marol Naka,19.1049,72.8837,Powai Lake,11.0,"transport, mixed_use",880000,12.49,8,Urban,90.0,439.32,10.4,1.9,1,21.0,High,0.9924865
2025-09-19,Ward K/E,Marol Naka,19.1049,72.8837,Powai Lake,11.0,"transport, mixed_use",880000,12.49,8,Urban,90.0,439.32,0.0,0.7,0,3.0,High,0.9641481
2025-09-20,Ward K/E,Marol Naka,19.1049,72.8837,Powai Lake,11.0,"transport, mixed_use",880000,12.49,8,Urban,90.0,439.32,22.4,0.9333333333333332,1,24.0,Moderate,0.52238846
2025-09-21,Ward K/E,Marol Naka,19.1049,72.8837,Powai Lake,11.0,"transport, mixed_use",880000,12.49,8,Urban,90.0,439.32,23.7,0.9875,1,24.0,Moderate,0.52238846
2025-09-22,Ward K/E,Marol Naka,19.1049,72.8837,Powai Lake,11.0,"transport, mixed_use",880000,12.49,8,Urban,90.0,439.32,43.5,1.8125,1,24.0,High,0.9911794
2025-09-23,Ward K/E,Marol Naka,19.1049,72.8837,Powai Lake,11.0,"transport, mixed_use",880000,12.49,8,Urban,90.0,439.32,29.8,1.3545454545454545,1,22.0,High,0.5574697
2025-09-24,Ward K/E,Marol Naka,19.1049,72.8837,Powai Lake,11.0,"transport, mixed_use",880000,12.49,8,Urban,90.0,439.32,3.3,0.1571428571428571,1,21.0,High,0.8099727
2025-09-25,Ward K/E,Marol Naka,19.1049,72.8837,Powai Lake,11.0,"transport, mixed_use",880000,12.49,8,Urban,90.0,439.32,1.8,0.15,1,12.0,High,0.8156077
2025-09-26,Ward K/E,Marol Naka,19.1049,72.8837,Powai Lake,11.0,"transport, mixed_use",880000,12.49,8,Urban,90.0,439.32,3.6,0.2,1,18.0,High,0.8099727
2025-09-13,Ward P/N,Marve,19.1946967,72.7992026,Malad/Marve Creek,5.679746143,residential,820000,4.596799512,2053,Sand,68.46434896,5220.0,8.5,2.4,1,14.0,High,0.99440974
2025-09-14,Ward P/N,Marve,19.1946967,72.7992026,Malad/Marve Creek,5.679746143,residential,820000,4.596799512,2053,Sand,68.46434896,5220.0,8.0,1.3,1,22.0,High,0.9949897
2025-09-15,Ward P/N,Marve,19.1946967,72.7992026,Malad/Marve Creek,5.679746143,residential,820000,4.596799512,2053,Sand,68.46434896,5220.0,17.3,4.3,1,20.0,High,0.9883001
2025-09-16,Ward P/N,Marve,19.1946967,72.7992026,Malad/Marve Creek,5.679746143,residential,820000,4.596799512,2053,Sand,68.46434896,5220.0,10.0,2.4,1,22.0,High,0.99440974
2025-09-17,Ward P/N,Marve,19.1946967,72.7992026,Malad/Marve Creek,5.679746143,residential,820000,4.596799512,2053,Sand,68.46434896,5220.0,17.9,12.7,1,18.0,High,0.9883001
2025-09-18,Ward P/N,Marve,19.1946967,72.7992026,Malad/Marve Creek,5.679746143,residential,820000,4.596799512,2053,Sand,68.46434896,5220.0,15.8,4.6,1,21.0,High,0.9938606
2025-09-19,Ward P/N,Marve,19.1946967,72.7992026,Malad/Marve Creek,5.679746143,residential,820000,4.596799512,2053,Sand,68.46434896,5220.0,0.0,0.3,0,5.0,High,0.9768009
2025-09-20,Ward P/N,Marve,19.1946967,72.7992026,Malad/Marve Creek,5.679746143,residential,820000,4.596799512,2053,Sand,68.46434896,5220.0,22.4,0.9333333333333332,1,24.0,High,0.98909956
2025-09-21,Ward P/N,Marve,19.1946967,72.7992026,Malad/Marve Creek,5.679746143,residential,820000,4.596799512,2053,Sand,68.46434896,5220.0,23.7,0.9875,1,24.0,High,0.98909956
2025-09-22,Ward P/N,Marve,19.1946967,72.7992026,Malad/Marve Creek,5.679746143,residential,820000,4.596799512,2053,Sand,68.46434896,5220.0,43.5,1.8125,1,24.0,High,0.9861631
2025-09-23,Ward P/N,Marve,19.1946967,72.7992026,Malad/Marve Creek,5.679746143,residential,820000,4.596799512,2053,Sand,68.46434896,5220.0,29.8,1.3545454545454545,1,22.0,High,0.98791844
2025-09-24,Ward P/N,Marve,19.1946967,72.7992026,Malad/Marve Creek,5.679746143,residential,820000,4.596799512,2053,Sand,68.46434896,5220.0,3.3,0.1571428571428571,1,21.0,High,0.8920519
2025-09-25,Ward P/N,Marve,19.1946967,72.7992026,Malad/Marve Creek,5.679746143,residential,820000,4.596799512,2053,Sand,68.46434896,5220.0,1.8,0.15,1,12.0,High,0.89531094
2025-09-26,Ward P/N,Marve,19.1946967,72.7992026,Malad/Marve Creek,5.679746143,residential,820000,4.596799512,2053,Sand,68.46434896,5220.0,3.6,0.2,1,18.0,High,0.8920519
2025-09-13,Ward F/N,Matunga,19.0274356,72.8501467,Mahim Creek,8.049331941,residential,530000,4.711813057,1277,Clay,56.44494497,3717.0,12.4,2.1,1,18.0,High,0.9980884
2025-09-14,Ward F/N,Matunga,19.0274356,72.8501467,Mahim Creek,8.049331941,residential,530000,4.711813057,1277,Clay,56.44494497,3717.0,16.3,3.6,1,24.0,High,0.9980884
2025-09-15,Ward F/N,Matunga,19.0274356,72.8501467,Mahim Creek,8.049331941,residential,530000,4.711813057,1277,Clay,56.44494497,3717.0,72.3,13.2,1,18.0,High,0.99964416
2025-09-16,Ward F/N,Matunga,19.0274356,72.8501467,Mahim Creek,8.049331941,residential,530000,4.711813057,1277,Clay,56.44494497,3717.0,7.8,0.9,1,22.0,High,0.9982875
2025-09-17,Ward F/N,Matunga,19.0274356,72.8501467,Mahim Creek,8.049331941,residential,530000,4.711813057,1277,Clay,56.44494497,3717.0,15.2,4.5,1,22.0,High,0.9980884
2025-09-18,Ward F/N,Matunga,19.0274356,72.8501467,Mahim Creek,8.049331941,residential,530000,4.711813057,1277,Clay,56.44494497,3717.0,9.9,1.3,1,21.0,High,0.9983758
2025-09-19,Ward F/N,Matunga,19.0274356,72.8501467,Mahim Creek,8.049331941,residential,530000,4.711813057,1277,Clay,56.44494497,3717.0,0.0,3.3,0,6.0,High,0.9955493
2025-09-20,Ward F/N,Matunga,19.0274356,72.8501467,Mahim Creek,8.049331941,residential,530000,4.711813057,1277,Clay,56.44494497,3717.0,22.4,0.9333333333333332,1,24.0,High,0.9943598
2025-09-21,Ward F/N,Matunga,19.0274356,72.8501467,Mahim Creek,8.049331941,residential,530000,4.711813057,1277,Clay,56.44494497,3717.0,23.7,0.9875,1,24.0,High,0.9943598
2025-09-22,Ward F/N,Matunga,19.0274356,72.8501467,Mahim Creek,8.049331941,residential,530000,4.711813057,1277,Clay,56.44494497,3717.0,43.5,1.8125,1,24.0,High,0.9989642
2025-09-23,Ward F/N,Matunga,19.0274356,72.8501467,Mahim Creek,8.049331941,residential,530000,4.711813057,1277,Clay,56.44494497,3717.0,29.8,1.3545454545454545,1,22.0,High,0.9947726
2025-09-24,Ward F/N,Matunga,19.0274356,72.8501467,Mahim Creek,8.049331941,residential,530000,4.711813057,1277,Clay,56.44494497,3717.0,3.3,0.1571428571428571,1,21.0,High,0.9054224
2025-09-25,Ward F/N,Matunga,19.0274356,72.8501467,Mahim Creek,8.049331941,residential,530000,4.711813057,1277,Clay,56.44494497,3717.0,1.8,0.15,1,12.0,High,0.9078757
2025-09-26,Ward F/N,Matunga,19.0274356,72.8501467,Mahim Creek,8.049331941,residential,530000,4.711813057,1277,Clay,56.44494497,3717.0,3.6,0.2,1,18.0,High,0.9054224
2025-09-13,Ward T,Mehul Circle,19.1741,72.9592,Tulsi Lake,5.0,"commercial, residential, mixed_use",640000,18.36,15,Urban,90.0,569.83,9.5,2.4,1,17.0,High,0.99868935
2025-09-14,Ward T,Mehul Circle,19.1741,72.9592,Tulsi Lake,5.0,"commercial, residential, mixed_use",640000,18.36,15,Urban,90.0,569.83,11.9,2.8,1,22.0,High,0.99868935
2025-09-15,Ward T,Mehul Circle,19.1741,72.9592,Tulsi Lake,5.0,"commercial, residential, mixed_use",640000,18.36,15,Urban,90.0,569.83,29.4,5.5,1,17.0,High,0.9956489
2025-09-16,Ward T,Mehul Circle,19.1741,72.9592,Tulsi Lake,5.0,"commercial, residential, mixed_use",640000,18.36,15,Urban,90.0,569.83,12.9,4.6,1,21.0,High,0.99868935
2025-09-17,Ward T,Mehul Circle,19.1741,72.9592,Tulsi Lake,5.0,"commercial, residential, mixed_use",640000,18.36,15,Urban,90.0,569.83,32.2,14.0,1,22.0,High,0.9956489
2025-09-18,Ward T,Mehul Circle,19.1741,72.9592,Tulsi Lake,5.0,"commercial, residential, mixed_use",640000,18.36,15,Urban,90.0,569.83,12.5,2.0,1,20.0,High,0.9989073
2025-09-19,Ward T,Mehul Circle,19.1741,72.9592,Tulsi Lake,5.0,"commercial, residential, mixed_use",640000,18.36,15,Urban,90.0,569.83,0.0,0.1,0,1.0,High,0.8782359
2025-09-20,Ward T,Mehul Circle,19.1741,72.9592,Tulsi Lake,5.0,"commercial, residential, mixed_use",640000,18.36,15,Urban,90.0,569.83,17.6,0.7333333333333334,1,24.0,High,0.99637467
2025-09-21,Ward T,Mehul Circle,19.1741,72.9592,Tulsi Lake,5.0,"commercial, residential, mixed_use",640000,18.36,15,Urban,90.0,569.83,15.6,0.6782608695652174,1,23.0,High,0.9991035
2025-09-22,Ward T,Mehul Circle,19.1741,72.9592,Tulsi Lake,5.0,"commercial, residential, mixed_use",640000,18.36,15,Urban,90.0,569.83,28.1,1.1708333333333334,1,24.0,High,0.9946911
2025-09-23,Ward T,Mehul Circle,19.1741,72.9592,Tulsi Lake,5.0,"commercial, residential, mixed_use",640000,18.36,15,Urban,90.0,569.83,33.2,1.5090909090909093,1,22.0,High,0.996229
2025-09-24,Ward T,Mehul Circle,19.1741,72.9592,Tulsi Lake,5.0,"commercial, residential, mixed_use",640000,18.36,15,Urban,90.0,569.83,1.5,0.1666666666666666,1,9.0,High,0.8934964
2025-09-25,Ward T,Mehul Circle,19.1741,72.9592,Tulsi Lake,5.0,"commercial, residential, mixed_use",640000,18.36,15,Urban,90.0,569.83,0.0,0.0,0,0.0,High,0.8403041
2025-09-26,Ward T,Mehul Circle,19.1741,72.9592,Tulsi Lake,5.0,"commercial, residential, mixed_use",640000,18.36,15,Urban,90.0,569.83,1.5,0.1666666666666666,1,9.0,High,0.8934964
2025-09-13,Ward A,Metro Cinema Subway,18.9445,72.8279,Arabian Sea ,12.0,"commercial, transport",185000,31.67,10,Urban,90.0,2022.25,11.8,3.3,1,14.0,High,0.97938764
2025-09-14,Ward A,Metro Cinema Subway,18.9445,72.8279,Arabian Sea ,12.0,"commercial, transport",185000,31.67,10,Urban,90.0,2022.25,15.1,2.9,1,19.0,High,0.9781753
2025-09-15,Ward A,Metro Cinema Subway,18.9445,72.8279,Arabian Sea ,12.0,"commercial, transport",185000,31.67,10,Urban,90.0,2022.25,82.8,12.7,1,19.0,High,0.9967308
2025-09-16,Ward A,Metro Cinema Subway,18.9445,72.8279,Arabian Sea ,12.0,"commercial, transport",185000,31.67,10,Urban,90.0,2022.25,10.6,1.3,1,20.0,High,0.9821806
2025-09-17,Ward A,Metro Cinema Subway,18.9445,72.8279,Arabian Sea ,12.0,"commercial, transport",185000,31.67,10,Urban,90.0,2022.25,10.4,1.6,1,21.0,High,0.9821806
2025-09-18,Ward A,Metro Cinema Subway,18.9445,72.8279,Arabian Sea ,12.0,"commercial, transport",185000,31.67,10,Urban,90.0,2022.25,18.7,3.3,1,21.0,Moderate,0.5891399
2025-09-19,Ward A,Metro Cinema Subway,18.9445,72.8279,Arabian Sea ,12.0,"commercial, transport",185000,31.67,10,Urban,90.0,2022.25,0.0,3.3,0,6.0,High,0.93301415
2025-09-20,Ward A,Metro Cinema Subway,18.9445,72.8279,Arabian Sea ,12.0,"commercial, transport",185000,31.67,10,Urban,90.0,2022.25,22.4,0.9333333333333332,1,24.0,Moderate,0.69118774
2025-09-21,Ward A,Metro Cinema Subway,18.9445,72.8279,Arabian Sea ,12.0,"commercial, transport",185000,31.67,10,Urban,90.0,2022.25,23.7,0.9875,1,24.0,Moderate,0.69118774
2025-09-22,Ward A,Metro Cinema Subway,18.9445,72.8279,Arabian Sea ,12.0,"commercial, transport",185000,31.67,10,Urban,90.0,2022.25,43.5,1.8125,1,24.0,High,0.983923
2025-09-23,Ward A,Metro Cinema Subway,18.9445,72.8279,Arabian Sea ,12.0,"commercial, transport",185000,31.67,10,Urban,90.0,2022.25,29.8,1.3545454545454545,1,22.0,Moderate,0.55443627
2025-09-24,Ward A,Metro Cinema Subway,18.9445,72.8279,Arabian Sea ,12.0,"commercial, transport",185000,31.67,10,Urban,90.0,2022.25,3.3,0.1571428571428571,1,21.0,Moderate,0.6126215
2025-09-25,Ward A,Metro Cinema Subway,18.9445,72.8279,Arabian Sea ,12.0,"commercial, transport",185000,31.67,10,Urban,90.0,2022.25,1.8,0.15,1,12.0,Moderate,0.6018014
2025-09-26,Ward A,Metro Cinema Subway,18.9445,72.8279,Arabian Sea ,12.0,"commercial, transport",185000,31.67,10,Urban,90.0,2022.25,3.6,0.2,1,18.0,Moderate,0.6126215
2025-09-13,Ward P/S,Motilal Nagar,19.1613,72.8407,Goregaon Nalla,11.0,"transport, mixed_use",670000,30.68,10,Sandy,90.0,427.93,10.6,2.2,1,16.0,High,0.98676586
2025-09-14,Ward P/S,Motilal Nagar,19.1613,72.8407,Goregaon Nalla,11.0,"transport, mixed_use",670000,30.68,10,Sandy,90.0,427.93,12.1,2.6,1,21.0,High,0.98676586
2025-09-15,Ward P/S,Motilal Nagar,19.1613,72.8407,Goregaon Nalla,11.0,"transport, mixed_use",670000,30.68,10,Sandy,90.0,427.93,29.1,5.0,1,17.0,Moderate,0.54291606
2025-09-16,Ward P/S,Motilal Nagar,19.1613,72.8407,Goregaon Nalla,11.0,"transport, mixed_use",670000,30.68,10,Sandy,90.0,427.93,6.6,2.4,1,20.0,High,0.98676586
2025-09-17,Ward P/S,Motilal Nagar,19.1613,72.8407,Goregaon Nalla,11.0,"transport, mixed_use",670000,30.68,10,Sandy,90.0,427.93,27.8,19.8,1,23.0,Moderate,0.54291606
2025-09-18,Ward P/S,Motilal Nagar,19.1613,72.8407,Goregaon Nalla,11.0,"transport, mixed_use",670000,30.68,10,Sandy,90.0,427.93,14.8,3.1,1,22.0,High,0.98598516
2025-09-19,Ward P/S,Motilal Nagar,19.1613,72.8407,Goregaon Nalla,11.0,"transport, mixed_use",670000,30.68,10,Sandy,90.0,427.93,0.0,0.1,0,2.0,High,0.6915522
2025-09-20,Ward P/S,Motilal Nagar,19.1613,72.8407,Goregaon Nalla,11.0,"transport, mixed_use",670000,30.68,10,Sandy,90.0,427.93,22.4,0.9333333333333332,1,24.0,Moderate,0.51174194
2025-09-21,Ward P/S,Motilal Nagar,19.1613,72.8407,Goregaon Nalla,11.0,"transport, mixed_use",670000,30.68,10,Sandy,90.0,427.93,23.7,0.9875,1,24.0,Moderate,0.51174194
2025-09-22,Ward P/S,Motilal Nagar,19.1613,72.8407,Goregaon Nalla,11.0,"transport, mixed_use",670000,30.68,10,Sandy,90.0,427.93,43.5,1.8125,1,24.0,High,0.8529499
2025-09-23,Ward P/S,Motilal Nagar,19.1613,72.8407,Goregaon Nalla,11.0,"transport, mixed_use",670000,30.68,10,Sandy,90.0,427.93,29.8,1.3545454545454545,1,22.0,Moderate,0.51571816
2025-09-24,Ward P/S,Motilal Nagar,19.1613,72.8407,Goregaon Nalla,11.0,"transport, mixed_use",670000,30.68,10,Sandy,90.0,427.93,3.3,0.1571428571428571,1,21.0,High,0.81500125
2025-09-25,Ward P/S,Motilal Nagar,19.1613,72.8407,Goregaon Nalla,11.0,"transport, mixed_use",670000,30.68,10,Sandy,90.0,427.93,1.8,0.15,1,12.0,High,0.82020646
2025-09-26,Ward P/S,Motilal Nagar,19.1613,72.8407,Goregaon Nalla,11.0,"transport, mixed_use",670000,30.68,10,Sandy,90.0,427.93,3.6,0.2,1,18.0,High,0.81500125
2025-09-13,Ward T,Mulund,19.1704719,72.9610447,Thane Creek,7.288090036,residential,640000,4.114527708,4629,Urban,66.27593265,4313.0,9.5,2.4,1,17.0,High,0.9978021
2025-09-14,Ward T,Mulund,19.1704719,72.9610447,Thane Creek,7.288090036,residential,640000,4.114527708,4629,Urban,66.27593265,4313.0,11.9,2.8,1,22.0,High,0.9978021
2025-09-15,Ward T,Mulund,19.1704719,72.9610447,Thane Creek,7.288090036,residential,640000,4.114527708,4629,Urban,66.27593265,4313.0,29.4,5.5,1,17.0,High,0.991981
2025-09-16,Ward T,Mulund,19.1704719,72.9610447,Thane Creek,7.288090036,residential,640000,4.114527708,4629,Urban,66.27593265,4313.0,12.9,4.6,1,21.0,High,0.9977696
2025-09-17,Ward T,Mulund,19.1704719,72.9610447,Thane Creek,7.288090036,residential,640000,4.114527708,4629,Urban,66.27593265,4313.0,32.2,14.0,1,22.0,High,0.991981
2025-09-18,Ward T,Mulund,19.1704719,72.9610447,Thane Creek,7.288090036,residential,640000,4.114527708,4629,Urban,66.27593265,4313.0,12.5,2.0,1,20.0,High,0.99814034
2025-09-19,Ward T,Mulund,19.1704719,72.9610447,Thane Creek,7.288090036,residential,640000,4.114527708,4629,Urban,66.27593265,4313.0,0.0,0.1,0,1.0,High,0.8377884
2025-09-20,Ward T,Mulund,19.1704719,72.9610447,Thane Creek,7.288090036,residential,640000,4.114527708,4629,Urban,66.27593265,4313.0,17.6,0.7333333333333334,1,24.0,High,0.9936767
2025-09-21,Ward T,Mulund,19.1704719,72.9610447,Thane Creek,7.288090036,residential,640000,4.114527708,4629,Urban,66.27593265,4313.0,15.6,0.6782608695652174,1,23.0,High,0.9984112
2025-09-22,Ward T,Mulund,19.1704719,72.9610447,Thane Creek,7.288090036,residential,640000,4.114527708,4629,Urban,66.27593265,4313.0,28.1,1.1708333333333334,1,24.0,High,0.992328
2025-09-23,Ward T,Mulund,19.1704719,72.9610447,Thane Creek,7.288090036,residential,640000,4.114527708,4629,Urban,66.27593265,4313.0,33.2,1.5090909090909093,1,22.0,High,0.9930466
2025-09-24,Ward T,Mulund,19.1704719,72.9610447,Thane Creek,7.288090036,residential,640000,4.114527708,4629,Urban,66.27593265,4313.0,1.5,0.1666666666666666,1,9.0,High,0.867502
2025-09-25,Ward T,Mulund,19.1704719,72.9610447,Thane Creek,7.288090036,residential,640000,4.114527708,4629,Urban,66.27593265,4313.0,0.0,0.0,0,0.0,High,0.7624807
2025-09-26,Ward T,Mulund,19.1704719,72.9610447,Thane Creek,7.288090036,residential,640000,4.114527708,4629,Urban,66.27593265,4313.0,1.5,0.1666666666666666,1,9.0,High,0.867502
2025-09-13,Ward T,Mulund Railway Subway,19.1728,72.9473,Tulsi Lake,7.0,"transport, mixed_use",640000,24.62,10,Urban,90.0,112.03,9.5,2.4,1,17.0,High,0.99796116
2025-09-14,Ward T,Mulund Railway Subway,19.1728,72.9473,Tulsi Lake,7.0,"transport, mixed_use",640000,24.62,10,Urban,90.0,112.03,11.9,2.8,1,22.0,High,0.99796116
2025-09-15,Ward T,Mulund Railway Subway,19.1728,72.9473,Tulsi Lake,7.0,"transport, mixed_use",640000,24.62,10,Urban,90.0,112.03,29.4,5.5,1,17.0,High,0.99466527
2025-09-16,Ward T,Mulund Railway Subway,19.1728,72.9473,Tulsi Lake,7.0,"transport, mixed_use",640000,24.62,10,Urban,90.0,112.03,12.9,4.6,1,21.0,High,0.99796116
2025-09-17,Ward T,Mulund Railway Subway,19.1728,72.9473,Tulsi Lake,7.0,"transport, mixed_use",640000,24.62,10,Urban,90.0,112.03,32.2,14.0,1,22.0,High,0.99466527
2025-09-18,Ward T,Mulund Railway Subway,19.1728,72.9473,Tulsi Lake,7.0,"transport, mixed_use",640000,24.62,10,Urban,90.0,112.03,12.5,2.0,1,20.0,High,0.99830025
2025-09-19,Ward T,Mulund Railway Subway,19.1728,72.9473,Tulsi Lake,7.0,"transport, mixed_use",640000,24.62,10,Urban,90.0,112.03,0.0,0.1,0,1.0,High,0.8516319
2025-09-20,Ward T,Mulund Railway Subway,19.1728,72.9473,Tulsi Lake,7.0,"transport, mixed_use",640000,24.62,10,Urban,90.0,112.03,17.6,0.7333333333333334,1,24.0,High,0.9955512
2025-09-21,Ward T,Mulund Railway Subway,19.1728,72.9473,Tulsi Lake,7.0,"transport, mixed_use",640000,24.62,10,Urban,90.0,112.03,15.6,0.6782608695652174,1,23.0,High,0.99861133
2025-09-22,Ward T,Mulund Railway Subway,19.1728,72.9473,Tulsi Lake,7.0,"transport, mixed_use",640000,24.62,10,Urban,90.0,112.03,28.1,1.1708333333333334,1,24.0,High,0.9934754
2025-09-23,Ward T,Mulund Railway Subway,19.1728,72.9473,Tulsi Lake,7.0,"transport, mixed_use",640000,24.62,10,Urban,90.0,112.03,33.2,1.5090909090909093,1,22.0,High,0.99537575
2025-09-24,Ward T,Mulund Railway Subway,19.1728,72.9473,Tulsi Lake,7.0,"transport, mixed_use",640000,24.62,10,Urban,90.0,112.03,1.5,0.1666666666666666,1,9.0,High,0.88027734
2025-09-25,Ward T,Mulund Railway Subway,19.1728,72.9473,Tulsi Lake,7.0,"transport, mixed_use",640000,24.62,10,Urban,90.0,112.03,0.0,0.0,0,0.0,High,0.80220246
2025-09-26,Ward T,Mulund Railway Subway,19.1728,72.9473,Tulsi Lake,7.0,"transport, mixed_use",640000,24.62,10,Urban,90.0,112.03,1.5,0.1666666666666666,1,9.0,High,0.88027734
2025-09-13,Ward F/S,Naigaon Cross Road,19.0081,72.8367,Wadala Nalla,10.0,"residential, institutional, mixed_use",470000,25.54,9,Urban,90.0,469.72,12.4,2.1,1,18.0,High,0.9974491
2025-09-14,Ward F/S,Naigaon Cross Road,19.0081,72.8367,Wadala Nalla,10.0,"residential, institutional, mixed_use",470000,25.54,9,Urban,90.0,469.72,16.3,3.6,1,24.0,High,0.9974491
2025-09-15,Ward F/S,Naigaon Cross Road,19.0081,72.8367,Wadala Nalla,10.0,"residential, institutional, mixed_use",470000,25.54,9,Urban,90.0,469.72,72.3,13.2,1,18.0,High,0.99966323
2025-09-16,Ward F/S,Naigaon Cross Road,19.0081,72.8367,Wadala Nalla,10.0,"residential, institutional, mixed_use",470000,25.54,9,Urban,90.0,469.72,7.8,0.9,1,22.0,High,0.9976799
2025-09-17,Ward F/S,Naigaon Cross Road,19.0081,72.8367,Wadala Nalla,10.0,"residential, institutional, mixed_use",470000,25.54,9,Urban,90.0,469.72,15.2,4.5,1,22.0,High,0.9974491
2025-09-18,Ward F/S,Naigaon Cross Road,19.0081,72.8367,Wadala Nalla,10.0,"residential, institutional, mixed_use",470000,25.54,9,Urban,90.0,469.72,9.9,1.3,1,21.0,High,0.99787307
2025-09-19,Ward F/S,Naigaon Cross Road,19.0081,72.8367,Wadala Nalla,10.0,"residential, institutional, mixed_use",470000,25.54,9,Urban,90.0,469.72,0.0,3.3,0,6.0,High,0.98783445
2025-09-20,Ward F/S,Naigaon Cross Road,19.0081,72.8367,Wadala Nalla,10.0,"residential, institutional, mixed_use",470000,25.54,9,Urban,90.0,469.72,22.4,0.9333333333333332,1,24.0,High,0.96373606
2025-09-21,Ward F/S,Naigaon Cross Road,19.0081,72.8367,Wadala Nalla,10.0,"residential, institutional, mixed_use",470000,25.54,9,Urban,90.0,469.72,23.7,0.9875,1,24.0,High,0.96373606
2025-09-22,Ward F/S,Naigaon Cross Road,19.0081,72.8367,Wadala Nalla,10.0,"residential, institutional, mixed_use",470000,25.54,9,Urban,90.0,469.72,43.5,1.8125,1,24.0,High,0.99802643
2025-09-23,Ward F/S,Naigaon Cross Road,19.0081,72.8367,Wadala Nalla,10.0,"residential, institutional, mixed_use",470000,25.54,9,Urban,90.0,469.72,29.8,1.3545454545454545,1,22.0,High,0.9763699
2025-09-24,Ward F/S,Naigaon Cross Road,19.0081,72.8367,Wadala Nalla,10.0,"residential, institutional, mixed_use",470000,25.54,9,Urban,90.0,469.72,3.3,0.1571428571428571,1,21.0,High,0.79966605
2025-09-25,Ward F/S,Naigaon Cross Road,19.0081,72.8367,Wadala Nalla,10.0,"residential, institutional, mixed_use",470000,25.54,9,Urban,90.0,469.72,1.8,0.15,1,12.0,High,0.8039153
2025-09-26,Ward F/S,Naigaon Cross Road,19.0081,72.8367,Wadala Nalla,10.0,"residential, institutional, mixed_use",470000,25.54,9,Urban,90.0,469.72,3.6,0.2,1,18.0,High,0.79966605
2025-09-13,Ward E,Nair Hospital Junction,18.9713,72.8255,Wadala Nalla,8.0,"hospital/institutional, mixed_use",420000,31.93,13,Urban,90.0,1179.12,11.8,3.3,1,14.0,High,0.99639195
2025-09-14,Ward E,Nair Hospital Junction,18.9713,72.8255,Wadala Nalla,8.0,"hospital/institutional, mixed_use",420000,31.93,13,Urban,90.0,1179.12,15.1,2.9,1,19.0,High,0.9960944
2025-09-15,Ward E,Nair Hospital Junction,18.9713,72.8255,Wadala Nalla,8.0,"hospital/institutional, mixed_use",420000,31.93,13,Urban,90.0,1179.12,82.8,12.7,1,19.0,High,0.9988254
2025-09-16,Ward E,Nair Hospital Junction,18.9713,72.8255,Wadala Nalla,8.0,"hospital/institutional, mixed_use",420000,31.93,13,Urban,90.0,1179.12,10.6,1.3,1,20.0,High,0.99687386
2025-09-17,Ward E,Nair Hospital Junction,18.9713,72.8255,Wadala Nalla,8.0,"hospital/institutional, mixed_use",420000,31.93,13,Urban,90.0,1179.12,10.4,1.6,1,21.0,High,0.99687386
2025-09-18,Ward E,Nair Hospital Junction,18.9713,72.8255,Wadala Nalla,8.0,"hospital/institutional, mixed_use",420000,31.93,13,Urban,90.0,1179.12,18.7,3.3,1,21.0,High,0.99360955
2025-09-19,Ward E,Nair Hospital Junction,18.9713,72.8255,Wadala Nalla,8.0,"hospital/institutional, mixed_use",420000,31.93,13,Urban,90.0,1179.12,0.0,3.3,0,6.0,High,0.98448527
2025-09-20,Ward E,Nair Hospital Junction,18.9713,72.8255,Wadala Nalla,8.0,"hospital/institutional, mixed_use",420000,31.93,13,Urban,90.0,1179.12,22.4,0.9333333333333332,1,24.0,High,0.99308217
2025-09-21,Ward E,Nair Hospital Junction,18.9713,72.8255,Wadala Nalla,8.0,"hospital/institutional, mixed_use",420000,31.93,13,Urban,90.0,1179.12,23.7,0.9875,1,24.0,High,0.99308217
2025-09-22,Ward E,Nair Hospital Junction,18.9713,72.8255,Wadala Nalla,8.0,"hospital/institutional, mixed_use",420000,31.93,13,Urban,90.0,1179.12,43.5,1.8125,1,24.0,High,0.9985891
2025-09-23,Ward E,Nair Hospital Junction,18.9713,72.8255,Wadala Nalla,8.0,"hospital/institutional, mixed_use",420000,31.93,13,Urban,90.0,1179.12,29.8,1.3545454545454545,1,22.0,High,0.99434257
2025-09-24,Ward E,Nair Hospital Junction,18.9713,72.8255,Wadala Nalla,8.0,"hospital/institutional, mixed_use",420000,31.93,13,Urban,90.0,1179.12,3.3,0.1571428571428571,1,21.0,High,0.8715368
2025-09-25,Ward E,Nair Hospital Junction,18.9713,72.8255,Wadala Nalla,8.0,"hospital/institutional, mixed_use",420000,31.93,13,Urban,90.0,1179.12,1.8,0.15,1,12.0,High,0.87617445
2025-09-26,Ward E,Nair Hospital Junction,18.9713,72.8255,Wadala Nalla,8.0,"hospital/institutional, mixed_use",420000,31.93,13,Urban,90.0,1179.12,3.6,0.2,1,18.0,High,0.8715368
2025-09-13,Ward G/N,Near Kirti College,19.0294,72.8371,Mahim Creek,10.0,"education, residential, mixed_use",520000,25.63,8,Sandy,90.0,941.34,12.4,2.1,1,18.0,High,0.99795544
2025-09-14,Ward G/N,Near Kirti College,19.0294,72.8371,Mahim Creek,10.0,"education, residential, mixed_use",520000,25.63,8,Sandy,90.0,941.34,16.3,3.6,1,24.0,High,0.99795544
2025-09-15,Ward G/N,Near Kirti College,19.0294,72.8371,Mahim Creek,10.0,"education, residential, mixed_use",520000,25.63,8,Sandy,90.0,941.34,72.3,13.2,1,18.0,High,0.9997321
2025-09-16,Ward G/N,Near Kirti College,19.0294,72.8371,Mahim Creek,10.0,"education, residential, mixed_use",520000,25.63,8,Sandy,90.0,941.34,7.8,0.9,1,22.0,High,0.99808323
2025-09-17,Ward G/N,Near Kirti College,19.0294,72.8371,Mahim Creek,10.0,"education, residential, mixed_use",520000,25.63,8,Sandy,90.0,941.34,15.2,4.5,1,22.0,High,0.99795544
2025-09-18,Ward G/N,Near Kirti College,19.0294,72.8371,Mahim Creek,10.0,"education, residential, mixed_use",520000,25.63,8,Sandy,90.0,941.34,9.9,1.3,1,21.0,High,0.998237
2025-09-19,Ward G/N,Near Kirti College,19.0294,72.8371,Mahim Creek,10.0,"education, residential, mixed_use",520000,25.63,8,Sandy,90.0,941.34,0.0,3.3,0,6.0,High,0.99152
2025-09-20,Ward G/N,Near Kirti College,19.0294,72.8371,Mahim Creek,10.0,"education, residential, mixed_use",520000,25.63,8,Sandy,90.0,941.34,22.4,0.9333333333333332,1,24.0,High,0.9478138
2025-09-21,Ward G/N,Near Kirti College,19.0294,72.8371,Mahim Creek,10.0,"education, residential, mixed_use",520000,25.63,8,Sandy,90.0,941.34,23.7,0.9875,1,24.0,High,0.9478138
2025-09-22,Ward G/N,Near Kirti College,19.0294,72.8371,Mahim Creek,10.0,"education, residential, mixed_use",520000,25.63,8,Sandy,90.0,941.34,43.5,1.8125,1,24.0,High,0.9985177
2025-09-23,Ward G/N,Near Kirti College,19.0294,72.8371,Mahim Creek,10.0,"education, residential, mixed_use",520000,25.63,8,Sandy,90.0,941.34,29.8,1.3545454545454545,1,22.0,High,0.9657399
2025-09-24,Ward G/N,Near Kirti College,19.0294,72.8371,Mahim Creek,10.0,"education, residential, mixed_use",520000,25.63,8,Sandy,90.0,941.34,3.3,0.1571428571428571,1,21.0,High,0.8612994
2025-09-25,Ward G/N,Near Kirti College,19.0294,72.8371,Mahim Creek,10.0,"education, residential, mixed_use",520000,25.63,8,Sandy,90.0,941.34,1.8,0.15,1,12.0,High,0.8664796
2025-09-26,Ward G/N,Near Kirti College,19.0294,72.8371,Mahim Creek,10.0,"education, residential, mixed_use",520000,25.63,8,Sandy,90.0,941.34,3.6,0.2,1,18.0,High,0.8612994
2025-09-13,Ward K/W,Oshiwara Nullah stretch,19.1482,72.8273,Oshiwara River,10.0,"residential, industrial, mixed_use",750000,22.06,4,Clayey,90.0,1035.43,10.6,2.2,1,16.0,High,0.9860241
2025-09-14,Ward K/W,Oshiwara Nullah stretch,19.1482,72.8273,Oshiwara River,10.0,"residential, industrial, mixed_use",750000,22.06,4,Clayey,90.0,1035.43,12.1,2.6,1,21.0,High,0.9860241
2025-09-15,Ward K/W,Oshiwara Nullah stretch,19.1482,72.8273,Oshiwara River,10.0,"residential, industrial, mixed_use",750000,22.06,4,Clayey,90.0,1035.43,29.1,5.0,1,17.0,High,0.5995711
2025-09-16,Ward K/W,Oshiwara Nullah stretch,19.1482,72.8273,Oshiwara River,10.0,"residential, industrial, mixed_use",750000,22.06,4,Clayey,90.0,1035.43,6.6,2.4,1,20.0,High,0.9860241
2025-09-17,Ward K/W,Oshiwara Nullah stretch,19.1482,72.8273,Oshiwara River,10.0,"residential, industrial, mixed_use",750000,22.06,4,Clayey,90.0,1035.43,27.8,19.8,1,23.0,High,0.5995711
2025-09-18,Ward K/W,Oshiwara Nullah stretch,19.1482,72.8273,Oshiwara River,10.0,"residential, industrial, mixed_use",750000,22.06,4,Clayey,90.0,1035.43,14.8,3.1,1,22.0,High,0.98293185
2025-09-19,Ward K/W,Oshiwara Nullah stretch,19.1482,72.8273,Oshiwara River,10.0,"residential, industrial, mixed_use",750000,22.06,4,Clayey,90.0,1035.43,0.0,0.1,0,2.0,High,0.69711214
2025-09-20,Ward K/W,Oshiwara Nullah stretch,19.1482,72.8273,Oshiwara River,10.0,"residential, industrial, mixed_use",750000,22.06,4,Clayey,90.0,1035.43,22.4,0.9333333333333332,1,24.0,High,0.5711678
2025-09-21,Ward K/W,Oshiwara Nullah stretch,19.1482,72.8273,Oshiwara River,10.0,"residential, industrial, mixed_use",750000,22.06,4,Clayey,90.0,1035.43,23.7,0.9875,1,24.0,High,0.5711678
2025-09-22,Ward K/W,Oshiwara Nullah stretch,19.1482,72.8273,Oshiwara River,10.0,"residential, industrial, mixed_use",750000,22.06,4,Clayey,90.0,1035.43,43.5,1.8125,1,24.0,High,0.99082726
2025-09-23,Ward K/W,Oshiwara Nullah stretch,19.1482,72.8273,Oshiwara River,10.0,"residential, industrial, mixed_use",750000,22.06,4,Clayey,90.0,1035.43,29.8,1.3545454545454545,1,22.0,High,0.6166285
2025-09-24,Ward K/W,Oshiwara Nullah stretch,19.1482,72.8273,Oshiwara River,10.0,"residential, industrial, mixed_use",750000,22.06,4,Clayey,90.0,1035.43,3.3,0.1571428571428571,1,21.0,High,0.7579007
2025-09-25,Ward K/W,Oshiwara Nullah stretch,19.1482,72.8273,Oshiwara River,10.0,"residential, industrial, mixed_use",750000,22.06,4,Clayey,90.0,1035.43,1.8,0.15,1,12.0,High,0.7659901
2025-09-26,Ward K/W,Oshiwara Nullah stretch,19.1482,72.8273,Oshiwara River,10.0,"residential, industrial, mixed_use",750000,22.06,4,Clayey,90.0,1035.43,3.6,0.2,1,18.0,High,0.7579007
2025-09-13,Ward R/N,Ovaripada slum slope,19.2536,72.8682,Poinsur River,22.0,"residential, institutional, mixed_use",670000,24.12,10,Clayey,90.0,14.6,7.5,2.4,1,10.0,High,0.99147534
2025-09-14,Ward R/N,Ovaripada slum slope,19.2536,72.8682,Poinsur River,22.0,"residential, institutional, mixed_use",670000,24.12,10,Clayey,90.0,14.6,12.1,3.2,1,21.0,High,0.99117154
2025-09-15,Ward R/N,Ovaripada slum slope,19.2536,72.8682,Poinsur River,22.0,"residential, institutional, mixed_use",670000,24.12,10,Clayey,90.0,14.6,19.2,4.8,1,18.0,Moderate,0.6010396
2025-09-16,Ward R/N,Ovaripada slum slope,19.2536,72.8682,Poinsur River,22.0,"residential, institutional, mixed_use",670000,24.12,10,Clayey,90.0,14.6,15.5,2.4,1,19.0,High,0.99028766
2025-09-17,Ward R/N,Ovaripada slum slope,19.2536,72.8682,Poinsur River,22.0,"residential, institutional, mixed_use",670000,24.12,10,Clayey,90.0,14.6,24.2,14.2,1,21.0,Moderate,0.65259707
2025-09-18,Ward R/N,Ovaripada slum slope,19.2536,72.8682,Poinsur River,22.0,"residential, institutional, mixed_use",670000,24.12,10,Clayey,90.0,14.6,18.5,3.8,1,21.0,Moderate,0.6010396
2025-09-19,Ward R/N,Ovaripada slum slope,19.2536,72.8682,Poinsur River,22.0,"residential, institutional, mixed_use",670000,24.12,10,Clayey,90.0,14.6,0.0,0.3,0,3.0,High,0.97829527
2025-09-20,Ward R/N,Ovaripada slum slope,19.2536,72.8682,Poinsur River,22.0,"residential, institutional, mixed_use",670000,24.12,10,Clayey,90.0,14.6,22.1,0.9208333333333334,1,24.0,Moderate,0.64091974
2025-09-21,Ward R/N,Ovaripada slum slope,19.2536,72.8682,Poinsur River,22.0,"residential, institutional, mixed_use",670000,24.12,10,Clayey,90.0,14.6,24.3,1.0125,1,24.0,Moderate,0.8017985
2025-09-22,Ward R/N,Ovaripada slum slope,19.2536,72.8682,Poinsur River,22.0,"residential, institutional, mixed_use",670000,24.12,10,Clayey,90.0,14.6,52.2,2.1750000000000003,1,24.0,High,0.9986864
2025-09-23,Ward R/N,Ovaripada slum slope,19.2536,72.8682,Poinsur River,22.0,"residential, institutional, mixed_use",670000,24.12,10,Clayey,90.0,14.6,31.9,1.3291666666666666,1,24.0,Moderate,0.6135434
2025-09-24,Ward R/N,Ovaripada slum slope,19.2536,72.8682,Poinsur River,22.0,"residential, institutional, mixed_use",670000,24.12,10,Clayey,90.0,14.6,1.5,0.1,1,15.0,High,0.83238024
2025-09-25,Ward R/N,Ovaripada slum slope,19.2536,72.8682,Poinsur River,22.0,"residential, institutional, mixed_use",670000,24.12,10,Clayey,90.0,14.6,1.8,0.2,1,9.0,High,0.8308406
2025-09-26,Ward R/N,Ovaripada slum slope,19.2536,72.8682,Poinsur River,22.0,"residential, institutional, mixed_use",670000,24.12,10,Clayey,90.0,14.6,3.0,0.2,1,15.0,High,0.82466704
2025-09-13,Ward B,P D'Mello Road (near Masjid Bunder),18.9556,72.8412,Arabian Sea ,6.0,"transport, commercial, mixed_use",195000,7.61,17,Urban,90.0,1689.21,11.8,3.3,1,14.0,High,0.9981725
2025-09-14,Ward B,P D'Mello Road (near Masjid Bunder),18.9556,72.8412,Arabian Sea ,6.0,"transport, commercial, mixed_use",195000,7.61,17,Urban,90.0,1689.21,15.1,2.9,1,19.0,High,0.9981725
2025-09-15,Ward B,P D'Mello Road (near Masjid Bunder),18.9556,72.8412,Arabian Sea ,6.0,"transport, commercial, mixed_use",195000,7.61,17,Urban,90.0,1689.21,82.8,12.7,1,19.0,High,0.99959713
2025-09-16,Ward B,P D'Mello Road (near Masjid Bunder),18.9556,72.8412,Arabian Sea ,6.0,"transport, commercial, mixed_use",195000,7.61,17,Urban,90.0,1689.21,10.6,1.3,1,20.0,High,0.9984243
2025-09-17,Ward B,P D'Mello Road (near Masjid Bunder),18.9556,72.8412,Arabian Sea ,6.0,"transport, commercial, mixed_use",195000,7.61,17,Urban,90.0,1689.21,10.4,1.6,1,21.0,High,0.9984243
2025-09-18,Ward B,P D'Mello Road (near Masjid Bunder),18.9556,72.8412,Arabian Sea ,6.0,"transport, commercial, mixed_use",195000,7.61,17,Urban,90.0,1689.21,18.7,3.3,1,21.0,High,0.99422884
2025-09-19,Ward B,P D'Mello Road (near Masjid Bunder),18.9556,72.8412,Arabian Sea ,6.0,"transport, commercial, mixed_use",195000,7.61,17,Urban,90.0,1689.21,0.0,3.3,0,6.0,High,0.9944741
2025-09-20,Ward B,P D'Mello Road (near Masjid Bunder),18.9556,72.8412,Arabian Sea ,6.0,"transport, commercial, mixed_use",195000,7.61,17,Urban,90.0,1689.21,22.4,0.9333333333333332,1,24.0,High,0.99408275
2025-09-21,Ward B,P D'Mello Road (near Masjid Bunder),18.9556,72.8412,Arabian Sea ,6.0,"transport, commercial, mixed_use",195000,7.61,17,Urban,90.0,1689.21,23.7,0.9875,1,24.0,High,0.99408275
2025-09-22,Ward B,P D'Mello Road (near Masjid Bunder),18.9556,72.8412,Arabian Sea ,6.0,"transport, commercial, mixed_use",195000,7.61,17,Urban,90.0,1689.21,43.5,1.8125,1,24.0,High,0.9991781
2025-09-23,Ward B,P D'Mello Road (near Masjid Bunder),18.9556,72.8412,Arabian Sea ,6.0,"transport, commercial, mixed_use",195000,7.61,17,Urban,90.0,1689.21,29.8,1.3545454545454545,1,22.0,High,0.99554694
2025-09-24,Ward B,P D'Mello Road (near Masjid Bunder),18.9556,72.8412,Arabian Sea ,6.0,"transport, commercial, mixed_use",195000,7.61,17,Urban,90.0,1689.21,3.3,0.1571428571428571,1,21.0,High,0.9153741
2025-09-25,Ward B,P D'Mello Road (near Masjid Bunder),18.9556,72.8412,Arabian Sea ,6.0,"transport, commercial, mixed_use",195000,7.61,17,Urban,90.0,1689.21,1.8,0.15,1,12.0,High,0.91871256
2025-09-26,Ward B,P D'Mello Road (near Masjid Bunder),18.9556,72.8412,Arabian Sea ,6.0,"transport, commercial, mixed_use",195000,7.61,17,Urban,90.0,1689.21,3.6,0.2,1,18.0,High,0.9153741
2025-09-13,Ward T,Panch Rasta,19.1735,72.9478,Tulsi Lake,7.0,"commercial, residential, mixed_use",640000,24.62,23,Sandy,90.0,112.03,9.5,2.4,1,17.0,High,0.99851567
2025-09-14,Ward T,Panch Rasta,19.1735,72.9478,Tulsi Lake,7.0,"commercial, residential, mixed_use",640000,24.62,23,Sandy,90.0,112.03,11.9,2.8,1,22.0,High,0.99851567
2025-09-15,Ward T,Panch Rasta,19.1735,72.9478,Tulsi Lake,7.0,"commercial, residential, mixed_use",640000,24.62,23,Sandy,90.0,112.03,29.4,5.5,1,17.0,High,0.9955173
2025-09-16,Ward T,Panch Rasta,19.1735,72.9478,Tulsi Lake,7.0,"commercial, residential, mixed_use",640000,24.62,23,Sandy,90.0,112.03,12.9,4.6,1,21.0,High,0.99851567
2025-09-17,Ward T,Panch Rasta,19.1735,72.9478,Tulsi Lake,7.0,"commercial, residential, mixed_use",640000,24.62,23,Sandy,90.0,112.03,32.2,14.0,1,22.0,High,0.9955173
2025-09-18,Ward T,Panch Rasta,19.1735,72.9478,Tulsi Lake,7.0,"commercial, residential, mixed_use",640000,24.62,23,Sandy,90.0,112.03,12.5,2.0,1,20.0,High,0.9987626
2025-09-19,Ward T,Panch Rasta,19.1735,72.9478,Tulsi Lake,7.0,"commercial, residential, mixed_use",640000,24.62,23,Sandy,90.0,112.03,0.0,0.1,0,1.0,High,0.82490414
2025-09-20,Ward T,Panch Rasta,19.1735,72.9478,Tulsi Lake,7.0,"commercial, residential, mixed_use",640000,24.62,23,Sandy,90.0,112.03,17.6,0.7333333333333334,1,24.0,High,0.9967828
2025-09-21,Ward T,Panch Rasta,19.1735,72.9478,Tulsi Lake,7.0,"commercial, residential, mixed_use",640000,24.62,23,Sandy,90.0,112.03,15.6,0.6782608695652174,1,23.0,High,0.99898463
2025-09-22,Ward T,Panch Rasta,19.1735,72.9478,Tulsi Lake,7.0,"commercial, residential, mixed_use",640000,24.62,23,Sandy,90.0,112.03,28.1,1.1708333333333334,1,24.0,High,0.9953158
2025-09-23,Ward T,Panch Rasta,19.1735,72.9478,Tulsi Lake,7.0,"commercial, residential, mixed_use",640000,24.62,23,Sandy,90.0,112.03,33.2,1.5090909090909093,1,22.0,High,0.99611473
2025-09-24,Ward T,Panch Rasta,19.1735,72.9478,Tulsi Lake,7.0,"commercial, residential, mixed_use",640000,24.62,23,Sandy,90.0,112.03,1.5,0.1666666666666666,1,9.0,High,0.9010223
2025-09-25,Ward T,Panch Rasta,19.1735,72.9478,Tulsi Lake,7.0,"commercial, residential, mixed_use",640000,24.62,23,Sandy,90.0,112.03,0.0,0.0,0,0.0,High,0.724089
2025-09-26,Ward T,Panch Rasta,19.1735,72.9478,Tulsi Lake,7.0,"commercial, residential, mixed_use",640000,24.62,23,Sandy,90.0,112.03,1.5,0.1666666666666666,1,9.0,High,0.9010223
2025-09-13,Ward N,Pant Nagar,19.0845,72.9107,Chembur Nalla,10.0,"recreation_ground, residential, mixed_use",520000,13.93,8,Sandy,90.0,89.81,10.7,2.8,1,17.0,High,0.9976318
2025-09-14,Ward N,Pant Nagar,19.0845,72.9107,Chembur Nalla,10.0,"recreation_ground, residential, mixed_use",520000,13.93,8,Sandy,90.0,89.81,14.2,2.8,1,22.0,High,0.9976318
2025-09-15,Ward N,Pant Nagar,19.0845,72.9107,Chembur Nalla,10.0,"recreation_ground, residential, mixed_use",520000,13.93,8,Sandy,90.0,89.81,56.1,8.9,1,18.0,High,0.99970585
2025-09-16,Ward N,Pant Nagar,19.0845,72.9107,Chembur Nalla,10.0,"recreation_ground, residential, mixed_use",520000,13.93,8,Sandy,90.0,89.81,14.5,7.3,1,22.0,High,0.9976318
2025-09-17,Ward N,Pant Nagar,19.0845,72.9107,Chembur Nalla,10.0,"recreation_ground, residential, mixed_use",520000,13.93,8,Sandy,90.0,89.81,22.3,13.7,1,22.0,High,0.9649739
2025-09-18,Ward N,Pant Nagar,19.0845,72.9107,Chembur Nalla,10.0,"recreation_ground, residential, mixed_use",520000,13.93,8,Sandy,90.0,89.81,16.0,3.9,1,21.0,High,0.9976318
2025-09-19,Ward N,Pant Nagar,19.0845,72.9107,Chembur Nalla,10.0,"recreation_ground, residential, mixed_use",520000,13.93,8,Sandy,90.0,89.81,0.0,0.1,0,4.0,High,0.760104
2025-09-20,Ward N,Pant Nagar,19.0845,72.9107,Chembur Nalla,10.0,"recreation_ground, residential, mixed_use",520000,13.93,8,Sandy,90.0,89.81,22.4,0.9333333333333332,1,24.0,High,0.94717467
2025-09-21,Ward N,Pant Nagar,19.0845,72.9107,Chembur Nalla,10.0,"recreation_ground, residential, mixed_use",520000,13.93,8,Sandy,90.0,89.81,23.7,0.9875,1,24.0,High,0.94717467
2025-09-22,Ward N,Pant Nagar,19.0845,72.9107,Chembur Nalla,10.0,"recreation_ground, residential, mixed_use",520000,13.93,8,Sandy,90.0,89.81,43.5,1.8125,1,24.0,High,0.9982267
2025-09-23,Ward N,Pant Nagar,19.0845,72.9107,Chembur Nalla,10.0,"recreation_ground, residential, mixed_use",520000,13.93,8,Sandy,90.0,89.81,29.8,1.3545454545454545,1,22.0,High,0.9652805
2025-09-24,Ward N,Pant Nagar,19.0845,72.9107,Chembur Nalla,10.0,"recreation_ground, residential, mixed_use",520000,13.93,8,Sandy,90.0,89.81,3.3,0.1571428571428571,1,21.0,High,0.84608763
2025-09-25,Ward N,Pant Nagar,19.0845,72.9107,Chembur Nalla,10.0,"recreation_ground, residential, mixed_use",520000,13.93,8,Sandy,90.0,89.81,1.8,0.15,1,12.0,High,0.8505605
2025-09-26,Ward N,Pant Nagar,19.0845,72.9107,Chembur Nalla,10.0,"recreation_ground, residential, mixed_use",520000,13.93,8,Sandy,90.0,89.81,3.6,0.2,1,18.0,High,0.84608763
2025-09-13,Ward P/N,Pathanwadi,19.1834,72.8701,Goregaon Nalla,67.0,"commercial, residential, mixed_use",900000,26.8,11,Sandy,90.0,337.58,10.6,2.2,1,16.0,High,0.9871409
2025-09-14,Ward P/N,Pathanwadi,19.1834,72.8701,Goregaon Nalla,67.0,"commercial, residential, mixed_use",900000,26.8,11,Sandy,90.0,337.58,12.1,2.6,1,21.0,High,0.98667544
2025-09-15,Ward P/N,Pathanwadi,19.1834,72.8701,Goregaon Nalla,67.0,"commercial, residential, mixed_use",900000,26.8,11,Sandy,90.0,337.58,29.1,5.0,1,17.0,Moderate,0.7658848
2025-09-16,Ward P/N,Pathanwadi,19.1834,72.8701,Goregaon Nalla,67.0,"commercial, residential, mixed_use",900000,26.8,11,Sandy,90.0,337.58,6.6,2.4,1,20.0,High,0.9871409
2025-09-17,Ward P/N,Pathanwadi,19.1834,72.8701,Goregaon Nalla,67.0,"commercial, residential, mixed_use",900000,26.8,11,Sandy,90.0,337.58,27.8,19.8,1,23.0,Moderate,0.7658848
2025-09-18,Ward P/N,Pathanwadi,19.1834,72.8701,Goregaon Nalla,67.0,"commercial, residential, mixed_use",900000,26.8,11,Sandy,90.0,337.58,14.8,3.1,1,22.0,High,0.9853219
2025-09-19,Ward P/N,Pathanwadi,19.1834,72.8701,Goregaon Nalla,67.0,"commercial, residential, mixed_use",900000,26.8,11,Sandy,90.0,337.58,0.0,0.1,0,2.0,High,0.66475433
2025-09-20,Ward P/N,Pathanwadi,19.1834,72.8701,Goregaon Nalla,67.0,"commercial, residential, mixed_use",900000,26.8,11,Sandy,90.0,337.58,22.4,0.9333333333333332,1,24.0,Moderate,0.74276644
2025-09-21,Ward P/N,Pathanwadi,19.1834,72.8701,Goregaon Nalla,67.0,"commercial, residential, mixed_use",900000,26.8,11,Sandy,90.0,337.58,23.7,0.9875,1,24.0,Moderate,0.74276644
2025-09-22,Ward P/N,Pathanwadi,19.1834,72.8701,Goregaon Nalla,67.0,"commercial, residential, mixed_use",900000,26.8,11,Sandy,90.0,337.58,43.5,1.8125,1,24.0,High,0.7771418
2025-09-23,Ward P/N,Pathanwadi,19.1834,72.8701,Goregaon Nalla,67.0,"commercial, residential, mixed_use",900000,26.8,11,Sandy,90.0,337.58,29.8,1.3545454545454545,1,22.0,Moderate,0.7457732
2025-09-24,Ward P/N,Pathanwadi,19.1834,72.8701,Goregaon Nalla,67.0,"commercial, residential, mixed_use",900000,26.8,11,Sandy,90.0,337.58,3.3,0.1571428571428571,1,21.0,High,0.77197164
2025-09-25,Ward P/N,Pathanwadi,19.1834,72.8701,Goregaon Nalla,67.0,"commercial, residential, mixed_use",900000,26.8,11,Sandy,90.0,337.58,1.8,0.15,1,12.0,High,0.778071
2025-09-26,Ward P/N,Pathanwadi,19.1834,72.8701,Goregaon Nalla,67.0,"commercial, residential, mixed_use",900000,26.8,11,Sandy,90.0,337.58,3.6,0.2,1,18.0,High,0.77197164
2025-09-13,Ward R/S,Poinsur Depot,19.2083,72.8361,Poinsur River,15.0,"residential, mixed_use",610000,32.09,6,Urban,90.0,630.74,8.5,2.4,1,14.0,High,0.99111474
2025-09-14,Ward R/S,Poinsur Depot,19.2083,72.8361,Poinsur River,15.0,"residential, mixed_use",610000,32.09,6,Urban,90.0,630.74,8.0,1.3,1,22.0,High,0.99258363
2025-09-15,Ward R/S,Poinsur Depot,19.2083,72.8361,Poinsur River,15.0,"residential, mixed_use",610000,32.09,6,Urban,90.0,630.74,17.3,4.3,1,20.0,Moderate,0.5911554
2025-09-16,Ward R/S,Poinsur Depot,19.2083,72.8361,Poinsur River,15.0,"residential, mixed_use",610000,32.09,6,Urban,90.0,630.74,10.0,2.4,1,22.0,High,0.99111474
2025-09-17,Ward R/S,Poinsur Depot,19.2083,72.8361,Poinsur River,15.0,"residential, mixed_use",610000,32.09,6,Urban,90.0,630.74,17.9,12.7,1,18.0,Moderate,0.5911554
2025-09-18,Ward R/S,Poinsur Depot,19.2083,72.8361,Poinsur River,15.0,"residential, mixed_use",610000,32.09,6,Urban,90.0,630.74,15.8,4.6,1,21.0,High,0.99060374
2025-09-19,Ward R/S,Poinsur Depot,19.2083,72.8361,Poinsur River,15.0,"residential, mixed_use",610000,32.09,6,Urban,90.0,630.74,0.0,0.3,0,5.0,High,0.9765222
2025-09-20,Ward R/S,Poinsur Depot,19.2083,72.8361,Poinsur River,15.0,"residential, mixed_use",610000,32.09,6,Urban,90.0,630.74,22.1,0.9208333333333334,1,24.0,Moderate,0.63142174
2025-09-21,Ward R/S,Poinsur Depot,19.2083,72.8361,Poinsur River,15.0,"residential, mixed_use",610000,32.09,6,Urban,90.0,630.74,24.3,1.0125,1,24.0,Moderate,0.79515606
2025-09-22,Ward R/S,Poinsur Depot,19.2083,72.8361,Poinsur River,15.0,"residential, mixed_use",610000,32.09,6,Urban,90.0,630.74,52.2,2.1750000000000003,1,24.0,High,0.9987149
2025-09-23,Ward R/S,Poinsur Depot,19.2083,72.8361,Poinsur River,15.0,"residential, mixed_use",610000,32.09,6,Urban,90.0,630.74,31.9,1.3291666666666666,1,24.0,Moderate,0.6037582
2025-09-24,Ward R/S,Poinsur Depot,19.2083,72.8361,Poinsur River,15.0,"residential, mixed_use",610000,32.09,6,Urban,90.0,630.74,1.5,0.1,1,15.0,High,0.8304138
2025-09-25,Ward R/S,Poinsur Depot,19.2083,72.8361,Poinsur River,15.0,"residential, mixed_use",610000,32.09,6,Urban,90.0,630.74,1.8,0.2,1,9.0,High,0.8304138
2025-09-26,Ward R/S,Poinsur Depot,19.2083,72.8361,Poinsur River,15.0,"residential, mixed_use",610000,32.09,6,Urban,90.0,630.74,3.0,0.2,1,15.0,High,0.82423854
2025-09-13,Ward G/S,Prabhadevi,19.0148811,72.8279556,Arabian Sea,11.84725164,commercial,430000,2.716993041,2695,Sand,60.15520638,3238.0,12.4,2.1,1,18.0,High,0.9935462
2025-09-14,Ward G/S,Prabhadevi,19.0148811,72.8279556,Arabian Sea,11.84725164,commercial,430000,2.716993041,2695,Sand,60.15520638,3238.0,16.3,3.6,1,24.0,High,0.9935462
2025-09-15,Ward G/S,Prabhadevi,19.0148811,72.8279556,Arabian Sea,11.84725164,commercial,430000,2.716993041,2695,Sand,60.15520638,3238.0,72.3,13.2,1,18.0,High,0.9993406
2025-09-16,Ward G/S,Prabhadevi,19.0148811,72.8279556,Arabian Sea,11.84725164,commercial,430000,2.716993041,2695,Sand,60.15520638,3238.0,7.8,0.9,1,22.0,High,0.9941876
2025-09-17,Ward G/S,Prabhadevi,19.0148811,72.8279556,Arabian Sea,11.84725164,commercial,430000,2.716993041,2695,Sand,60.15520638,3238.0,15.2,4.5,1,22.0,High,0.9935462
2025-09-18,Ward G/S,Prabhadevi,19.0148811,72.8279556,Arabian Sea,11.84725164,commercial,430000,2.716993041,2695,Sand,60.15520638,3238.0,9.9,1.3,1,21.0,High,0.99451244
2025-09-19,Ward G/S,Prabhadevi,19.0148811,72.8279556,Arabian Sea,11.84725164,commercial,430000,2.716993041,2695,Sand,60.15520638,3238.0,0.0,3.3,0,6.0,High,0.97394896
2025-09-20,Ward G/S,Prabhadevi,19.0148811,72.8279556,Arabian Sea,11.84725164,commercial,430000,2.716993041,2695,Sand,60.15520638,3238.0,22.4,0.9333333333333332,1,24.0,High,0.6814105
2025-09-21,Ward G/S,Prabhadevi,19.0148811,72.8279556,Arabian Sea,11.84725164,commercial,430000,2.716993041,2695,Sand,60.15520638,3238.0,23.7,0.9875,1,24.0,High,0.6814105
2025-09-22,Ward G/S,Prabhadevi,19.0148811,72.8279556,Arabian Sea,11.84725164,commercial,430000,2.716993041,2695,Sand,60.15520638,3238.0,43.5,1.8125,1,24.0,High,0.9961189
2025-09-23,Ward G/S,Prabhadevi,19.0148811,72.8279556,Arabian Sea,11.84725164,commercial,430000,2.716993041,2695,Sand,60.15520638,3238.0,29.8,1.3545454545454545,1,22.0,High,0.7238543
2025-09-24,Ward G/S,Prabhadevi,19.0148811,72.8279556,Arabian Sea,11.84725164,commercial,430000,2.716993041,2695,Sand,60.15520638,3238.0,3.3,0.1571428571428571,1,21.0,High,0.8320015
2025-09-25,Ward G/S,Prabhadevi,19.0148811,72.8279556,Arabian Sea,11.84725164,commercial,430000,2.716993041,2695,Sand,60.15520638,3238.0,1.8,0.15,1,12.0,High,0.8360267
2025-09-26,Ward G/S,Prabhadevi,19.0148811,72.8279556,Arabian Sea,11.84725164,commercial,430000,2.716993041,2695,Sand,60.15520638,3238.0,3.6,0.2,1,18.0,High,0.8320015
2025-09-13,Ward C,Princess Street corner (Marine Lines Junction),18.9494,72.8278,Arabian Sea ,16.0,"commercial, residential, mixed_use",190000,33.49,16,Urban,90.0,2274.63,11.8,3.3,1,14.0,High,0.97250146
2025-09-14,Ward C,Princess Street corner (Marine Lines Junction),18.9494,72.8278,Arabian Sea ,16.0,"commercial, residential, mixed_use",190000,33.49,16,Urban,90.0,2274.63,15.1,2.9,1,19.0,High,0.965963
2025-09-15,Ward C,Princess Street corner (Marine Lines Junction),18.9494,72.8278,Arabian Sea ,16.0,"commercial, residential, mixed_use",190000,33.49,16,Urban,90.0,2274.63,82.8,12.7,1,19.0,High,0.99789655
2025-09-16,Ward C,Princess Street corner (Marine Lines Junction),18.9494,72.8278,Arabian Sea ,16.0,"commercial, residential, mixed_use",190000,33.49,16,Urban,90.0,2274.63,10.6,1.3,1,20.0,High,0.97529775
2025-09-17,Ward C,Princess Street corner (Marine Lines Junction),18.9494,72.8278,Arabian Sea ,16.0,"commercial, residential, mixed_use",190000,33.49,16,Urban,90.0,2274.63,10.4,1.6,1,21.0,High,0.97529775
2025-09-18,Ward C,Princess Street corner (Marine Lines Junction),18.9494,72.8278,Arabian Sea ,16.0,"commercial, residential, mixed_use",190000,33.49,16,Urban,90.0,2274.63,18.7,3.3,1,21.0,Moderate,0.77217025
2025-09-19,Ward C,Princess Street corner (Marine Lines Junction),18.9494,72.8278,Arabian Sea ,16.0,"commercial, residential, mixed_use",190000,33.49,16,Urban,90.0,2274.63,0.0,3.3,0,6.0,High,0.9383103
2025-09-20,Ward C,Princess Street corner (Marine Lines Junction),18.9494,72.8278,Arabian Sea ,16.0,"commercial, residential, mixed_use",190000,33.49,16,Urban,90.0,2274.63,22.4,0.9333333333333332,1,24.0,Moderate,0.8219727
2025-09-21,Ward C,Princess Street corner (Marine Lines Junction),18.9494,72.8278,Arabian Sea ,16.0,"commercial, residential, mixed_use",190000,33.49,16,Urban,90.0,2274.63,23.7,0.9875,1,24.0,Moderate,0.8219727
2025-09-22,Ward C,Princess Street corner (Marine Lines Junction),18.9494,72.8278,Arabian Sea ,16.0,"commercial, residential, mixed_use",190000,33.49,16,Urban,90.0,2274.63,43.5,1.8125,1,24.0,High,0.9801947
2025-09-23,Ward C,Princess Street corner (Marine Lines Junction),18.9494,72.8278,Arabian Sea ,16.0,"commercial, residential, mixed_use",190000,33.49,16,Urban,90.0,2274.63,29.8,1.3545454545454545,1,22.0,Moderate,0.7535152
2025-09-24,Ward C,Princess Street corner (Marine Lines Junction),18.9494,72.8278,Arabian Sea ,16.0,"commercial, residential, mixed_use",190000,33.49,16,Urban,90.0,2274.63,3.3,0.1571428571428571,1,21.0,High,0.5567448
2025-09-25,Ward C,Princess Street corner (Marine Lines Junction),18.9494,72.8278,Arabian Sea ,16.0,"commercial, residential, mixed_use",190000,33.49,16,Urban,90.0,2274.63,1.8,0.15,1,12.0,High,0.5678114
2025-09-26,Ward C,Princess Street corner (Marine Lines Junction),18.9494,72.8278,Arabian Sea ,16.0,"commercial, residential, mixed_use",190000,33.49,16,Urban,90.0,2274.63,3.6,0.2,1,18.0,High,0.5567448
2025-09-13,Ward P/N,Pushpa Park,19.1853,72.8623,Poinsur River,40.0,"commercial, retail, mixed_use",900000,17.72,5,Sandy,90.0,23.84,10.6,2.2,1,16.0,High,0.98856866
2025-09-14,Ward P/N,Pushpa Park,19.1853,72.8623,Poinsur River,40.0,"commercial, retail, mixed_use",900000,17.72,5,Sandy,90.0,23.84,12.1,2.6,1,21.0,High,0.98815644
2025-09-15,Ward P/N,Pushpa Park,19.1853,72.8623,Poinsur River,40.0,"commercial, retail, mixed_use",900000,17.72,5,Sandy,90.0,23.84,29.1,5.0,1,17.0,Moderate,0.7301362
2025-09-16,Ward P/N,Pushpa Park,19.1853,72.8623,Poinsur River,40.0,"commercial, retail, mixed_use",900000,17.72,5,Sandy,90.0,23.84,6.6,2.4,1,20.0,High,0.98856866
2025-09-17,Ward P/N,Pushpa Park,19.1853,72.8623,Poinsur River,40.0,"commercial, retail, mixed_use",900000,17.72,5,Sandy,90.0,23.84,27.8,19.8,1,23.0,Moderate,0.7301362
2025-09-18,Ward P/N,Pushpa Park,19.1853,72.8623,Poinsur River,40.0,"commercial, retail, mixed_use",900000,17.72,5,Sandy,90.0,23.84,14.8,3.1,1,22.0,High,0.9869573
2025-09-19,Ward P/N,Pushpa Park,19.1853,72.8623,Poinsur River,40.0,"commercial, retail, mixed_use",900000,17.72,5,Sandy,90.0,23.84,0.0,0.1,0,2.0,High,0.7102245
2025-09-20,Ward P/N,Pushpa Park,19.1853,72.8623,Poinsur River,40.0,"commercial, retail, mixed_use",900000,17.72,5,Sandy,90.0,23.84,22.4,0.9333333333333332,1,24.0,Moderate,0.69781685
2025-09-21,Ward P/N,Pushpa Park,19.1853,72.8623,Poinsur River,40.0,"commercial, retail, mixed_use",900000,17.72,5,Sandy,90.0,23.84,23.7,0.9875,1,24.0,Moderate,0.69781685
2025-09-22,Ward P/N,Pushpa Park,19.1853,72.8623,Poinsur River,40.0,"commercial, retail, mixed_use",900000,17.72,5,Sandy,90.0,23.84,43.5,1.8125,1,24.0,High,0.803247
2025-09-23,Ward P/N,Pushpa Park,19.1853,72.8623,Poinsur River,40.0,"commercial, retail, mixed_use",900000,17.72,5,Sandy,90.0,23.84,29.8,1.3545454545454545,1,22.0,Moderate,0.70114744
2025-09-24,Ward P/N,Pushpa Park,19.1853,72.8623,Poinsur River,40.0,"commercial, retail, mixed_use",900000,17.72,5,Sandy,90.0,23.84,3.3,0.1571428571428571,1,21.0,High,0.7943981
2025-09-25,Ward P/N,Pushpa Park,19.1853,72.8623,Poinsur River,40.0,"commercial, retail, mixed_use",900000,17.72,5,Sandy,90.0,23.84,1.8,0.15,1,12.0,High,0.80004793
2025-09-26,Ward P/N,Pushpa Park,19.1853,72.8623,Poinsur River,40.0,"commercial, retail, mixed_use",900000,17.72,5,Sandy,90.0,23.84,3.6,0.2,1,18.0,High,0.7943981
2025-09-13,Ward N,RB Kadam Marg,19.0898,72.9156,Powai Lake,11.0,"recreation_ground, residential, mixed_use",780000,8.73,10,Sandy,90.0,260.13,10.7,2.8,1,17.0,High,0.99314755
2025-09-14,Ward N,RB Kadam Marg,19.0898,72.9156,Powai Lake,11.0,"recreation_ground, residential, mixed_use",780000,8.73,10,Sandy,90.0,260.13,14.2,2.8,1,22.0,High,0.99314755
2025-09-15,Ward N,RB Kadam Marg,19.0898,72.9156,Powai Lake,11.0,"recreation_ground, residential, mixed_use",780000,8.73,10,Sandy,90.0,260.13,56.1,8.9,1,18.0,High,0.9995128
2025-09-16,Ward N,RB Kadam Marg,19.0898,72.9156,Powai Lake,11.0,"recreation_ground, residential, mixed_use",780000,8.73,10,Sandy,90.0,260.13,14.5,7.3,1,22.0,High,0.9927573
2025-09-17,Ward N,RB Kadam Marg,19.0898,72.9156,Powai Lake,11.0,"recreation_ground, residential, mixed_use",780000,8.73,10,Sandy,90.0,260.13,22.3,13.7,1,22.0,Moderate,0.5373819
2025-09-18,Ward N,RB Kadam Marg,19.0898,72.9156,Powai Lake,11.0,"recreation_ground, residential, mixed_use",780000,8.73,10,Sandy,90.0,260.13,16.0,3.9,1,21.0,High,0.9927573
2025-09-19,Ward N,RB Kadam Marg,19.0898,72.9156,Powai Lake,11.0,"recreation_ground, residential, mixed_use",780000,8.73,10,Sandy,90.0,260.13,0.0,0.1,0,4.0,High,0.7759038
2025-09-20,Ward N,RB Kadam Marg,19.0898,72.9156,Powai Lake,11.0,"recreation_ground, residential, mixed_use",780000,8.73,10,Sandy,90.0,260.13,22.4,0.9333333333333332,1,24.0,Moderate,0.6368062
2025-09-21,Ward N,RB Kadam Marg,19.0898,72.9156,Powai Lake,11.0,"recreation_ground, residential, mixed_use",780000,8.73,10,Sandy,90.0,260.13,23.7,0.9875,1,24.0,Moderate,0.6368062
2025-09-22,Ward N,RB Kadam Marg,19.0898,72.9156,Powai Lake,11.0,"recreation_ground, residential, mixed_use",780000,8.73,10,Sandy,90.0,260.13,43.5,1.8125,1,24.0,High,0.99137235
2025-09-23,Ward N,RB Kadam Marg,19.0898,72.9156,Powai Lake,11.0,"recreation_ground, residential, mixed_use",780000,8.73,10,Sandy,90.0,260.13,29.8,1.3545454545454545,1,22.0,Moderate,0.5499926
2025-09-24,Ward N,RB Kadam Marg,19.0898,72.9156,Powai Lake,11.0,"recreation_ground, residential, mixed_use",780000,8.73,10,Sandy,90.0,260.13,3.3,0.1571428571428571,1,21.0,High,0.8330742
2025-09-25,Ward N,RB Kadam Marg,19.0898,72.9156,Powai Lake,11.0,"recreation_ground, residential, mixed_use",780000,8.73,10,Sandy,90.0,260.13,1.8,0.15,1,12.0,High,0.83882743
2025-09-26,Ward N,RB Kadam Marg,19.0898,72.9156,Powai Lake,11.0,"recreation_ground, residential, mixed_use",780000,8.73,10,Sandy,90.0,260.13,3.6,0.2,1,18.0,High,0.8330742
2025-09-13,Ward M/W,RC Marg,19.0443,72.8943,Chembur Nalla,7.0,"residential, slum, mixed_use",710000,10.16,5,Sandy,90.0,416.73,12.4,2.1,1,18.0,High,0.99830735
2025-09-14,Ward M/W,RC Marg,19.0443,72.8943,Chembur Nalla,7.0,"residential, slum, mixed_use",710000,10.16,5,Sandy,90.0,416.73,16.3,3.6,1,24.0,High,0.99830735
2025-09-15,Ward M/W,RC Marg,19.0443,72.8943,Chembur Nalla,7.0,"residential, slum, mixed_use",710000,10.16,5,Sandy,90.0,416.73,72.3,13.2,1,18.0,High,0.9996861
2025-09-16,Ward M/W,RC Marg,19.0443,72.8943,Chembur Nalla,7.0,"residential, slum, mixed_use",710000,10.16,5,Sandy,90.0,416.73,7.8,0.9,1,22.0,High,0.9979352
2025-09-17,Ward M/W,RC Marg,19.0443,72.8943,Chembur Nalla,7.0,"residential, slum, mixed_use",710000,10.16,5,Sandy,90.0,416.73,15.2,4.5,1,22.0,High,0.99830735
2025-09-18,Ward M/W,RC Marg,19.0443,72.8943,Chembur Nalla,7.0,"residential, slum, mixed_use",710000,10.16,5,Sandy,90.0,416.73,9.9,1.3,1,21.0,High,0.9985405
2025-09-19,Ward M/W,RC Marg,19.0443,72.8943,Chembur Nalla,7.0,"residential, slum, mixed_use",710000,10.16,5,Sandy,90.0,416.73,0.0,3.3,0,6.0,High,0.9943381
2025-09-20,Ward M/W,RC Marg,19.0443,72.8943,Chembur Nalla,7.0,"residential, slum, mixed_use",710000,10.16,5,Sandy,90.0,416.73,22.4,0.9333333333333332,1,24.0,High,0.9926339
2025-09-21,Ward M/W,RC Marg,19.0443,72.8943,Chembur Nalla,7.0,"residential, slum, mixed_use",710000,10.16,5,Sandy,90.0,416.73,23.7,0.9875,1,24.0,High,0.9926339
2025-09-22,Ward M/W,RC Marg,19.0443,72.8943,Chembur Nalla,7.0,"residential, slum, mixed_use",710000,10.16,5,Sandy,90.0,416.73,43.5,1.8125,1,24.0,High,0.9991548
2025-09-23,Ward M/W,RC Marg,19.0443,72.8943,Chembur Nalla,7.0,"residential, slum, mixed_use",710000,10.16,5,Sandy,90.0,416.73,29.8,1.3545454545454545,1,22.0,High,0.9945956
2025-09-24,Ward M/W,RC Marg,19.0443,72.8943,Chembur Nalla,7.0,"residential, slum, mixed_use",710000,10.16,5,Sandy,90.0,416.73,3.3,0.1571428571428571,1,21.0,High,0.9016132
2025-09-25,Ward M/W,RC Marg,19.0443,72.8943,Chembur Nalla,7.0,"residential, slum, mixed_use",710000,10.16,5,Sandy,90.0,416.73,1.8,0.15,1,12.0,High,0.9054644
2025-09-26,Ward M/W,RC Marg,19.0443,72.8943,Chembur Nalla,7.0,"residential, slum, mixed_use",710000,10.16,5,Sandy,90.0,416.73,3.6,0.2,1,18.0,High,0.9016132
2025-09-13,Ward A,Regal Circle,18.9225,72.8312,Arabian Sea ,16.0,"commercial, mixed_use",185000,17.36,9,Urban,90.0,1872.23,11.8,3.3,1,14.0,High,0.97901034
2025-09-14,Ward A,Regal Circle,18.9225,72.8312,Arabian Sea ,16.0,"commercial, mixed_use",185000,17.36,9,Urban,90.0,1872.23,15.1,2.9,1,19.0,High,0.9777753
2025-09-15,Ward A,Regal Circle,18.9225,72.8312,Arabian Sea ,16.0,"commercial, mixed_use",185000,17.36,9,Urban,90.0,1872.23,82.8,12.7,1,19.0,High,0.99644667
2025-09-16,Ward A,Regal Circle,18.9225,72.8312,Arabian Sea ,16.0,"commercial, mixed_use",185000,17.36,9,Urban,90.0,1872.23,10.6,1.3,1,20.0,High,0.98185354
2025-09-17,Ward A,Regal Circle,18.9225,72.8312,Arabian Sea ,16.0,"commercial, mixed_use",185000,17.36,9,Urban,90.0,1872.23,10.4,1.6,1,21.0,High,0.98185354
2025-09-18,Ward A,Regal Circle,18.9225,72.8312,Arabian Sea ,16.0,"commercial, mixed_use",185000,17.36,9,Urban,90.0,1872.23,18.7,3.3,1,21.0,Moderate,0.59382206
2025-09-19,Ward A,Regal Circle,18.9225,72.8312,Arabian Sea ,16.0,"commercial, mixed_use",185000,17.36,9,Urban,90.0,1872.23,0.0,3.3,0,6.0,High,0.93217266
2025-09-20,Ward A,Regal Circle,18.9225,72.8312,Arabian Sea ,16.0,"commercial, mixed_use",185000,17.36,9,Urban,90.0,1872.23,20.0,0.8333333333333334,1,24.0,Moderate,0.68591595
2025-09-21,Ward A,Regal Circle,18.9225,72.8312,Arabian Sea ,16.0,"commercial, mixed_use",185000,17.36,9,Urban,90.0,1872.23,22.4,0.9333333333333332,1,24.0,Moderate,0.6953083
2025-09-22,Ward A,Regal Circle,18.9225,72.8312,Arabian Sea ,16.0,"commercial, mixed_use",185000,17.36,9,Urban,90.0,1872.23,33.1,1.5761904761904764,1,21.0,Moderate,0.5529035
2025-09-23,Ward A,Regal Circle,18.9225,72.8312,Arabian Sea ,16.0,"commercial, mixed_use",185000,17.36,9,Urban,90.0,1872.23,18.1,0.8227272727272728,1,22.0,Moderate,0.68591595
2025-09-24,Ward A,Regal Circle,18.9225,72.8312,Arabian Sea ,16.0,"commercial, mixed_use",185000,17.36,9,Urban,90.0,1872.23,2.7,0.18,1,15.0,Moderate,0.61479294
2025-09-25,Ward A,Regal Circle,18.9225,72.8312,Arabian Sea ,16.0,"commercial, mixed_use",185000,17.36,9,Urban,90.0,1872.23,2.4,0.1999999999999999,1,12.0,Moderate,0.6112091
2025-09-26,Ward A,Regal Circle,18.9225,72.8312,Arabian Sea ,16.0,"commercial, mixed_use",185000,17.36,9,Urban,90.0,1872.23,3.9,0.2166666666666666,1,18.0,Moderate,0.61855316
2025-09-13,Ward K/W,SV Road (Andheri Subway),19.1182,72.8463,Oshiwara River,14.0,"transport, commercial, mixed_use",750000,26.92,14,Urban,90.0,774.49,12.7,3.5,1,17.0,High,0.9937389
2025-09-14,Ward K/W,SV Road (Andheri Subway),19.1182,72.8463,Oshiwara River,14.0,"transport, commercial, mixed_use",750000,26.92,14,Urban,90.0,774.49,12.2,2.8,1,22.0,High,0.9937389
2025-09-15,Ward K/W,SV Road (Andheri Subway),19.1182,72.8463,Oshiwara River,14.0,"transport, commercial, mixed_use",750000,26.92,14,Urban,90.0,774.49,65.5,10.6,1,18.0,High,0.9995584
2025-09-16,Ward K/W,SV Road (Andheri Subway),19.1182,72.8463,Oshiwara River,14.0,"transport, commercial, mixed_use",750000,26.92,14,Urban,90.0,774.49,5.2,0.9,1,23.0,High,0.994089
2025-09-17,Ward K/W,SV Road (Andheri Subway),19.1182,72.8463,Oshiwara River,14.0,"transport, commercial, mixed_use",750000,26.92,14,Urban,90.0,774.49,25.7,14.8,1,21.0,High,0.51136035
2025-09-18,Ward K/W,SV Road (Andheri Subway),19.1182,72.8463,Oshiwara River,14.0,"transport, commercial, mixed_use",750000,26.92,14,Urban,90.0,774.49,10.4,1.9,1,21.0,High,0.9945979
2025-09-19,Ward K/W,SV Road (Andheri Subway),19.1182,72.8463,Oshiwara River,14.0,"transport, commercial, mixed_use",750000,26.92,14,Urban,90.0,774.49,0.0,0.7,0,3.0,High,0.97755677
2025-09-20,Ward K/W,SV Road (Andheri Subway),19.1182,72.8463,Oshiwara River,14.0,"transport, commercial, mixed_use",750000,26.92,14,Urban,90.0,774.49,22.4,0.9333333333333332,1,24.0,Moderate,0.54069984
2025-09-21,Ward K/W,SV Road (Andheri Subway),19.1182,72.8463,Oshiwara River,14.0,"transport, commercial, mixed_use",750000,26.92,14,Urban,90.0,774.49,23.7,0.9875,1,24.0,Moderate,0.54069984
2025-09-22,Ward K/W,SV Road (Andheri Subway),19.1182,72.8463,Oshiwara River,14.0,"transport, commercial, mixed_use",750000,26.92,14,Urban,90.0,774.49,43.5,1.8125,1,24.0,High,0.9960861
2025-09-23,Ward K/W,SV Road (Andheri Subway),19.1182,72.8463,Oshiwara River,14.0,"transport, commercial, mixed_use",750000,26.92,14,Urban,90.0,774.49,29.8,1.3545454545454545,1,22.0,High,0.5387655
2025-09-24,Ward K/W,SV Road (Andheri Subway),19.1182,72.8463,Oshiwara River,14.0,"transport, commercial, mixed_use",750000,26.92,14,Urban,90.0,774.49,3.3,0.1571428571428571,1,21.0,High,0.8552507
2025-09-25,Ward K/W,SV Road (Andheri Subway),19.1182,72.8463,Oshiwara River,14.0,"transport, commercial, mixed_use",750000,26.92,14,Urban,90.0,774.49,1.8,0.15,1,12.0,High,0.86062133
2025-09-26,Ward K/W,SV Road (Andheri Subway),19.1182,72.8463,Oshiwara River,14.0,"transport, commercial, mixed_use",750000,26.92,14,Urban,90.0,774.49,3.6,0.2,1,18.0,High,0.8552507
2025-09-13,Ward H/W,SV Road (Khar Subway),19.0717,72.8391,Mithi River,5.0,"transport, commercial, mixed_use",410000,21.37,9,Urban,90.0,793.94,12.7,3.5,1,17.0,High,0.9983695
2025-09-14,Ward H/W,SV Road (Khar Subway),19.0717,72.8391,Mithi River,5.0,"transport, commercial, mixed_use",410000,21.37,9,Urban,90.0,793.94,12.2,2.8,1,22.0,High,0.9983695
2025-09-15,Ward H/W,SV Road (Khar Subway),19.0717,72.8391,Mithi River,5.0,"transport, commercial, mixed_use",410000,21.37,9,Urban,90.0,793.94,65.5,10.6,1,18.0,High,0.9997003
2025-09-16,Ward H/W,SV Road (Khar Subway),19.0717,72.8391,Mithi River,5.0,"transport, commercial, mixed_use",410000,21.37,9,Urban,90.0,793.94,5.2,0.9,1,23.0,High,0.99801755
2025-09-17,Ward H/W,SV Road (Khar Subway),19.0717,72.8391,Mithi River,5.0,"transport, commercial, mixed_use",410000,21.37,9,Urban,90.0,793.94,25.7,14.8,1,21.0,High,0.9949774
2025-09-18,Ward H/W,SV Road (Khar Subway),19.0717,72.8391,Mithi River,5.0,"transport, commercial, mixed_use",410000,21.37,9,Urban,90.0,793.94,10.4,1.9,1,21.0,High,0.9985941
2025-09-19,Ward H/W,SV Road (Khar Subway),19.0717,72.8391,Mithi River,5.0,"transport, commercial, mixed_use",410000,21.37,9,Urban,90.0,793.94,0.0,0.7,0,3.0,High,0.9947643
2025-09-20,Ward H/W,SV Road (Khar Subway),19.0717,72.8391,Mithi River,5.0,"transport, commercial, mixed_use",410000,21.37,9,Urban,90.0,793.94,22.4,0.9333333333333332,1,24.0,High,0.9938897
2025-09-21,Ward H/W,SV Road (Khar Subway),19.0717,72.8391,Mithi River,5.0,"transport, commercial, mixed_use",410000,21.37,9,Urban,90.0,793.94,23.7,0.9875,1,24.0,High,0.9938897
2025-09-22,Ward H/W,SV Road (Khar Subway),19.0717,72.8391,Mithi River,5.0,"transport, commercial, mixed_use",410000,21.37,9,Urban,90.0,793.94,43.5,1.8125,1,24.0,High,0.9992791
2025-09-23,Ward H/W,SV Road (Khar Subway),19.0717,72.8391,Mithi River,5.0,"transport, commercial, mixed_use",410000,21.37,9,Urban,90.0,793.94,29.8,1.3545454545454545,1,22.0,High,0.99549794
2025-09-24,Ward H/W,SV Road (Khar Subway),19.0717,72.8391,Mithi River,5.0,"transport, commercial, mixed_use",410000,21.37,9,Urban,90.0,793.94,3.3,0.1571428571428571,1,21.0,High,0.8900238
2025-09-25,Ward H/W,SV Road (Khar Subway),19.0717,72.8391,Mithi River,5.0,"transport, commercial, mixed_use",410000,21.37,9,Urban,90.0,793.94,1.8,0.15,1,12.0,High,0.8942832
2025-09-26,Ward H/W,SV Road (Khar Subway),19.0717,72.8391,Mithi River,5.0,"transport, commercial, mixed_use",410000,21.37,9,Urban,90.0,793.94,3.6,0.2,1,18.0,High,0.8900238
2025-09-13,Ward E,Saat Rasta Junction,18.9754,72.8226,Wadala Nalla,5.0,"commercial, recreation_ground, mixed_use",420000,30.38,6,Urban,90.0,1072.41,11.8,3.3,1,14.0,High,0.9944687
2025-09-14,Ward E,Saat Rasta Junction,18.9754,72.8226,Wadala Nalla,5.0,"commercial, recreation_ground, mixed_use",420000,30.38,6,Urban,90.0,1072.41,15.1,2.9,1,19.0,High,0.9940135
2025-09-15,Ward E,Saat Rasta Junction,18.9754,72.8226,Wadala Nalla,5.0,"commercial, recreation_ground, mixed_use",420000,30.38,6,Urban,90.0,1072.41,82.8,12.7,1,19.0,High,0.9986558
2025-09-16,Ward E,Saat Rasta Junction,18.9754,72.8226,Wadala Nalla,5.0,"commercial, recreation_ground, mixed_use",420000,30.38,6,Urban,90.0,1072.41,10.6,1.3,1,20.0,High,0.9952062
2025-09-17,Ward E,Saat Rasta Junction,18.9754,72.8226,Wadala Nalla,5.0,"commercial, recreation_ground, mixed_use",420000,30.38,6,Urban,90.0,1072.41,10.4,1.6,1,21.0,High,0.9952062
2025-09-18,Ward E,Saat Rasta Junction,18.9754,72.8226,Wadala Nalla,5.0,"commercial, recreation_ground, mixed_use",420000,30.38,6,Urban,90.0,1072.41,18.7,3.3,1,21.0,High,0.9898375
2025-09-19,Ward E,Saat Rasta Junction,18.9754,72.8226,Wadala Nalla,5.0,"commercial, recreation_ground, mixed_use",420000,30.38,6,Urban,90.0,1072.41,0.0,3.3,0,6.0,High,0.97409874
2025-09-20,Ward E,Saat Rasta Junction,18.9754,72.8226,Wadala Nalla,5.0,"commercial, recreation_ground, mixed_use",420000,30.38,6,Urban,90.0,1072.41,22.4,0.9333333333333332,1,24.0,High,0.98894787
2025-09-21,Ward E,Saat Rasta Junction,18.9754,72.8226,Wadala Nalla,5.0,"commercial, recreation_ground, mixed_use",420000,30.38,6,Urban,90.0,1072.41,23.7,0.9875,1,24.0,High,0.98894787
2025-09-22,Ward E,Saat Rasta Junction,18.9754,72.8226,Wadala Nalla,5.0,"commercial, recreation_ground, mixed_use",420000,30.38,6,Urban,90.0,1072.41,43.5,1.8125,1,24.0,High,0.9983584
2025-09-23,Ward E,Saat Rasta Junction,18.9754,72.8226,Wadala Nalla,5.0,"commercial, recreation_ground, mixed_use",420000,30.38,6,Urban,90.0,1072.41,29.8,1.3545454545454545,1,22.0,High,0.9909994
2025-09-24,Ward E,Saat Rasta Junction,18.9754,72.8226,Wadala Nalla,5.0,"commercial, recreation_ground, mixed_use",420000,30.38,6,Urban,90.0,1072.41,3.3,0.1571428571428571,1,21.0,High,0.8188091
2025-09-25,Ward E,Saat Rasta Junction,18.9754,72.8226,Wadala Nalla,5.0,"commercial, recreation_ground, mixed_use",420000,30.38,6,Urban,90.0,1072.41,1.8,0.15,1,12.0,High,0.82444113
2025-09-26,Ward E,Saat Rasta Junction,18.9754,72.8226,Wadala Nalla,5.0,"commercial, recreation_ground, mixed_use",420000,30.38,6,Urban,90.0,1072.41,3.6,0.2,1,18.0,High,0.8188091
2025-09-13,Ward K/E,Saki Naka Junction,19.1031,72.8882,Kurla Nalla,12.0,"commercial, transport, mixed_use",880000,18.81,3,Urban,90.0,56.67,12.7,3.5,1,17.0,High,0.99192953
2025-09-14,Ward K/E,Saki Naka Junction,19.1031,72.8882,Kurla Nalla,12.0,"commercial, transport, mixed_use",880000,18.81,3,Urban,90.0,56.67,12.2,2.8,1,22.0,High,0.99192953
2025-09-15,Ward K/E,Saki Naka Junction,19.1031,72.8882,Kurla Nalla,12.0,"commercial, transport, mixed_use",880000,18.81,3,Urban,90.0,56.67,65.5,10.6,1,18.0,High,0.9995466
2025-09-16,Ward K/E,Saki Naka Junction,19.1031,72.8882,Kurla Nalla,12.0,"commercial, transport, mixed_use",880000,18.81,3,Urban,90.0,56.67,5.2,0.9,1,23.0,High,0.992362
2025-09-17,Ward K/E,Saki Naka Junction,19.1031,72.8882,Kurla Nalla,12.0,"commercial, transport, mixed_use",880000,18.81,3,Urban,90.0,56.67,25.7,14.8,1,21.0,Moderate,0.6791106
2025-09-18,Ward K/E,Saki Naka Junction,19.1031,72.8882,Kurla Nalla,12.0,"commercial, transport, mixed_use",880000,18.81,3,Urban,90.0,56.67,10.4,1.9,1,21.0,High,0.9930352
2025-09-19,Ward K/E,Saki Naka Junction,19.1031,72.8882,Kurla Nalla,12.0,"commercial, transport, mixed_use",880000,18.81,3,Urban,90.0,56.67,0.0,0.7,0,3.0,High,0.9741294
2025-09-20,Ward K/E,Saki Naka Junction,19.1031,72.8882,Kurla Nalla,12.0,"commercial, transport, mixed_use",880000,18.81,3,Urban,90.0,56.67,22.4,0.9333333333333332,1,24.0,Moderate,0.7259958
2025-09-21,Ward K/E,Saki Naka Junction,19.1031,72.8882,Kurla Nalla,12.0,"commercial, transport, mixed_use",880000,18.81,3,Urban,90.0,56.67,23.7,0.9875,1,24.0,Moderate,0.7259958
2025-09-22,Ward K/E,Saki Naka Junction,19.1031,72.8882,Kurla Nalla,12.0,"commercial, transport, mixed_use",880000,18.81,3,Urban,90.0,56.67,43.5,1.8125,1,24.0,High,0.99237305
2025-09-23,Ward K/E,Saki Naka Junction,19.1031,72.8882,Kurla Nalla,12.0,"commercial, transport, mixed_use",880000,18.81,3,Urban,90.0,56.67,29.8,1.3545454545454545,1,22.0,Moderate,0.6548927
2025-09-24,Ward K/E,Saki Naka Junction,19.1031,72.8882,Kurla Nalla,12.0,"commercial, transport, mixed_use",880000,18.81,3,Urban,90.0,56.67,3.3,0.1571428571428571,1,21.0,High,0.8304537
2025-09-25,Ward K/E,Saki Naka Junction,19.1031,72.8882,Kurla Nalla,12.0,"commercial, transport, mixed_use",880000,18.81,3,Urban,90.0,56.67,1.8,0.15,1,12.0,High,0.83659947
2025-09-26,Ward K/E,Saki Naka Junction,19.1031,72.8882,Kurla Nalla,12.0,"commercial, transport, mixed_use",880000,18.81,3,Urban,90.0,56.67,3.6,0.2,1,18.0,High,0.8304537
2025-09-13,Ward H/W,Santacruz West,19.0844004,72.8372899,Mithi River,10.61446384,park,880000,2.01427712,1305,Urban,63.48310326,5375.0,12.7,3.5,1,17.0,High,0.99720937
2025-09-14,Ward H/W,Santacruz West,19.0844004,72.8372899,Mithi River,10.61446384,park,880000,2.01427712,1305,Urban,63.48310326,5375.0,12.2,2.8,1,22.0,High,0.99725
2025-09-15,Ward H/W,Santacruz West,19.0844004,72.8372899,Mithi River,10.61446384,park,880000,2.01427712,1305,Urban,63.48310326,5375.0,65.5,10.6,1,18.0,High,0.9996093
2025-09-16,Ward H/W,Santacruz West,19.0844004,72.8372899,Mithi River,10.61446384,park,880000,2.01427712,1305,Urban,63.48310326,5375.0,5.2,0.9,1,23.0,High,0.99714464
2025-09-17,Ward H/W,Santacruz West,19.0844004,72.8372899,Mithi River,10.61446384,park,880000,2.01427712,1305,Urban,63.48310326,5375.0,25.7,14.8,1,21.0,High,0.96701694
2025-09-18,Ward H/W,Santacruz West,19.0844004,72.8372899,Mithi River,10.61446384,park,880000,2.01427712,1305,Urban,63.48310326,5375.0,10.4,1.9,1,21.0,High,0.9976285
2025-09-19,Ward H/W,Santacruz West,19.0844004,72.8372899,Mithi River,10.61446384,park,880000,2.01427712,1305,Urban,63.48310326,5375.0,0.0,0.7,0,3.0,High,0.9911179
2025-09-20,Ward H/W,Santacruz West,19.0844004,72.8372899,Mithi River,10.61446384,park,880000,2.01427712,1305,Urban,63.48310326,5375.0,22.4,0.9333333333333332,1,24.0,High,0.9643314
2025-09-21,Ward H/W,Santacruz West,19.0844004,72.8372899,Mithi River,10.61446384,park,880000,2.01427712,1305,Urban,63.48310326,5375.0,23.7,0.9875,1,24.0,High,0.9643314
2025-09-22,Ward H/W,Santacruz West,19.0844004,72.8372899,Mithi River,10.61446384,park,880000,2.01427712,1305,Urban,63.48310326,5375.0,43.5,1.8125,1,24.0,High,0.9985273
2025-09-23,Ward H/W,Santacruz West,19.0844004,72.8372899,Mithi River,10.61446384,park,880000,2.01427712,1305,Urban,63.48310326,5375.0,29.8,1.3545454545454545,1,22.0,High,0.97034866
2025-09-24,Ward H/W,Santacruz West,19.0844004,72.8372899,Mithi River,10.61446384,park,880000,2.01427712,1305,Urban,63.48310326,5375.0,3.3,0.1571428571428571,1,21.0,High,0.84292394
2025-09-25,Ward H/W,Santacruz West,19.0844004,72.8372899,Mithi River,10.61446384,park,880000,2.01427712,1305,Urban,63.48310326,5375.0,1.8,0.15,1,12.0,High,0.84673715
2025-09-26,Ward H/W,Santacruz West,19.0844004,72.8372899,Mithi River,10.61446384,park,880000,2.01427712,1305,Urban,63.48310326,5375.0,3.6,0.2,1,18.0,High,0.84292394
2025-09-13,Ward T,Sarojini Naidu Road,19.172,72.9554,Tulsi Lake,6.0,"residential, commercial, mixed_use",640000,15.77,7,Urban,90.0,196.31,9.5,2.4,1,17.0,High,0.99810326
2025-09-14,Ward T,Sarojini Naidu Road,19.172,72.9554,Tulsi Lake,6.0,"residential, commercial, mixed_use",640000,15.77,7,Urban,90.0,196.31,11.9,2.8,1,22.0,High,0.99810326
2025-09-15,Ward T,Sarojini Naidu Road,19.172,72.9554,Tulsi Lake,6.0,"residential, commercial, mixed_use",640000,15.77,7,Urban,90.0,196.31,29.4,5.5,1,17.0,High,0.9935681
2025-09-16,Ward T,Sarojini Naidu Road,19.172,72.9554,Tulsi Lake,6.0,"residential, commercial, mixed_use",640000,15.77,7,Urban,90.0,196.31,12.9,4.6,1,21.0,High,0.99810326
2025-09-17,Ward T,Sarojini Naidu Road,19.172,72.9554,Tulsi Lake,6.0,"residential, commercial, mixed_use",640000,15.77,7,Urban,90.0,196.31,32.2,14.0,1,22.0,High,0.9935681
2025-09-18,Ward T,Sarojini Naidu Road,19.172,72.9554,Tulsi Lake,6.0,"residential, commercial, mixed_use",640000,15.77,7,Urban,90.0,196.31,12.5,2.0,1,20.0,High,0.9984187
2025-09-19,Ward T,Sarojini Naidu Road,19.172,72.9554,Tulsi Lake,6.0,"residential, commercial, mixed_use",640000,15.77,7,Urban,90.0,196.31,0.0,0.1,0,1.0,High,0.8088733
2025-09-20,Ward T,Sarojini Naidu Road,19.172,72.9554,Tulsi Lake,6.0,"residential, commercial, mixed_use",640000,15.77,7,Urban,90.0,196.31,17.6,0.7333333333333334,1,24.0,High,0.99462885
2025-09-21,Ward T,Sarojini Naidu Road,19.172,72.9554,Tulsi Lake,6.0,"residential, commercial, mixed_use",640000,15.77,7,Urban,90.0,196.31,15.6,0.6782608695652174,1,23.0,High,0.9987068
2025-09-22,Ward T,Sarojini Naidu Road,19.172,72.9554,Tulsi Lake,6.0,"residential, commercial, mixed_use",640000,15.77,7,Urban,90.0,196.31,28.1,1.1708333333333334,1,24.0,High,0.9921016
2025-09-23,Ward T,Sarojini Naidu Road,19.172,72.9554,Tulsi Lake,6.0,"residential, commercial, mixed_use",640000,15.77,7,Urban,90.0,196.31,33.2,1.5090909090909093,1,22.0,High,0.99442405
2025-09-24,Ward T,Sarojini Naidu Road,19.172,72.9554,Tulsi Lake,6.0,"residential, commercial, mixed_use",640000,15.77,7,Urban,90.0,196.31,1.5,0.1666666666666666,1,9.0,High,0.86802876
2025-09-25,Ward T,Sarojini Naidu Road,19.172,72.9554,Tulsi Lake,6.0,"residential, commercial, mixed_use",640000,15.77,7,Urban,90.0,196.31,0.0,0.0,0,0.0,High,0.7387215
2025-09-26,Ward T,Sarojini Naidu Road,19.172,72.9554,Tulsi Lake,6.0,"residential, commercial, mixed_use",640000,15.77,7,Urban,90.0,196.31,1.5,0.1666666666666666,1,9.0,High,0.86802876
2025-09-13,Ward F/S,Sewri,19.001418,72.8542575,Thane Creek,5.999749158,park,470000,2.428600454,2215,Urban,68.52444529,5385.0,12.4,2.1,1,18.0,High,0.99845386
2025-09-14,Ward F/S,Sewri,19.001418,72.8542575,Thane Creek,5.999749158,park,470000,2.428600454,2215,Urban,68.52444529,5385.0,16.3,3.6,1,24.0,High,0.99845386
2025-09-15,Ward F/S,Sewri,19.001418,72.8542575,Thane Creek,5.999749158,park,470000,2.428600454,2215,Urban,68.52444529,5385.0,72.3,13.2,1,18.0,High,0.99966156
2025-09-16,Ward F/S,Sewri,19.001418,72.8542575,Thane Creek,5.999749158,park,470000,2.428600454,2215,Urban,68.52444529,5385.0,7.8,0.9,1,22.0,High,0.998662
2025-09-17,Ward F/S,Sewri,19.001418,72.8542575,Thane Creek,5.999749158,park,470000,2.428600454,2215,Urban,68.52444529,5385.0,15.2,4.5,1,22.0,High,0.99845386
2025-09-18,Ward F/S,Sewri,19.001418,72.8542575,Thane Creek,5.999749158,park,470000,2.428600454,2215,Urban,68.52444529,5385.0,9.9,1.3,1,21.0,High,0.99872977
2025-09-19,Ward F/S,Sewri,19.001418,72.8542575,Thane Creek,5.999749158,park,470000,2.428600454,2215,Urban,68.52444529,5385.0,0.0,3.3,0,6.0,High,0.99499846
2025-09-20,Ward F/S,Sewri,19.001418,72.8542575,Thane Creek,5.999749158,park,470000,2.428600454,2215,Urban,68.52444529,5385.0,22.4,0.9333333333333332,1,24.0,High,0.99612516
2025-09-21,Ward F/S,Sewri,19.001418,72.8542575,Thane Creek,5.999749158,park,470000,2.428600454,2215,Urban,68.52444529,5385.0,23.7,0.9875,1,24.0,High,0.99612516
2025-09-22,Ward F/S,Sewri,19.001418,72.8542575,Thane Creek,5.999749158,park,470000,2.428600454,2215,Urban,68.52444529,5385.0,43.5,1.8125,1,24.0,High,0.999164
2025-09-23,Ward F/S,Sewri,19.001418,72.8542575,Thane Creek,5.999749158,park,470000,2.428600454,2215,Urban,68.52444529,5385.0,29.8,1.3545454545454545,1,22.0,High,0.99640393
2025-09-24,Ward F/S,Sewri,19.001418,72.8542575,Thane Creek,5.999749158,park,470000,2.428600454,2215,Urban,68.52444529,5385.0,3.3,0.1571428571428571,1,21.0,High,0.8892043
2025-09-25,Ward F/S,Sewri,19.001418,72.8542575,Thane Creek,5.999749158,park,470000,2.428600454,2215,Urban,68.52444529,5385.0,1.8,0.15,1,12.0,High,0.8928322
2025-09-26,Ward F/S,Sewri,19.001418,72.8542575,Thane Creek,5.999749158,park,470000,2.428600454,2215,Urban,68.52444529,5385.0,3.6,0.2,1,18.0,High,0.8892043
2025-09-13,Ward M/W,Shell Colony,19.0431,72.8995,Wadala Nalla,8.0,"commercial, residential, mixed_use",710000,Error: Found no graph nodes within the requested polygon.,12,Sandy,90.0,1497.8,12.4,2.1,1,18.0,High,0.9988741
2025-09-14,Ward M/W,Shell Colony,19.0431,72.8995,Wadala Nalla,8.0,"commercial, residential, mixed_use",710000,Error: Found no graph nodes within the requested polygon.,12,Sandy,90.0,1497.8,16.3,3.6,1,24.0,High,0.9988741
2025-09-15,Ward M/W,Shell Colony,19.0431,72.8995,Wadala Nalla,8.0,"commercial, residential, mixed_use",710000,Error: Found no graph nodes within the requested polygon.,12,Sandy,90.0,1497.8,72.3,13.2,1,18.0,High,0.99971193
2025-09-16,Ward M/W,Shell Colony,19.0431,72.8995,Wadala Nalla,8.0,"commercial, residential, mixed_use",710000,Error: Found no graph nodes within the requested polygon.,12,Sandy,90.0,1497.8,7.8,0.9,1,22.0,High,0.9986884
2025-09-17,Ward M/W,Shell Colony,19.0431,72.8995,Wadala Nalla,8.0,"commercial, residential, mixed_use",710000,Error: Found no graph nodes within the requested polygon.,12,Sandy,90.0,1497.8,15.2,4.5,1,22.0,High,0.9988741
2025-09-18,Ward M/W,Shell Colony,19.0431,72.8995,Wadala Nalla,8.0,"commercial, residential, mixed_use",710000,Error: Found no graph nodes within the requested polygon.,12,Sandy,90.0,1497.8,9.9,1.3,1,21.0,High,0.9990615
2025-09-19,Ward M/W,Shell Colony,19.0431,72.8995,Wadala Nalla,8.0,"commercial, residential, mixed_use",710000,Error: Found no graph nodes within the requested polygon.,12,Sandy,90.0,1497.8,0.0,3.3,0,6.0,High,0.99604756
2025-09-20,Ward M/W,Shell Colony,19.0431,72.8995,Wadala Nalla,8.0,"commercial, residential, mixed_use",710000,Error: Found no graph nodes within the requested polygon.,12,Sandy,90.0,1497.8,22.4,0.9333333333333332,1,24.0,High,0.9960742
2025-09-21,Ward M/W,Shell Colony,19.0431,72.8995,Wadala Nalla,8.0,"commercial, residential, mixed_use",710000,Error: Found no graph nodes within the requested polygon.,12,Sandy,90.0,1497.8,23.7,0.9875,1,24.0,High,0.9960742
2025-09-22,Ward M/W,Shell Colony,19.0431,72.8995,Wadala Nalla,8.0,"commercial, residential, mixed_use",710000,Error: Found no graph nodes within the requested polygon.,12,Sandy,90.0,1497.8,43.5,1.8125,1,24.0,High,0.99933213
2025-09-23,Ward M/W,Shell Colony,19.0431,72.8995,Wadala Nalla,8.0,"commercial, residential, mixed_use",710000,Error: Found no graph nodes within the requested polygon.,12,Sandy,90.0,1497.8,29.8,1.3545454545454545,1,22.0,High,0.9970913
2025-09-24,Ward M/W,Shell Colony,19.0431,72.8995,Wadala Nalla,8.0,"commercial, residential, mixed_use",710000,Error: Found no graph nodes within the requested polygon.,12,Sandy,90.0,1497.8,3.3,0.1571428571428571,1,21.0,High,0.89156467
2025-09-25,Ward M/W,Shell Colony,19.0431,72.8995,Wadala Nalla,8.0,"commercial, residential, mixed_use",710000,Error: Found no graph nodes within the requested polygon.,12,Sandy,90.0,1497.8,1.8,0.15,1,12.0,High,0.89555013
2025-09-26,Ward M/W,Shell Colony,19.0431,72.8995,Wadala Nalla,8.0,"commercial, residential, mixed_use",710000,Error: Found no graph nodes within the requested polygon.,12,Sandy,90.0,1497.8,3.6,0.2,1,18.0,High,0.89156467
2025-09-13,Ward R/S,Shimpoli Road,19.2064,72.8376,Poinsur River,14.0,"industrial, residential, mixed_use",610000,23.07,22,Urban,90.0,247.69,8.5,2.4,1,14.0,High,0.9949256
2025-09-14,Ward R/S,Shimpoli Road,19.2064,72.8376,Poinsur River,14.0,"industrial, residential, mixed_use",610000,23.07,22,Urban,90.0,247.69,8.0,1.3,1,22.0,High,0.99576724
2025-09-15,Ward R/S,Shimpoli Road,19.2064,72.8376,Poinsur River,14.0,"industrial, residential, mixed_use",610000,23.07,22,Urban,90.0,247.69,17.3,4.3,1,20.0,High,0.8000156
2025-09-16,Ward R/S,Shimpoli Road,19.2064,72.8376,Poinsur River,14.0,"industrial, residential, mixed_use",610000,23.07,22,Urban,90.0,247.69,10.0,2.4,1,22.0,High,0.9949256
2025-09-17,Ward R/S,Shimpoli Road,19.2064,72.8376,Poinsur River,14.0,"industrial, residential, mixed_use",610000,23.07,22,Urban,90.0,247.69,17.9,12.7,1,18.0,High,0.8000156
2025-09-18,Ward R/S,Shimpoli Road,19.2064,72.8376,Poinsur River,14.0,"industrial, residential, mixed_use",610000,23.07,22,Urban,90.0,247.69,15.8,4.6,1,21.0,High,0.9949256
2025-09-19,Ward R/S,Shimpoli Road,19.2064,72.8376,Poinsur River,14.0,"industrial, residential, mixed_use",610000,23.07,22,Urban,90.0,247.69,0.0,0.3,0,5.0,High,0.98542273
2025-09-20,Ward R/S,Shimpoli Road,19.2064,72.8376,Poinsur River,14.0,"industrial, residential, mixed_use",610000,23.07,22,Urban,90.0,247.69,22.1,0.9208333333333334,1,24.0,High,0.79992205
2025-09-21,Ward R/S,Shimpoli Road,19.2064,72.8376,Poinsur River,14.0,"industrial, residential, mixed_use",610000,23.07,22,Urban,90.0,247.69,24.3,1.0125,1,24.0,High,0.63836116
2025-09-22,Ward R/S,Shimpoli Road,19.2064,72.8376,Poinsur River,14.0,"industrial, residential, mixed_use",610000,23.07,22,Urban,90.0,247.69,52.2,2.1750000000000003,1,24.0,High,0.9990157
2025-09-23,Ward R/S,Shimpoli Road,19.2064,72.8376,Poinsur River,14.0,"industrial, residential, mixed_use",610000,23.07,22,Urban,90.0,247.69,31.9,1.3291666666666666,1,24.0,High,0.791316
2025-09-24,Ward R/S,Shimpoli Road,19.2064,72.8376,Poinsur River,14.0,"industrial, residential, mixed_use",610000,23.07,22,Urban,90.0,247.69,1.5,0.1,1,15.0,High,0.88901067
2025-09-25,Ward R/S,Shimpoli Road,19.2064,72.8376,Poinsur River,14.0,"industrial, residential, mixed_use",610000,23.07,22,Urban,90.0,247.69,1.8,0.2,1,9.0,High,0.8879351
2025-09-26,Ward R/S,Shimpoli Road,19.2064,72.8376,Poinsur River,14.0,"industrial, residential, mixed_use",610000,23.07,22,Urban,90.0,247.69,3.0,0.2,1,15.0,High,0.88360834
2025-09-13,Ward M/E,Shivaji Nagar,19.0572,72.8999,Chembur Nalla,10.0,"hospital/institutional, mixed_use",690000,29.15,7,Sandy,90.0,287.57,10.7,2.8,1,17.0,High,0.99780566
2025-09-14,Ward M/E,Shivaji Nagar,19.0572,72.8999,Chembur Nalla,10.0,"hospital/institutional, mixed_use",690000,29.15,7,Sandy,90.0,287.57,14.2,2.8,1,22.0,High,0.99780566
2025-09-15,Ward M/E,Shivaji Nagar,19.0572,72.8999,Chembur Nalla,10.0,"hospital/institutional, mixed_use",690000,29.15,7,Sandy,90.0,287.57,56.1,8.9,1,18.0,High,0.9997086
2025-09-16,Ward M/E,Shivaji Nagar,19.0572,72.8999,Chembur Nalla,10.0,"hospital/institutional, mixed_use",690000,29.15,7,Sandy,90.0,287.57,14.5,7.3,1,22.0,High,0.99780566
2025-09-17,Ward M/E,Shivaji Nagar,19.0572,72.8999,Chembur Nalla,10.0,"hospital/institutional, mixed_use",690000,29.15,7,Sandy,90.0,287.57,22.3,13.7,1,22.0,High,0.9675134
2025-09-18,Ward M/E,Shivaji Nagar,19.0572,72.8999,Chembur Nalla,10.0,"hospital/institutional, mixed_use",690000,29.15,7,Sandy,90.0,287.57,16.0,3.9,1,21.0,High,0.99780566
2025-09-19,Ward M/E,Shivaji Nagar,19.0572,72.8999,Chembur Nalla,10.0,"hospital/institutional, mixed_use",690000,29.15,7,Sandy,90.0,287.57,0.0,0.1,0,4.0,High,0.7994945
2025-09-20,Ward M/E,Shivaji Nagar,19.0572,72.8999,Chembur Nalla,10.0,"hospital/institutional, mixed_use",690000,29.15,7,Sandy,90.0,287.57,22.4,0.9333333333333332,1,24.0,High,0.95094746
2025-09-21,Ward M/E,Shivaji Nagar,19.0572,72.8999,Chembur Nalla,10.0,"hospital/institutional, mixed_use",690000,29.15,7,Sandy,90.0,287.57,23.7,0.9875,1,24.0,High,0.95094746
2025-09-22,Ward M/E,Shivaji Nagar,19.0572,72.8999,Chembur Nalla,10.0,"hospital/institutional, mixed_use",690000,29.15,7,Sandy,90.0,287.57,43.5,1.8125,1,24.0,High,0.9983576
2025-09-23,Ward M/E,Shivaji Nagar,19.0572,72.8999,Chembur Nalla,10.0,"hospital/institutional, mixed_use",690000,29.15,7,Sandy,90.0,287.57,29.8,1.3545454545454545,1,22.0,High,0.96779835
2025-09-24,Ward M/E,Shivaji Nagar,19.0572,72.8999,Chembur Nalla,10.0,"hospital/institutional, mixed_use",690000,29.15,7,Sandy,90.0,287.57,3.3,0.1571428571428571,1,21.0,High,0.86360234
2025-09-25,Ward M/E,Shivaji Nagar,19.0572,72.8999,Chembur Nalla,10.0,"hospital/institutional, mixed_use",690000,29.15,7,Sandy,90.0,287.57,1.8,0.15,1,12.0,High,0.86870766
2025-09-26,Ward M/E,Shivaji Nagar,19.0572,72.8999,Chembur Nalla,10.0,"hospital/institutional, mixed_use",690000,29.15,7,Sandy,90.0,287.57,3.6,0.2,1,18.0,High,0.86360234
2025-09-13,Ward P/S,Siddharth Hospital area,19.1639,72.8433,Goregaon Nalla,16.0,"slum, residential, mixed_use",820000,41.76,7,Urban,90.0,188.27,10.6,2.2,1,16.0,High,0.9879326
2025-09-14,Ward P/S,Siddharth Hospital area,19.1639,72.8433,Goregaon Nalla,16.0,"slum, residential, mixed_use",820000,41.76,7,Urban,90.0,188.27,12.1,2.6,1,21.0,High,0.9879326
2025-09-15,Ward P/S,Siddharth Hospital area,19.1639,72.8433,Goregaon Nalla,16.0,"slum, residential, mixed_use",820000,41.76,7,Urban,90.0,188.27,29.1,5.0,1,17.0,Moderate,0.7380675
2025-09-16,Ward P/S,Siddharth Hospital area,19.1639,72.8433,Goregaon Nalla,16.0,"slum, residential, mixed_use",820000,41.76,7,Urban,90.0,188.27,6.6,2.4,1,20.0,High,0.9879326
2025-09-17,Ward P/S,Siddharth Hospital area,19.1639,72.8433,Goregaon Nalla,16.0,"slum, residential, mixed_use",820000,41.76,7,Urban,90.0,188.27,27.8,19.8,1,23.0,Moderate,0.7380675
2025-09-18,Ward P/S,Siddharth Hospital area,19.1639,72.8433,Goregaon Nalla,16.0,"slum, residential, mixed_use",820000,41.76,7,Urban,90.0,188.27,14.8,3.1,1,22.0,High,0.9872285
2025-09-19,Ward P/S,Siddharth Hospital area,19.1639,72.8433,Goregaon Nalla,16.0,"slum, residential, mixed_use",820000,41.76,7,Urban,90.0,188.27,0.0,0.1,0,2.0,High,0.6965413
2025-09-20,Ward P/S,Siddharth Hospital area,19.1639,72.8433,Goregaon Nalla,16.0,"slum, residential, mixed_use",820000,41.76,7,Urban,90.0,188.27,22.4,0.9333333333333332,1,24.0,Moderate,0.71322787
2025-09-21,Ward P/S,Siddharth Hospital area,19.1639,72.8433,Goregaon Nalla,16.0,"slum, residential, mixed_use",820000,41.76,7,Urban,90.0,188.27,23.7,0.9875,1,24.0,Moderate,0.71322787
2025-09-22,Ward P/S,Siddharth Hospital area,19.1639,72.8433,Goregaon Nalla,16.0,"slum, residential, mixed_use",820000,41.76,7,Urban,90.0,188.27,43.5,1.8125,1,24.0,High,0.86260796
2025-09-23,Ward P/S,Siddharth Hospital area,19.1639,72.8433,Goregaon Nalla,16.0,"slum, residential, mixed_use",820000,41.76,7,Urban,90.0,188.27,29.8,1.3545454545454545,1,22.0,Moderate,0.7164492
2025-09-24,Ward P/S,Siddharth Hospital area,19.1639,72.8433,Goregaon Nalla,16.0,"slum, residential, mixed_use",820000,41.76,7,Urban,90.0,188.27,3.3,0.1571428571428571,1,21.0,High,0.8151824
2025-09-25,Ward P/S,Siddharth Hospital area,19.1639,72.8433,Goregaon Nalla,16.0,"slum, residential, mixed_use",820000,41.76,7,Urban,90.0,188.27,1.8,0.15,1,12.0,High,0.82038456
2025-09-26,Ward P/S,Siddharth Hospital area,19.1639,72.8433,Goregaon Nalla,16.0,"slum, residential, mixed_use",820000,41.76,7,Urban,90.0,188.27,3.6,0.2,1,18.0,High,0.8151824
2025-09-13,Ward F/N,Sion Circle,19.0373,72.8555,Wadala Nalla,8.0,"transport, commercial, mixed_use",530000,24.29,18,Urban,90.0,513.27,12.4,2.1,1,18.0,High,0.9986523
2025-09-14,Ward F/N,Sion Circle,19.0373,72.8555,Wadala Nalla,8.0,"transport, commercial, mixed_use",530000,24.29,18,Urban,90.0,513.27,16.3,3.6,1,24.0,High,0.9986523
2025-09-15,Ward F/N,Sion Circle,19.0373,72.8555,Wadala Nalla,8.0,"transport, commercial, mixed_use",530000,24.29,18,Urban,90.0,513.27,72.3,13.2,1,18.0,High,0.9997081
2025-09-16,Ward F/N,Sion Circle,19.0373,72.8555,Wadala Nalla,8.0,"transport, commercial, mixed_use",530000,24.29,18,Urban,90.0,513.27,7.8,0.9,1,22.0,High,0.9987822
2025-09-17,Ward F/N,Sion Circle,19.0373,72.8555,Wadala Nalla,8.0,"transport, commercial, mixed_use",530000,24.29,18,Urban,90.0,513.27,15.2,4.5,1,22.0,High,0.9986523
2025-09-18,Ward F/N,Sion Circle,19.0373,72.8555,Wadala Nalla,8.0,"transport, commercial, mixed_use",530000,24.29,18,Urban,90.0,513.27,9.9,1.3,1,21.0,High,0.9988765
2025-09-19,Ward F/N,Sion Circle,19.0373,72.8555,Wadala Nalla,8.0,"transport, commercial, mixed_use",530000,24.29,18,Urban,90.0,513.27,0.0,3.3,0,6.0,High,0.9952376
2025-09-20,Ward F/N,Sion Circle,19.0373,72.8555,Wadala Nalla,8.0,"transport, commercial, mixed_use",530000,24.29,18,Urban,90.0,513.27,22.4,0.9333333333333332,1,24.0,High,0.9966635
2025-09-21,Ward F/N,Sion Circle,19.0373,72.8555,Wadala Nalla,8.0,"transport, commercial, mixed_use",530000,24.29,18,Urban,90.0,513.27,23.7,0.9875,1,24.0,High,0.9966635
2025-09-22,Ward F/N,Sion Circle,19.0373,72.8555,Wadala Nalla,8.0,"transport, commercial, mixed_use",530000,24.29,18,Urban,90.0,513.27,43.5,1.8125,1,24.0,High,0.9993623
2025-09-23,Ward F/N,Sion Circle,19.0373,72.8555,Wadala Nalla,8.0,"transport, commercial, mixed_use",530000,24.29,18,Urban,90.0,513.27,29.8,1.3545454545454545,1,22.0,High,0.99712807
2025-09-24,Ward F/N,Sion Circle,19.0373,72.8555,Wadala Nalla,8.0,"transport, commercial, mixed_use",530000,24.29,18,Urban,90.0,513.27,3.3,0.1571428571428571,1,21.0,High,0.900417
2025-09-25,Ward F/N,Sion Circle,19.0373,72.8555,Wadala Nalla,8.0,"transport, commercial, mixed_use",530000,24.29,18,Urban,90.0,513.27,1.8,0.15,1,12.0,High,0.90365356
2025-09-26,Ward F/N,Sion Circle,19.0373,72.8555,Wadala Nalla,8.0,"transport, commercial, mixed_use",530000,24.29,18,Urban,90.0,513.27,3.6,0.2,1,18.0,High,0.900417
2025-09-13,Ward M/W,Trombay Road Sectors,19.0005,72.8873,Kurla Nalla,3.0,"transport, mixed_use",710000,27.64,6,Urban,90.0,399.93,12.4,2.1,1,18.0,High,0.9978948
2025-09-14,Ward M/W,Trombay Road Sectors,19.0005,72.8873,Kurla Nalla,3.0,"transport, mixed_use",710000,27.64,6,Urban,90.0,399.93,16.3,3.6,1,24.0,High,0.9978948
2025-09-15,Ward M/W,Trombay Road Sectors,19.0005,72.8873,Kurla Nalla,3.0,"transport, mixed_use",710000,27.64,6,Urban,90.0,399.93,72.3,13.2,1,18.0,High,0.9996804
2025-09-16,Ward M/W,Trombay Road Sectors,19.0005,72.8873,Kurla Nalla,3.0,"transport, mixed_use",710000,27.64,6,Urban,90.0,399.93,7.8,0.9,1,22.0,High,0.997399
2025-09-17,Ward M/W,Trombay Road Sectors,19.0005,72.8873,Kurla Nalla,3.0,"transport, mixed_use",710000,27.64,6,Urban,90.0,399.93,15.2,4.5,1,22.0,High,0.9978948
2025-09-18,Ward M/W,Trombay Road Sectors,19.0005,72.8873,Kurla Nalla,3.0,"transport, mixed_use",710000,27.64,6,Urban,90.0,399.93,9.9,1.3,1,21.0,High,0.9981846
2025-09-19,Ward M/W,Trombay Road Sectors,19.0005,72.8873,Kurla Nalla,3.0,"transport, mixed_use",710000,27.64,6,Urban,90.0,399.93,0.0,3.3,0,6.0,High,0.99289274
2025-09-20,Ward M/W,Trombay Road Sectors,19.0005,72.8873,Kurla Nalla,3.0,"transport, mixed_use",710000,27.64,6,Urban,90.0,399.93,22.4,0.9333333333333332,1,24.0,High,0.9935976
2025-09-21,Ward M/W,Trombay Road Sectors,19.0005,72.8873,Kurla Nalla,3.0,"transport, mixed_use",710000,27.64,6,Urban,90.0,399.93,23.7,0.9875,1,24.0,High,0.9935976
2025-09-22,Ward M/W,Trombay Road Sectors,19.0005,72.8873,Kurla Nalla,3.0,"transport, mixed_use",710000,27.64,6,Urban,90.0,399.93,43.5,1.8125,1,24.0,High,0.9992373
2025-09-23,Ward M/W,Trombay Road Sectors,19.0005,72.8873,Kurla Nalla,3.0,"transport, mixed_use",710000,27.64,6,Urban,90.0,399.93,29.8,1.3545454545454545,1,22.0,High,0.9952887
2025-09-24,Ward M/W,Trombay Road Sectors,19.0005,72.8873,Kurla Nalla,3.0,"transport, mixed_use",710000,27.64,6,Urban,90.0,399.93,3.3,0.1571428571428571,1,21.0,High,0.8985812
2025-09-25,Ward M/W,Trombay Road Sectors,19.0005,72.8873,Kurla Nalla,3.0,"transport, mixed_use",710000,27.64,6,Urban,90.0,399.93,1.8,0.15,1,12.0,High,0.9025419
2025-09-26,Ward M/W,Trombay Road Sectors,19.0005,72.8873,Kurla Nalla,3.0,"transport, mixed_use",710000,27.64,6,Urban,90.0,399.93,3.6,0.2,1,18.0,High,0.8985812
2025-09-13,Ward G/S,Tulsi Pipe Road near station,19.0098,72.8319,Wadala Nalla,15.0,"transport, industrial, mixed_use",430000,11.25,9,Urban,90.0,732.0,12.4,2.1,1,18.0,High,0.99225897
2025-09-14,Ward G/S,Tulsi Pipe Road near station,19.0098,72.8319,Wadala Nalla,15.0,"transport, industrial, mixed_use",430000,11.25,9,Urban,90.0,732.0,16.3,3.6,1,24.0,High,0.9918139
2025-09-15,Ward G/S,Tulsi Pipe Road near station,19.0098,72.8319,Wadala Nalla,15.0,"transport, industrial, mixed_use",430000,11.25,9,Urban,90.0,732.0,72.3,13.2,1,18.0,High,0.9993186
2025-09-16,Ward G/S,Tulsi Pipe Road near station,19.0098,72.8319,Wadala Nalla,15.0,"transport, industrial, mixed_use",430000,11.25,9,Urban,90.0,732.0,7.8,0.9,1,22.0,High,0.99290633
2025-09-17,Ward G/S,Tulsi Pipe Road near station,19.0098,72.8319,Wadala Nalla,15.0,"transport, industrial, mixed_use",430000,11.25,9,Urban,90.0,732.0,15.2,4.5,1,22.0,High,0.9918139
2025-09-18,Ward G/S,Tulsi Pipe Road near station,19.0098,72.8319,Wadala Nalla,15.0,"transport, industrial, mixed_use",430000,11.25,9,Urban,90.0,732.0,9.9,1.3,1,21.0,High,0.99353987
2025-09-19,Ward G/S,Tulsi Pipe Road near station,19.0098,72.8319,Wadala Nalla,15.0,"transport, industrial, mixed_use",430000,11.25,9,Urban,90.0,732.0,0.0,3.3,0,6.0,High,0.9626869
2025-09-20,Ward G/S,Tulsi Pipe Road near station,19.0098,72.8319,Wadala Nalla,15.0,"transport, industrial, mixed_use",430000,11.25,9,Urban,90.0,732.0,22.4,0.9333333333333332,1,24.0,High,0.73478854
2025-09-21,Ward G/S,Tulsi Pipe Road near station,19.0098,72.8319,Wadala Nalla,15.0,"transport, industrial, mixed_use",430000,11.25,9,Urban,90.0,732.0,23.7,0.9875,1,24.0,High,0.73478854
2025-09-22,Ward G/S,Tulsi Pipe Road near station,19.0098,72.8319,Wadala Nalla,15.0,"transport, industrial, mixed_use",430000,11.25,9,Urban,90.0,732.0,43.5,1.8125,1,24.0,High,0.9909917
2025-09-23,Ward G/S,Tulsi Pipe Road near station,19.0098,72.8319,Wadala Nalla,15.0,"transport, industrial, mixed_use",430000,11.25,9,Urban,90.0,732.0,29.8,1.3545454545454545,1,22.0,High,0.8130023
2025-09-24,Ward G/S,Tulsi Pipe Road near station,19.0098,72.8319,Wadala Nalla,15.0,"transport, industrial, mixed_use",430000,11.25,9,Urban,90.0,732.0,3.3,0.1571428571428571,1,21.0,High,0.78685343
2025-09-25,Ward G/S,Tulsi Pipe Road near station,19.0098,72.8319,Wadala Nalla,15.0,"transport, industrial, mixed_use",430000,11.25,9,Urban,90.0,732.0,1.8,0.15,1,12.0,High,0.79301834
2025-09-26,Ward G/S,Tulsi Pipe Road near station,19.0098,72.8319,Wadala Nalla,15.0,"transport, industrial, mixed_use",430000,11.25,9,Urban,90.0,732.0,3.6,0.2,1,18.0,High,0.78685343
2025-09-13,Ward H/E,Vakola Nala stretch,19.0754,72.8517,Mithi River,7.0,"industrial, transport, mixed_use",410000,20.43,6,Sandy,90.0,165.04,12.7,3.5,1,17.0,High,0.9983406
2025-09-14,Ward H/E,Vakola Nala stretch,19.0754,72.8517,Mithi River,7.0,"industrial, transport, mixed_use",410000,20.43,6,Sandy,90.0,165.04,12.2,2.8,1,22.0,High,0.9983406
2025-09-15,Ward H/E,Vakola Nala stretch,19.0754,72.8517,Mithi River,7.0,"industrial, transport, mixed_use",410000,20.43,6,Sandy,90.0,165.04,65.5,10.6,1,18.0,High,0.99970585
2025-09-16,Ward H/E,Vakola Nala stretch,19.0754,72.8517,Mithi River,7.0,"industrial, transport, mixed_use",410000,20.43,6,Sandy,90.0,165.04,5.2,0.9,1,23.0,High,0.997979
2025-09-17,Ward H/E,Vakola Nala stretch,19.0754,72.8517,Mithi River,7.0,"industrial, transport, mixed_use",410000,20.43,6,Sandy,90.0,165.04,25.7,14.8,1,21.0,High,0.9947187
2025-09-18,Ward H/E,Vakola Nala stretch,19.0754,72.8517,Mithi River,7.0,"industrial, transport, mixed_use",410000,20.43,6,Sandy,90.0,165.04,10.4,1.9,1,21.0,High,0.99856913
2025-09-19,Ward H/E,Vakola Nala stretch,19.0754,72.8517,Mithi River,7.0,"industrial, transport, mixed_use",410000,20.43,6,Sandy,90.0,165.04,0.0,0.7,0,3.0,High,0.9940141
2025-09-20,Ward H/E,Vakola Nala stretch,19.0754,72.8517,Mithi River,7.0,"industrial, transport, mixed_use",410000,20.43,6,Sandy,90.0,165.04,22.4,0.9333333333333332,1,24.0,High,0.993566
2025-09-21,Ward H/E,Vakola Nala stretch,19.0754,72.8517,Mithi River,7.0,"industrial, transport, mixed_use",410000,20.43,6,Sandy,90.0,165.04,23.7,0.9875,1,24.0,High,0.993566
2025-09-22,Ward H/E,Vakola Nala stretch,19.0754,72.8517,Mithi River,7.0,"industrial, transport, mixed_use",410000,20.43,6,Sandy,90.0,165.04,43.5,1.8125,1,24.0,High,0.9992048
2025-09-23,Ward H/E,Vakola Nala stretch,19.0754,72.8517,Mithi River,7.0,"industrial, transport, mixed_use",410000,20.43,6,Sandy,90.0,165.04,29.8,1.3545454545454545,1,22.0,High,0.99526584
2025-09-24,Ward H/E,Vakola Nala stretch,19.0754,72.8517,Mithi River,7.0,"industrial, transport, mixed_use",410000,20.43,6,Sandy,90.0,165.04,3.3,0.1571428571428571,1,21.0,High,0.880256
2025-09-25,Ward H/E,Vakola Nala stretch,19.0754,72.8517,Mithi River,7.0,"industrial, transport, mixed_use",410000,20.43,6,Sandy,90.0,165.04,1.8,0.15,1,12.0,High,0.88485503
2025-09-26,Ward H/E,Vakola Nala stretch,19.0754,72.8517,Mithi River,7.0,"industrial, transport, mixed_use",410000,20.43,6,Sandy,90.0,165.04,3.6,0.2,1,18.0,High,0.880256
2025-09-13,Ward K/W,Vile Parle West,19.103908,72.840301,Arabian Sea,9.106762483,park,750000,3.829172143,2360,Sand,76.86714437,4226.0,12.7,3.5,1,17.0,High,0.99793255
2025-09-14,Ward K/W,Vile Parle West,19.103908,72.840301,Arabian Sea,9.106762483,park,750000,3.829172143,2360,Sand,76.86714437,4226.0,12.2,2.8,1,22.0,High,0.9979627
2025-09-15,Ward K/W,Vile Parle West,19.103908,72.840301,Arabian Sea,9.106762483,park,750000,3.829172143,2360,Sand,76.86714437,4226.0,65.5,10.6,1,18.0,High,0.9996227
2025-09-16,Ward K/W,Vile Parle West,19.103908,72.840301,Arabian Sea,9.106762483,park,750000,3.829172143,2360,Sand,76.86714437,4226.0,5.2,0.9,1,23.0,High,0.99788564
2025-09-17,Ward K/W,Vile Parle West,19.103908,72.840301,Arabian Sea,9.106762483,park,750000,3.829172143,2360,Sand,76.86714437,4226.0,25.7,14.8,1,21.0,High,0.9924953
2025-09-18,Ward K/W,Vile Parle West,19.103908,72.840301,Arabian Sea,9.106762483,park,750000,3.829172143,2360,Sand,76.86714437,4226.0,10.4,1.9,1,21.0,High,0.99824333
2025-09-19,Ward K/W,Vile Parle West,19.103908,72.840301,Arabian Sea,9.106762483,park,750000,3.829172143,2360,Sand,76.86714437,4226.0,0.0,0.7,0,3.0,High,0.9953791
2025-09-20,Ward K/W,Vile Parle West,19.103908,72.840301,Arabian Sea,9.106762483,park,750000,3.829172143,2360,Sand,76.86714437,4226.0,22.4,0.9333333333333332,1,24.0,High,0.9935588
2025-09-21,Ward K/W,Vile Parle West,19.103908,72.840301,Arabian Sea,9.106762483,park,750000,3.829172143,2360,Sand,76.86714437,4226.0,23.7,0.9875,1,24.0,High,0.9935588
2025-09-22,Ward K/W,Vile Parle West,19.103908,72.840301,Arabian Sea,9.106762483,park,750000,3.829172143,2360,Sand,76.86714437,4226.0,43.5,1.8125,1,24.0,High,0.9989052
2025-09-23,Ward K/W,Vile Parle West,19.103908,72.840301,Arabian Sea,9.106762483,park,750000,3.829172143,2360,Sand,76.86714437,4226.0,29.8,1.3545454545454545,1,22.0,High,0.9932713
2025-09-24,Ward K/W,Vile Parle West,19.103908,72.840301,Arabian Sea,9.106762483,park,750000,3.829172143,2360,Sand,76.86714437,4226.0,3.3,0.1571428571428571,1,21.0,High,0.90683794
2025-09-25,Ward K/W,Vile Parle West,19.103908,72.840301,Arabian Sea,9.106762483,park,750000,3.829172143,2360,Sand,76.86714437,4226.0,1.8,0.15,1,12.0,High,0.9104451
2025-09-26,Ward K/W,Vile Parle West,19.103908,72.840301,Arabian Sea,9.106762483,park,750000,3.829172143,2360,Sand,76.86714437,4226.0,3.6,0.2,1,18.0,High,0.90683794
2025-09-13,Ward F/N,Wadala,19.0269192,72.8759337,Mithi River,12.45338912,commercial,530000,2.913895467,2646,Sand,69.60650731,3503.0,12.4,2.1,1,18.0,High,0.99466646
2025-09-14,Ward F/N,Wadala,19.0269192,72.8759337,Mithi River,12.45338912,commercial,530000,2.913895467,2646,Sand,69.60650731,3503.0,16.3,3.6,1,24.0,High,0.99466646
2025-09-15,Ward F/N,Wadala,19.0269192,72.8759337,Mithi River,12.45338912,commercial,530000,2.913895467,2646,Sand,69.60650731,3503.0,72.3,13.2,1,18.0,High,0.99952304
2025-09-16,Ward F/N,Wadala,19.0269192,72.8759337,Mithi River,12.45338912,commercial,530000,2.913895467,2646,Sand,69.60650731,3503.0,7.8,0.9,1,22.0,High,0.9952058
2025-09-17,Ward F/N,Wadala,19.0269192,72.8759337,Mithi River,12.45338912,commercial,530000,2.913895467,2646,Sand,69.60650731,3503.0,15.2,4.5,1,22.0,High,0.99466646
2025-09-18,Ward F/N,Wadala,19.0269192,72.8759337,Mithi River,12.45338912,commercial,530000,2.913895467,2646,Sand,69.60650731,3503.0,9.9,1.3,1,21.0,High,0.99546576
2025-09-19,Ward F/N,Wadala,19.0269192,72.8759337,Mithi River,12.45338912,commercial,530000,2.913895467,2646,Sand,69.60650731,3503.0,0.0,3.3,0,6.0,High,0.979485
2025-09-20,Ward F/N,Wadala,19.0269192,72.8759337,Mithi River,12.45338912,commercial,530000,2.913895467,2646,Sand,69.60650731,3503.0,22.4,0.9333333333333332,1,24.0,High,0.7274077
2025-09-21,Ward F/N,Wadala,19.0269192,72.8759337,Mithi River,12.45338912,commercial,530000,2.913895467,2646,Sand,69.60650731,3503.0,23.7,0.9875,1,24.0,High,0.7274077
2025-09-22,Ward F/N,Wadala,19.0269192,72.8759337,Mithi River,12.45338912,commercial,530000,2.913895467,2646,Sand,69.60650731,3503.0,43.5,1.8125,1,24.0,High,0.99683577
2025-09-23,Ward F/N,Wadala,19.0269192,72.8759337,Mithi River,12.45338912,commercial,530000,2.913895467,2646,Sand,69.60650731,3503.0,29.8,1.3545454545454545,1,22.0,High,0.76567316
2025-09-24,Ward F/N,Wadala,19.0269192,72.8759337,Mithi River,12.45338912,commercial,530000,2.913895467,2646,Sand,69.60650731,3503.0,3.3,0.1571428571428571,1,21.0,High,0.85709226
2025-09-25,Ward F/N,Wadala,19.0269192,72.8759337,Mithi River,12.45338912,commercial,530000,2.913895467,2646,Sand,69.60650731,3503.0,1.8,0.15,1,12.0,High,0.86060125
2025-09-26,Ward F/N,Wadala,19.0269192,72.8759337,Mithi River,12.45338912,commercial,530000,2.913895467,2646,Sand,69.60650731,3503.0,3.6,0.2,1,18.0,High,0.85709226
2025-09-13,Ward H/W,Waterfield Road,19.0605,72.8335,Mahim Creek,13.0,"residential, commercial, mixed_use",880000,22.6,1,Urban,90.0,396.25,12.7,3.5,1,17.0,High,0.99124837
2025-09-14,Ward H/W,Waterfield Road,19.0605,72.8335,Mahim Creek,13.0,"residential, commercial, mixed_use",880000,22.6,1,Urban,90.0,396.25,12.2,2.8,1,22.0,High,0.99124837
2025-09-15,Ward H/W,Waterfield Road,19.0605,72.8335,Mahim Creek,13.0,"residential, commercial, mixed_use",880000,22.6,1,Urban,90.0,396.25,65.5,10.6,1,18.0,High,0.99947137
2025-09-16,Ward H/W,Waterfield Road,19.0605,72.8335,Mahim Creek,13.0,"residential, commercial, mixed_use",880000,22.6,1,Urban,90.0,396.25,5.2,0.9,1,23.0,High,0.99171454
2025-09-17,Ward H/W,Waterfield Road,19.0605,72.8335,Mahim Creek,13.0,"residential, commercial, mixed_use",880000,22.6,1,Urban,90.0,396.25,25.7,14.8,1,21.0,Moderate,0.67120814
2025-09-18,Ward H/W,Waterfield Road,19.0605,72.8335,Mahim Creek,13.0,"residential, commercial, mixed_use",880000,22.6,1,Urban,90.0,396.25,10.4,1.9,1,21.0,High,0.99244654
2025-09-19,Ward H/W,Waterfield Road,19.0605,72.8335,Mahim Creek,13.0,"residential, commercial, mixed_use",880000,22.6,1,Urban,90.0,396.25,0.0,0.7,0,3.0,High,0.97214353
2025-09-20,Ward H/W,Waterfield Road,19.0605,72.8335,Mahim Creek,13.0,"residential, commercial, mixed_use",880000,22.6,1,Urban,90.0,396.25,22.4,0.9333333333333332,1,24.0,Moderate,0.7424604
2025-09-21,Ward H/W,Waterfield Road,19.0605,72.8335,Mahim Creek,13.0,"residential, commercial, mixed_use",880000,22.6,1,Urban,90.0,396.25,23.7,0.9875,1,24.0,Moderate,0.7424604
2025-09-22,Ward H/W,Waterfield Road,19.0605,72.8335,Mahim Creek,13.0,"residential, commercial, mixed_use",880000,22.6,1,Urban,90.0,396.25,43.5,1.8125,1,24.0,High,0.99158174
2025-09-23,Ward H/W,Waterfield Road,19.0605,72.8335,Mahim Creek,13.0,"residential, commercial, mixed_use",880000,22.6,1,Urban,90.0,396.25,29.8,1.3545454545454545,1,22.0,Moderate,0.6466912
2025-09-24,Ward H/W,Waterfield Road,19.0605,72.8335,Mahim Creek,13.0,"residential, commercial, mixed_use",880000,22.6,1,Urban,90.0,396.25,3.3,0.1571428571428571,1,21.0,High,0.822383
2025-09-25,Ward H/W,Waterfield Road,19.0605,72.8335,Mahim Creek,13.0,"residential, commercial, mixed_use",880000,22.6,1,Urban,90.0,396.25,1.8,0.15,1,12.0,High,0.8287615
2025-09-26,Ward H/W,Waterfield Road,19.0605,72.8335,Mahim Creek,13.0,"residential, commercial, mixed_use",880000,22.6,1,Urban,90.0,396.25,3.6,0.2,1,18.0,High,0.822383
2025-09-13,Ward P/N,Western Express Highway slope,19.1906,72.8636,Goregaon Nalla,23.0,"transport, industrial, mixed_use",820000,42.64,12,Sandy,90.0,245.08,10.6,2.2,1,16.0,High,0.987503
2025-09-14,Ward P/N,Western Express Highway slope,19.1906,72.8636,Goregaon Nalla,23.0,"transport, industrial, mixed_use",820000,42.64,12,Sandy,90.0,245.08,12.1,2.6,1,21.0,High,0.987051
2025-09-15,Ward P/N,Western Express Highway slope,19.1906,72.8636,Goregaon Nalla,23.0,"transport, industrial, mixed_use",820000,42.64,12,Sandy,90.0,245.08,29.1,5.0,1,17.0,High,0.55208373
2025-09-16,Ward P/N,Western Express Highway slope,19.1906,72.8636,Goregaon Nalla,23.0,"transport, industrial, mixed_use",820000,42.64,12,Sandy,90.0,245.08,6.6,2.4,1,20.0,High,0.987503
2025-09-17,Ward P/N,Western Express Highway slope,19.1906,72.8636,Goregaon Nalla,23.0,"transport, industrial, mixed_use",820000,42.64,12,Sandy,90.0,245.08,27.8,19.8,1,23.0,High,0.55208373
2025-09-18,Ward P/N,Western Express Highway slope,19.1906,72.8636,Goregaon Nalla,23.0,"transport, industrial, mixed_use",820000,42.64,12,Sandy,90.0,245.08,14.8,3.1,1,22.0,High,0.9865274
2025-09-19,Ward P/N,Western Express Highway slope,19.1906,72.8636,Goregaon Nalla,23.0,"transport, industrial, mixed_use",820000,42.64,12,Sandy,90.0,245.08,0.0,0.1,0,2.0,High,0.7094235
2025-09-20,Ward P/N,Western Express Highway slope,19.1906,72.8636,Goregaon Nalla,23.0,"transport, industrial, mixed_use",820000,42.64,12,Sandy,90.0,245.08,22.1,0.9208333333333334,1,24.0,High,0.5939404
2025-09-21,Ward P/N,Western Express Highway slope,19.1906,72.8636,Goregaon Nalla,23.0,"transport, industrial, mixed_use",820000,42.64,12,Sandy,90.0,245.08,24.3,1.0125,1,24.0,Moderate,0.604095
2025-09-22,Ward P/N,Western Express Highway slope,19.1906,72.8636,Goregaon Nalla,23.0,"transport, industrial, mixed_use",820000,42.64,12,Sandy,90.0,245.08,52.2,2.1750000000000003,1,24.0,High,0.99832577
2025-09-23,Ward P/N,Western Express Highway slope,19.1906,72.8636,Goregaon Nalla,23.0,"transport, industrial, mixed_use",820000,42.64,12,Sandy,90.0,245.08,31.9,1.3291666666666666,1,24.0,High,0.58524734
2025-09-24,Ward P/N,Western Express Highway slope,19.1906,72.8636,Goregaon Nalla,23.0,"transport, industrial, mixed_use",820000,42.64,12,Sandy,90.0,245.08,1.5,0.1,1,15.0,High,0.8372715
2025-09-25,Ward P/N,Western Express Highway slope,19.1906,72.8636,Goregaon Nalla,23.0,"transport, industrial, mixed_use",820000,42.64,12,Sandy,90.0,245.08,1.8,0.2,1,9.0,High,0.83577263
2025-09-26,Ward P/N,Western Express Highway slope,19.1906,72.8636,Goregaon Nalla,23.0,"transport, industrial, mixed_use",820000,42.64,12,Sandy,90.0,245.08,3.0,0.2,1,15.0,High,0.8309373
2025-09-13, Ward G/S,Worli,19.0086178,72.8192495,Arabian Sea,11.08684221,park,430000,3.935029446,3350,Urban,73.81152277,5603.0,12.4,2.1,1,18.0,Low,0.9995648
2025-09-14, Ward G/S,Worli,19.0086178,72.8192495,Arabian Sea,11.08684221,park,430000,3.935029446,3350,Urban,73.81152277,5603.0,16.3,3.6,1,24.0,Low,0.9995648
2025-09-15, Ward G/S,Worli,19.0086178,72.8192495,Arabian Sea,11.08684221,park,430000,3.935029446,3350,Urban,73.81152277,5603.0,72.3,13.2,1,18.0,Low,0.9985423
2025-09-16, Ward G/S,Worli,19.0086178,72.8192495,Arabian Sea,11.08684221,park,430000,3.935029446,3350,Urban,73.81152277,5603.0,7.8,0.9,1,22.0,Low,0.9995648
2025-09-17, Ward G/S,Worli,19.0086178,72.8192495,Arabian Sea,11.08684221,park,430000,3.935029446,3350,Urban,73.81152277,5603.0,15.2,4.5,1,22.0,Low,0.9995648
2025-09-18, Ward G/S,Worli,19.0086178,72.8192495,Arabian Sea,11.08684221,park,430000,3.935029446,3350,Urban,73.81152277,5603.0,9.9,1.3,1,21.0,Low,0.9995648
2025-09-19, Ward G/S,Worli,19.0086178,72.8192495,Arabian Sea,11.08684221,park,430000,3.935029446,3350,Urban,73.81152277,5603.0,0.0,3.3,0,6.0,Low,0.9940105
2025-09-20, Ward G/S,Worli,19.0086178,72.8192495,Arabian Sea,11.08684221,park,430000,3.935029446,3350,Urban,73.81152277,5603.0,22.4,0.9333333333333332,1,24.0,Low,0.999554
2025-09-21, Ward G/S,Worli,19.0086178,72.8192495,Arabian Sea,11.08684221,park,430000,3.935029446,3350,Urban,73.81152277,5603.0,23.7,0.9875,1,24.0,Low,0.999554
2025-09-22, Ward G/S,Worli,19.0086178,72.8192495,Arabian Sea,11.08684221,park,430000,3.935029446,3350,Urban,73.81152277,5603.0,43.5,1.8125,1,24.0,Low,0.9993272
2025-09-23, Ward G/S,Worli,19.0086178,72.8192495,Arabian Sea,11.08684221,park,430000,3.935029446,3350,Urban,73.81152277,5603.0,29.8,1.3545454545454545,1,22.0,Low,0.999554
2025-09-24, Ward G/S,Worli,19.0086178,72.8192495,Arabian Sea,11.08684221,park,430000,3.935029446,3350,Urban,73.81152277,5603.0,3.3,0.1571428571428571,1,21.0,Low,0.9995229
2025-09-25, Ward G/S,Worli,19.0086178,72.8192495,Arabian Sea,11.08684221,park,430000,3.935029446,3350,Urban,73.81152277,5603.0,1.8,0.15,1,12.0,Low,0.99953425
2025-09-26, Ward G/S,Worli,19.0086178,72.8192495,Arabian Sea,11.08684221,park,430000,3.935029446,3350,Urban,73.81152277,5603.0,3.6,0.2,1,18.0,Low,0.9995229
2025-09-13,Ward G/S,Worli Naka (coastal backflow),19.0056,72.8199,Wadala Nalla,10.0,"commercial, residential, mixed_use",600000,19.87,9,Urban,90.0,770.75,12.4,2.1,1,18.0,High,0.99126107
2025-09-14,Ward G/S,Worli Naka (coastal backflow),19.0056,72.8199,Wadala Nalla,10.0,"commercial, residential, mixed_use",600000,19.87,9,Urban,90.0,770.75,16.3,3.6,1,24.0,High,0.9905443
2025-09-15,Ward G/S,Worli Naka (coastal backflow),19.0056,72.8199,Wadala Nalla,10.0,"commercial, residential, mixed_use",600000,19.87,9,Urban,90.0,770.75,72.3,13.2,1,18.0,High,0.99860877
2025-09-16,Ward G/S,Worli Naka (coastal backflow),19.0056,72.8199,Wadala Nalla,10.0,"commercial, residential, mixed_use",600000,19.87,9,Urban,90.0,770.75,7.8,0.9,1,22.0,High,0.9925171
2025-09-17,Ward G/S,Worli Naka (coastal backflow),19.0056,72.8199,Wadala Nalla,10.0,"commercial, residential, mixed_use",600000,19.87,9,Urban,90.0,770.75,15.2,4.5,1,22.0,High,0.9905443
2025-09-18,Ward G/S,Worli Naka (coastal backflow),19.0056,72.8199,Wadala Nalla,10.0,"commercial, residential, mixed_use",600000,19.87,9,Urban,90.0,770.75,9.9,1.3,1,21.0,High,0.992423
2025-09-19,Ward G/S,Worli Naka (coastal backflow),19.0056,72.8199,Wadala Nalla,10.0,"commercial, residential, mixed_use",600000,19.87,9,Urban,90.0,770.75,0.0,3.3,0,6.0,High,0.95514035
2025-09-20,Ward G/S,Worli Naka (coastal backflow),19.0056,72.8199,Wadala Nalla,10.0,"commercial, residential, mixed_use",600000,19.87,9,Urban,90.0,770.75,22.4,0.9333333333333332,1,24.0,High,0.9367621
2025-09-21,Ward G/S,Worli Naka (coastal backflow),19.0056,72.8199,Wadala Nalla,10.0,"commercial, residential, mixed_use",600000,19.87,9,Urban,90.0,770.75,23.7,0.9875,1,24.0,High,0.9367621
2025-09-22,Ward G/S,Worli Naka (coastal backflow),19.0056,72.8199,Wadala Nalla,10.0,"commercial, residential, mixed_use",600000,19.87,9,Urban,90.0,770.75,43.5,1.8125,1,24.0,High,0.99594915
2025-09-23,Ward G/S,Worli Naka (coastal backflow),19.0056,72.8199,Wadala Nalla,10.0,"commercial, residential, mixed_use",600000,19.87,9,Urban,90.0,770.75,29.8,1.3545454545454545,1,22.0,High,0.9526652
2025-09-24,Ward G/S,Worli Naka (coastal backflow),19.0056,72.8199,Wadala Nalla,10.0,"commercial, residential, mixed_use",600000,19.87,9,Urban,90.0,770.75,3.3,0.1571428571428571,1,21.0,High,0.77795935
2025-09-25,Ward G/S,Worli Naka (coastal backflow),19.0056,72.8199,Wadala Nalla,10.0,"commercial, residential, mixed_use",600000,19.87,9,Urban,90.0,770.75,1.8,0.15,1,12.0,High,0.78516257
2025-09-26,Ward G/S,Worli Naka (coastal backflow),19.0056,72.8199,Wadala Nalla,10.0,"commercial, residential, mixed_use",600000,19.87,9,Urban,90.0,770.75,3.6,0.2,1,18.0,High,0.77795935
