DATE,Ward Code,Areas,Latitude,Longitude,Nearest Station,Elevation,Land Use Classes,Population,Road Density_m,Distance_to_water_m,Soil Type,Built_up%,True_nearest_distance_m,Rainfall_mm,Rainfall_Intensity_mm_hr,Rainfall Days Count,Rainfall_Hours,Predicted_Flood_Risk,Prediction_Confidence
2025-09-13,Ward H/E,Air India Colony,19.084,72.87,Kurla Nalla,9.0,"residential, institutional",600000,15.18,10,Sandy,70.0,400.56,12.7,3.5,1,17.0,High,0.71981275
2025-09-14,Ward H/E,Air India Colony,19.084,72.87,Kurla Nalla,9.0,"residential, institutional",600000,15.18,10,Sandy,70.0,400.56,12.2,2.8,1,22.0,High,0.71981275
2025-09-15,Ward H/E,Air India Colony,19.084,72.87,Kurla Nalla,9.0,"residential, institutional",600000,15.18,10,Sandy,70.0,400.56,65.5,10.6,1,18.0,High,0.7297029
2025-09-16,Ward H/E,Air India Colony,19.084,72.87,Kurla Nalla,9.0,"residential, institutional",600000,15.18,10,Sandy,70.0,400.56,5.2,0.9,1,23.0,High,0.62894875
2025-09-17,Ward H/E,Air India Colony,19.084,72.87,Kurla Nalla,9.0,"residential, institutional",600000,15.18,10,Sandy,70.0,400.56,25.7,14.8,1,21.0,High,0.71683204
2025-09-18,Ward H/E,Air India Colony,19.084,72.87,Kurla Nalla,9.0,"residential, institutional",600000,15.18,10,Sandy,70.0,400.56,10.4,1.9,1,21.0,High,0.67897177
2025-09-19,Ward H/E,Air India Colony,19.084,72.87,Kurla Nalla,9.0,"residential, institutional",600000,15.18,10,Sandy,70.0,400.56,0.0,0.7,0,3.0,High,0.49260476
2025-09-20,Ward H/E,Air India Colony,19.084,72.87,Kurla Nalla,9.0,"residential, institutional",600000,15.18,10,Sandy,70.0,400.56,22.4,0.9333333333333332,1,24.0,High,0.6630947
2025-09-21,Ward H/E,Air India Colony,19.084,72.87,Kurla Nalla,9.0,"residential, institutional",600000,15.18,10,Sandy,70.0,400.56,23.7,0.9875,1,24.0,High,0.6630947
2025-09-22,Ward H/E,Air India Colony,19.084,72.87,Kurla Nalla,9.0,"residential, institutional",600000,15.18,10,Sandy,70.0,400.56,43.5,1.8125,1,24.0,High,0.6596599
2025-09-23,Ward H/E,Air India Colony,19.084,72.87,Kurla Nalla,9.0,"residential, institutional",600000,15.18,10,Sandy,70.0,400.56,29.8,1.3545454545454545,1,22.0,High,0.66379064
2025-09-24,Ward H/E,Air India Colony,19.084,72.87,Kurla Nalla,9.0,"residential, institutional",600000,15.18,10,Sandy,70.0,400.56,3.3,0.1571428571428571,1,21.0,High,0.517627
2025-09-25,Ward H/E,Air India Colony,19.084,72.87,Kurla Nalla,9.0,"residential, institutional",600000,15.18,10,Sandy,70.0,400.56,1.8,0.15,1,12.0,High,0.517627
2025-09-26,Ward H/E,Air India Colony,19.084,72.87,Kurla Nalla,9.0,"residential, institutional",600000,15.18,10,Sandy,70.0,400.56,3.6,0.2,1,18.0,High,0.517627
2025-09-13,Ward K/E,Airport Gate 8 Road,19.0995,72.8662,Mithi River,14.0,"industrial, transport, mixed_use",750000,17.61,13,Urban,90.0,414.18,12.7,3.5,1,17.0,High,0.66050696
2025-09-14,Ward K/E,Airport Gate 8 Road,19.0995,72.8662,Mithi River,14.0,"industrial, transport, mixed_use",750000,17.61,13,Urban,90.0,414.18,12.2,2.8,1,22.0,High,0.66050696
2025-09-15,Ward K/E,Airport Gate 8 Road,19.0995,72.8662,Mithi River,14.0,"industrial, transport, mixed_use",750000,17.61,13,Urban,90.0,414.18,65.5,10.6,1,18.0,High,0.6793961
2025-09-16,Ward K/E,Airport Gate 8 Road,19.0995,72.8662,Mithi River,14.0,"industrial, transport, mixed_use",750000,17.61,13,Urban,90.0,414.18,5.2,0.9,1,23.0,High,0.51460236
2025-09-17,Ward K/E,Airport Gate 8 Road,19.0995,72.8662,Mithi River,14.0,"industrial, transport, mixed_use",750000,17.61,13,Urban,90.0,414.18,25.7,14.8,1,21.0,High,0.6077235
2025-09-18,Ward K/E,Airport Gate 8 Road,19.0995,72.8662,Mithi River,14.0,"industrial, transport, mixed_use",750000,17.61,13,Urban,90.0,414.18,10.4,1.9,1,21.0,High,0.5319577
2025-09-19,Ward K/E,Airport Gate 8 Road,19.0995,72.8662,Mithi River,14.0,"industrial, transport, mixed_use",750000,17.61,13,Urban,90.0,414.18,0.0,0.7,0,3.0,Moderate,0.41848493
2025-09-20,Ward K/E,Airport Gate 8 Road,19.0995,72.8662,Mithi River,14.0,"industrial, transport, mixed_use",750000,17.61,13,Urban,90.0,414.18,22.4,0.9333333333333332,1,24.0,High,0.38372838
2025-09-21,Ward K/E,Airport Gate 8 Road,19.0995,72.8662,Mithi River,14.0,"industrial, transport, mixed_use",750000,17.61,13,Urban,90.0,414.18,23.7,0.9875,1,24.0,High,0.38372838
2025-09-22,Ward K/E,Airport Gate 8 Road,19.0995,72.8662,Mithi River,14.0,"industrial, transport, mixed_use",750000,17.61,13,Urban,90.0,414.18,43.5,1.8125,1,24.0,High,0.4181965
2025-09-23,Ward K/E,Airport Gate 8 Road,19.0995,72.8662,Mithi River,14.0,"industrial, transport, mixed_use",750000,17.61,13,Urban,90.0,414.18,29.8,1.3545454545454545,1,22.0,High,0.39387572
2025-09-24,Ward K/E,Airport Gate 8 Road,19.0995,72.8662,Mithi River,14.0,"industrial, transport, mixed_use",750000,17.61,13,Urban,90.0,414.18,3.3,0.1571428571428571,1,21.0,High,0.4462188
2025-09-25,Ward K/E,Airport Gate 8 Road,19.0995,72.8662,Mithi River,14.0,"industrial, transport, mixed_use",750000,17.61,13,Urban,90.0,414.18,1.8,0.15,1,12.0,High,0.4462188
2025-09-26,Ward K/E,Airport Gate 8 Road,19.0995,72.8662,Mithi River,14.0,"industrial, transport, mixed_use",750000,17.61,13,Urban,90.0,414.18,3.6,0.2,1,18.0,High,0.4462188
2025-09-13,Ward N,Amar Mahal Junction,19.0594,72.9084,Powai Lake,9.0,"transport, residential, mixed_use",520000,23.63,14,Urban,90.0,48.44,10.7,2.8,1,17.0,High,0.71716535
2025-09-14,Ward N,Amar Mahal Junction,19.0594,72.9084,Powai Lake,9.0,"transport, residential, mixed_use",520000,23.63,14,Urban,90.0,48.44,14.2,2.8,1,22.0,High,0.71716535
2025-09-15,Ward N,Amar Mahal Junction,19.0594,72.9084,Powai Lake,9.0,"transport, residential, mixed_use",520000,23.63,14,Urban,90.0,48.44,56.1,8.9,1,18.0,High,0.7296256
2025-09-16,Ward N,Amar Mahal Junction,19.0594,72.9084,Powai Lake,9.0,"transport, residential, mixed_use",520000,23.63,14,Urban,90.0,48.44,14.5,7.3,1,22.0,High,0.71716535
2025-09-17,Ward N,Amar Mahal Junction,19.0594,72.9084,Powai Lake,9.0,"transport, residential, mixed_use",520000,23.63,14,Urban,90.0,48.44,22.3,13.7,1,22.0,High,0.7149335
2025-09-18,Ward N,Amar Mahal Junction,19.0594,72.9084,Powai Lake,9.0,"transport, residential, mixed_use",520000,23.63,14,Urban,90.0,48.44,16.0,3.9,1,21.0,High,0.71716535
2025-09-19,Ward N,Amar Mahal Junction,19.0594,72.9084,Powai Lake,9.0,"transport, residential, mixed_use",520000,23.63,14,Urban,90.0,48.44,0.0,0.1,0,4.0,High,0.3922794
2025-09-20,Ward N,Amar Mahal Junction,19.0594,72.9084,Powai Lake,9.0,"transport, residential, mixed_use",520000,23.63,14,Urban,90.0,48.44,22.4,0.9333333333333332,1,24.0,High,0.66045916
2025-09-21,Ward N,Amar Mahal Junction,19.0594,72.9084,Powai Lake,9.0,"transport, residential, mixed_use",520000,23.63,14,Urban,90.0,48.44,23.7,0.9875,1,24.0,High,0.66045916
2025-09-22,Ward N,Amar Mahal Junction,19.0594,72.9084,Powai Lake,9.0,"transport, residential, mixed_use",520000,23.63,14,Urban,90.0,48.44,43.5,1.8125,1,24.0,High,0.6570392
2025-09-23,Ward N,Amar Mahal Junction,19.0594,72.9084,Powai Lake,9.0,"transport, residential, mixed_use",520000,23.63,14,Urban,90.0,48.44,29.8,1.3545454545454545,1,22.0,High,0.6611725
2025-09-24,Ward N,Amar Mahal Junction,19.0594,72.9084,Powai Lake,9.0,"transport, residential, mixed_use",520000,23.63,14,Urban,90.0,48.44,3.3,0.1571428571428571,1,21.0,High,0.52335405
2025-09-25,Ward N,Amar Mahal Junction,19.0594,72.9084,Powai Lake,9.0,"transport, residential, mixed_use",520000,23.63,14,Urban,90.0,48.44,1.8,0.15,1,12.0,High,0.52335405
2025-09-26,Ward N,Amar Mahal Junction,19.0594,72.9084,Powai Lake,9.0,"transport, residential, mixed_use",520000,23.63,14,Urban,90.0,48.44,3.6,0.2,1,18.0,High,0.52335405
2025-09-13,Ward K/E,Andheri East,19.1158835,72.854202,Mithi River,7.156397627,commercial,880000,2.432311889,4898,Urban,69.58978195,3528.0,12.7,3.5,1,17.0,High,0.68436754
2025-09-14,Ward K/E,Andheri East,19.1158835,72.854202,Mithi River,7.156397627,commercial,880000,2.432311889,4898,Urban,69.58978195,3528.0,12.2,2.8,1,22.0,High,0.68436754
2025-09-15,Ward K/E,Andheri East,19.1158835,72.854202,Mithi River,7.156397627,commercial,880000,2.432311889,4898,Urban,69.58978195,3528.0,65.5,10.6,1,18.0,High,0.68915606
2025-09-16,Ward K/E,Andheri East,19.1158835,72.854202,Mithi River,7.156397627,commercial,880000,2.432311889,4898,Urban,69.58978195,3528.0,5.2,0.9,1,23.0,High,0.6194589
2025-09-17,Ward K/E,Andheri East,19.1158835,72.854202,Mithi River,7.156397627,commercial,880000,2.432311889,4898,Urban,69.58978195,3528.0,25.7,14.8,1,21.0,High,0.6803145
2025-09-18,Ward K/E,Andheri East,19.1158835,72.854202,Mithi River,7.156397627,commercial,880000,2.432311889,4898,Urban,69.58978195,3528.0,10.4,1.9,1,21.0,High,0.65205604
2025-09-19,Ward K/E,Andheri East,19.1158835,72.854202,Mithi River,7.156397627,commercial,880000,2.432311889,4898,Urban,69.58978195,3528.0,0.0,0.7,0,3.0,High,0.51166636
2025-09-20,Ward K/E,Andheri East,19.1158835,72.854202,Mithi River,7.156397627,commercial,880000,2.432311889,4898,Urban,69.58978195,3528.0,22.4,0.9333333333333332,1,24.0,High,0.6360326
2025-09-21,Ward K/E,Andheri East,19.1158835,72.854202,Mithi River,7.156397627,commercial,880000,2.432311889,4898,Urban,69.58978195,3528.0,23.7,0.9875,1,24.0,High,0.6360326
2025-09-22,Ward K/E,Andheri East,19.1158835,72.854202,Mithi River,7.156397627,commercial,880000,2.432311889,4898,Urban,69.58978195,3528.0,43.5,1.8125,1,24.0,High,0.6324878
2025-09-23,Ward K/E,Andheri East,19.1158835,72.854202,Mithi River,7.156397627,commercial,880000,2.432311889,4898,Urban,69.58978195,3528.0,29.8,1.3545454545454545,1,22.0,High,0.63676065
2025-09-24,Ward K/E,Andheri East,19.1158835,72.854202,Mithi River,7.156397627,commercial,880000,2.432311889,4898,Urban,69.58978195,3528.0,3.3,0.1571428571428571,1,21.0,High,0.53438544
2025-09-25,Ward K/E,Andheri East,19.1158835,72.854202,Mithi River,7.156397627,commercial,880000,2.432311889,4898,Urban,69.58978195,3528.0,1.8,0.15,1,12.0,High,0.53438544
2025-09-26,Ward K/E,Andheri East,19.1158835,72.854202,Mithi River,7.156397627,commercial,880000,2.432311889,4898,Urban,69.58978195,3528.0,3.6,0.2,1,18.0,High,0.53438544
2025-09-13,Ward M/E,Baiganwadi,19.0566,72.9021,Chembur Nalla,10.0,"residential, mixed_use",690000,17.54,16,Sandy,90.0,351.07,10.7,2.8,1,17.0,High,0.6977959
2025-09-14,Ward M/E,Baiganwadi,19.0566,72.9021,Chembur Nalla,10.0,"residential, mixed_use",690000,17.54,16,Sandy,90.0,351.07,14.2,2.8,1,22.0,High,0.6977959
2025-09-15,Ward M/E,Baiganwadi,19.0566,72.9021,Chembur Nalla,10.0,"residential, mixed_use",690000,17.54,16,Sandy,90.0,351.07,56.1,8.9,1,18.0,High,0.7228888
2025-09-16,Ward M/E,Baiganwadi,19.0566,72.9021,Chembur Nalla,10.0,"residential, mixed_use",690000,17.54,16,Sandy,90.0,351.07,14.5,7.3,1,22.0,High,0.6977959
2025-09-17,Ward M/E,Baiganwadi,19.0566,72.9021,Chembur Nalla,10.0,"residential, mixed_use",690000,17.54,16,Sandy,90.0,351.07,22.3,13.7,1,22.0,High,0.6629899
2025-09-18,Ward M/E,Baiganwadi,19.0566,72.9021,Chembur Nalla,10.0,"residential, mixed_use",690000,17.54,16,Sandy,90.0,351.07,16.0,3.9,1,21.0,High,0.6977959
2025-09-19,Ward M/E,Baiganwadi,19.0566,72.9021,Chembur Nalla,10.0,"residential, mixed_use",690000,17.54,16,Sandy,90.0,351.07,0.0,0.1,0,4.0,Moderate,0.46579704
2025-09-20,Ward M/E,Baiganwadi,19.0566,72.9021,Chembur Nalla,10.0,"residential, mixed_use",690000,17.54,16,Sandy,90.0,351.07,22.4,0.9333333333333332,1,24.0,High,0.48125347
2025-09-21,Ward M/E,Baiganwadi,19.0566,72.9021,Chembur Nalla,10.0,"residential, mixed_use",690000,17.54,16,Sandy,90.0,351.07,23.7,0.9875,1,24.0,High,0.48125347
2025-09-22,Ward M/E,Baiganwadi,19.0566,72.9021,Chembur Nalla,10.0,"residential, mixed_use",690000,17.54,16,Sandy,90.0,351.07,43.5,1.8125,1,24.0,High,0.5091371
2025-09-23,Ward M/E,Baiganwadi,19.0566,72.9021,Chembur Nalla,10.0,"residential, mixed_use",690000,17.54,16,Sandy,90.0,351.07,29.8,1.3545454545454545,1,22.0,High,0.48994964
2025-09-24,Ward M/E,Baiganwadi,19.0566,72.9021,Chembur Nalla,10.0,"residential, mixed_use",690000,17.54,16,Sandy,90.0,351.07,3.3,0.1571428571428571,1,21.0,High,0.46395347
2025-09-25,Ward M/E,Baiganwadi,19.0566,72.9021,Chembur Nalla,10.0,"residential, mixed_use",690000,17.54,16,Sandy,90.0,351.07,1.8,0.15,1,12.0,High,0.46395347
2025-09-26,Ward M/E,Baiganwadi,19.0566,72.9021,Chembur Nalla,10.0,"residential, mixed_use",690000,17.54,16,Sandy,90.0,351.07,3.6,0.2,1,18.0,High,0.46395347
2025-09-13,Ward L,Bail Bazaar,19.0722,72.8771,Kurla Nalla,7.0,"recreational_ground, residential",940000,21.75,16,Sandy,70.0,708.7,12.7,3.5,1,17.0,High,0.7147156
2025-09-14,Ward L,Bail Bazaar,19.0722,72.8771,Kurla Nalla,7.0,"recreational_ground, residential",940000,21.75,16,Sandy,70.0,708.7,12.2,2.8,1,22.0,High,0.7147156
2025-09-15,Ward L,Bail Bazaar,19.0722,72.8771,Kurla Nalla,7.0,"recreational_ground, residential",940000,21.75,16,Sandy,70.0,708.7,65.5,10.6,1,18.0,High,0.72169846
2025-09-16,Ward L,Bail Bazaar,19.0722,72.8771,Kurla Nalla,7.0,"recreational_ground, residential",940000,21.75,16,Sandy,70.0,708.7,5.2,0.9,1,23.0,High,0.6338824
2025-09-17,Ward L,Bail Bazaar,19.0722,72.8771,Kurla Nalla,7.0,"recreational_ground, residential",940000,21.75,16,Sandy,70.0,708.7,25.7,14.8,1,21.0,High,0.71092176
2025-09-18,Ward L,Bail Bazaar,19.0722,72.8771,Kurla Nalla,7.0,"recreational_ground, residential",940000,21.75,16,Sandy,70.0,708.7,10.4,1.9,1,21.0,High,0.68240947
2025-09-19,Ward L,Bail Bazaar,19.0722,72.8771,Kurla Nalla,7.0,"recreational_ground, residential",940000,21.75,16,Sandy,70.0,708.7,0.0,0.7,0,3.0,High,0.5183178
2025-09-20,Ward L,Bail Bazaar,19.0722,72.8771,Kurla Nalla,7.0,"recreational_ground, residential",940000,21.75,16,Sandy,70.0,708.7,22.4,0.9333333333333332,1,24.0,High,0.67058414
2025-09-21,Ward L,Bail Bazaar,19.0722,72.8771,Kurla Nalla,7.0,"recreational_ground, residential",940000,21.75,16,Sandy,70.0,708.7,23.7,0.9875,1,24.0,High,0.67058414
2025-09-22,Ward L,Bail Bazaar,19.0722,72.8771,Kurla Nalla,7.0,"recreational_ground, residential",940000,21.75,16,Sandy,70.0,708.7,43.5,1.8125,1,24.0,High,0.667182
2025-09-23,Ward L,Bail Bazaar,19.0722,72.8771,Kurla Nalla,7.0,"recreational_ground, residential",940000,21.75,16,Sandy,70.0,708.7,29.8,1.3545454545454545,1,22.0,High,0.67126954
2025-09-24,Ward L,Bail Bazaar,19.0722,72.8771,Kurla Nalla,7.0,"recreational_ground, residential",940000,21.75,16,Sandy,70.0,708.7,3.3,0.1571428571428571,1,21.0,High,0.5500885
2025-09-25,Ward L,Bail Bazaar,19.0722,72.8771,Kurla Nalla,7.0,"recreational_ground, residential",940000,21.75,16,Sandy,70.0,708.7,1.8,0.15,1,12.0,High,0.5500885
2025-09-26,Ward L,Bail Bazaar,19.0722,72.8771,Kurla Nalla,7.0,"recreational_ground, residential",940000,21.75,16,Sandy,70.0,708.7,3.6,0.2,1,18.0,High,0.5500885
2025-09-13,Ward A,Ballard Estate,18.9496,72.8414,Arabian Sea ,17.0,"commercial, institutional",185000,25.44,14,Sandy,90.0,1342.48,11.8,3.3,1,14.0,High,0.762094
2025-09-14,Ward A,Ballard Estate,18.9496,72.8414,Arabian Sea ,17.0,"commercial, institutional",185000,25.44,14,Sandy,90.0,1342.48,15.1,2.9,1,19.0,High,0.762094
2025-09-15,Ward A,Ballard Estate,18.9496,72.8414,Arabian Sea ,17.0,"commercial, institutional",185000,25.44,14,Sandy,90.0,1342.48,82.8,12.7,1,19.0,High,0.7836046
2025-09-16,Ward A,Ballard Estate,18.9496,72.8414,Arabian Sea ,17.0,"commercial, institutional",185000,25.44,14,Sandy,90.0,1342.48,10.6,1.3,1,20.0,High,0.6590259
2025-09-17,Ward A,Ballard Estate,18.9496,72.8414,Arabian Sea ,17.0,"commercial, institutional",185000,25.44,14,Sandy,90.0,1342.48,10.4,1.6,1,21.0,High,0.6590259
2025-09-18,Ward A,Ballard Estate,18.9496,72.8414,Arabian Sea ,17.0,"commercial, institutional",185000,25.44,14,Sandy,90.0,1342.48,18.7,3.3,1,21.0,High,0.72720444
2025-09-19,Ward A,Ballard Estate,18.9496,72.8414,Arabian Sea ,17.0,"commercial, institutional",185000,25.44,14,Sandy,90.0,1342.48,0.0,3.3,0,6.0,High,0.5612154
2025-09-20,Ward A,Ballard Estate,18.9496,72.8414,Arabian Sea ,17.0,"commercial, institutional",185000,25.44,14,Sandy,90.0,1342.48,22.4,0.9333333333333332,1,24.0,High,0.54082906
2025-09-21,Ward A,Ballard Estate,18.9496,72.8414,Arabian Sea ,17.0,"commercial, institutional",185000,25.44,14,Sandy,90.0,1342.48,23.7,0.9875,1,24.0,High,0.54082906
2025-09-22,Ward A,Ballard Estate,18.9496,72.8414,Arabian Sea ,17.0,"commercial, institutional",185000,25.44,14,Sandy,90.0,1342.48,43.5,1.8125,1,24.0,High,0.57087874
2025-09-23,Ward A,Ballard Estate,18.9496,72.8414,Arabian Sea ,17.0,"commercial, institutional",185000,25.44,14,Sandy,90.0,1342.48,29.8,1.3545454545454545,1,22.0,High,0.55008805
2025-09-24,Ward A,Ballard Estate,18.9496,72.8414,Arabian Sea ,17.0,"commercial, institutional",185000,25.44,14,Sandy,90.0,1342.48,3.3,0.1571428571428571,1,21.0,High,0.4939357
2025-09-25,Ward A,Ballard Estate,18.9496,72.8414,Arabian Sea ,17.0,"commercial, institutional",185000,25.44,14,Sandy,90.0,1342.48,1.8,0.15,1,12.0,High,0.4939357
2025-09-26,Ward A,Ballard Estate,18.9496,72.8414,Arabian Sea ,17.0,"commercial, institutional",185000,25.44,14,Sandy,90.0,1342.48,3.6,0.2,1,18.0,High,0.4939357
2025-09-13,Ward S,Bhandup,19.1438684,72.9384327,Ulhas River,13.17876638,park,780000,3.989189147,4346,Clay,56.82544889,2375.0,9.5,2.4,1,17.0,High,0.63050306
2025-09-14,Ward S,Bhandup,19.1438684,72.9384327,Ulhas River,13.17876638,park,780000,3.989189147,4346,Clay,56.82544889,2375.0,11.9,2.8,1,22.0,High,0.63050306
2025-09-15,Ward S,Bhandup,19.1438684,72.9384327,Ulhas River,13.17876638,park,780000,3.989189147,4346,Clay,56.82544889,2375.0,29.4,5.5,1,17.0,High,0.5916413
2025-09-16,Ward S,Bhandup,19.1438684,72.9384327,Ulhas River,13.17876638,park,780000,3.989189147,4346,Clay,56.82544889,2375.0,12.9,4.6,1,21.0,High,0.63050306
2025-09-17,Ward S,Bhandup,19.1438684,72.9384327,Ulhas River,13.17876638,park,780000,3.989189147,4346,Clay,56.82544889,2375.0,32.2,14.0,1,22.0,High,0.59705776
2025-09-18,Ward S,Bhandup,19.1438684,72.9384327,Ulhas River,13.17876638,park,780000,3.989189147,4346,Clay,56.82544889,2375.0,12.5,2.0,1,20.0,High,0.5236419
2025-09-19,Ward S,Bhandup,19.1438684,72.9384327,Ulhas River,13.17876638,park,780000,3.989189147,4346,Clay,56.82544889,2375.0,0.0,0.1,0,1.0,Moderate,0.40683702
2025-09-20,Ward S,Bhandup,19.1438684,72.9384327,Ulhas River,13.17876638,park,780000,3.989189147,4346,Clay,56.82544889,2375.0,17.6,0.7333333333333334,1,24.0,High,0.40973517
2025-09-21,Ward S,Bhandup,19.1438684,72.9384327,Ulhas River,13.17876638,park,780000,3.989189147,4346,Clay,56.82544889,2375.0,15.6,0.6782608695652174,1,23.0,High,0.5456079
2025-09-22,Ward S,Bhandup,19.1438684,72.9384327,Ulhas River,13.17876638,park,780000,3.989189147,4346,Clay,56.82544889,2375.0,28.1,1.1708333333333334,1,24.0,High,0.40973517
2025-09-23,Ward S,Bhandup,19.1438684,72.9384327,Ulhas River,13.17876638,park,780000,3.989189147,4346,Clay,56.82544889,2375.0,33.2,1.5090909090909093,1,22.0,High,0.42509496
2025-09-24,Ward S,Bhandup,19.1438684,72.9384327,Ulhas River,13.17876638,park,780000,3.989189147,4346,Clay,56.82544889,2375.0,1.5,0.1666666666666666,1,9.0,High,0.43709043
2025-09-25,Ward S,Bhandup,19.1438684,72.9384327,Ulhas River,13.17876638,park,780000,3.989189147,4346,Clay,56.82544889,2375.0,0.0,0.0,0,0.0,Moderate,0.4775698
2025-09-26,Ward S,Bhandup,19.1438684,72.9384327,Ulhas River,13.17876638,park,780000,3.989189147,4346,Clay,56.82544889,2375.0,1.5,0.1666666666666666,1,9.0,High,0.43709043
2025-09-13,Ward S,Bhandup Tank Road,19.1436,72.9357,Powai Lake,7.0,"transport, commercial, mixed_use",780000,8.01,16,Urban,90.0,272.94,9.5,2.4,1,17.0,High,0.69461846
2025-09-14,Ward S,Bhandup Tank Road,19.1436,72.9357,Powai Lake,7.0,"transport, commercial, mixed_use",780000,8.01,16,Urban,90.0,272.94,11.9,2.8,1,22.0,High,0.69461846
2025-09-15,Ward S,Bhandup Tank Road,19.1436,72.9357,Powai Lake,7.0,"transport, commercial, mixed_use",780000,8.01,16,Urban,90.0,272.94,29.4,5.5,1,17.0,High,0.6905393
2025-09-16,Ward S,Bhandup Tank Road,19.1436,72.9357,Powai Lake,7.0,"transport, commercial, mixed_use",780000,8.01,16,Urban,90.0,272.94,12.9,4.6,1,21.0,High,0.69461846
2025-09-17,Ward S,Bhandup Tank Road,19.1436,72.9357,Powai Lake,7.0,"transport, commercial, mixed_use",780000,8.01,16,Urban,90.0,272.94,32.2,14.0,1,22.0,High,0.69078076
2025-09-18,Ward S,Bhandup Tank Road,19.1436,72.9357,Powai Lake,7.0,"transport, commercial, mixed_use",780000,8.01,16,Urban,90.0,272.94,12.5,2.0,1,20.0,High,0.6579492
2025-09-19,Ward S,Bhandup Tank Road,19.1436,72.9357,Powai Lake,7.0,"transport, commercial, mixed_use",780000,8.01,16,Urban,90.0,272.94,0.0,0.1,0,1.0,Moderate,0.4220047
2025-09-20,Ward S,Bhandup Tank Road,19.1436,72.9357,Powai Lake,7.0,"transport, commercial, mixed_use",780000,8.01,16,Urban,90.0,272.94,22.4,0.9333333333333332,1,24.0,High,0.6409051
2025-09-21,Ward S,Bhandup Tank Road,19.1436,72.9357,Powai Lake,7.0,"transport, commercial, mixed_use",780000,8.01,16,Urban,90.0,272.94,23.7,0.9875,1,24.0,High,0.6409051
2025-09-22,Ward S,Bhandup Tank Road,19.1436,72.9357,Powai Lake,7.0,"transport, commercial, mixed_use",780000,8.01,16,Urban,90.0,272.94,43.5,1.8125,1,24.0,High,0.63747966
2025-09-23,Ward S,Bhandup Tank Road,19.1436,72.9357,Powai Lake,7.0,"transport, commercial, mixed_use",780000,8.01,16,Urban,90.0,272.94,29.8,1.3545454545454545,1,22.0,High,0.64168125
2025-09-24,Ward S,Bhandup Tank Road,19.1436,72.9357,Powai Lake,7.0,"transport, commercial, mixed_use",780000,8.01,16,Urban,90.0,272.94,3.3,0.1571428571428571,1,21.0,High,0.5059773
2025-09-25,Ward S,Bhandup Tank Road,19.1436,72.9357,Powai Lake,7.0,"transport, commercial, mixed_use",780000,8.01,16,Urban,90.0,272.94,1.8,0.15,1,12.0,High,0.5059773
2025-09-26,Ward S,Bhandup Tank Road,19.1436,72.9357,Powai Lake,7.0,"transport, commercial, mixed_use",780000,8.01,16,Urban,90.0,272.94,3.6,0.2,1,18.0,High,0.5059773
2025-09-13,Ward C,Bhuleshwar,18.9537706,72.8274755,Arabian Sea,10.26407906,commercial,190000,4.776598896,4498,Sand,66.57048423,2794.0,11.8,3.3,1,14.0,High,0.6548155
2025-09-14,Ward C,Bhuleshwar,18.9537706,72.8274755,Arabian Sea,10.26407906,commercial,190000,4.776598896,4498,Sand,66.57048423,2794.0,15.1,2.9,1,19.0,High,0.6548155
2025-09-15,Ward C,Bhuleshwar,18.9537706,72.8274755,Arabian Sea,10.26407906,commercial,190000,4.776598896,4498,Sand,66.57048423,2794.0,82.8,12.7,1,19.0,High,0.68011737
2025-09-16,Ward C,Bhuleshwar,18.9537706,72.8274755,Arabian Sea,10.26407906,commercial,190000,4.776598896,4498,Sand,66.57048423,2794.0,10.6,1.3,1,20.0,High,0.5672512
2025-09-17,Ward C,Bhuleshwar,18.9537706,72.8274755,Arabian Sea,10.26407906,commercial,190000,4.776598896,4498,Sand,66.57048423,2794.0,10.4,1.6,1,21.0,High,0.5672512
2025-09-18,Ward C,Bhuleshwar,18.9537706,72.8274755,Arabian Sea,10.26407906,commercial,190000,4.776598896,4498,Sand,66.57048423,2794.0,18.7,3.3,1,21.0,High,0.62309176
2025-09-19,Ward C,Bhuleshwar,18.9537706,72.8274755,Arabian Sea,10.26407906,commercial,190000,4.776598896,4498,Sand,66.57048423,2794.0,0.0,3.3,0,6.0,High,0.47989634
2025-09-20,Ward C,Bhuleshwar,18.9537706,72.8274755,Arabian Sea,10.26407906,commercial,190000,4.776598896,4498,Sand,66.57048423,2794.0,22.4,0.9333333333333332,1,24.0,High,0.47422555
2025-09-21,Ward C,Bhuleshwar,18.9537706,72.8274755,Arabian Sea,10.26407906,commercial,190000,4.776598896,4498,Sand,66.57048423,2794.0,23.7,0.9875,1,24.0,High,0.47422555
2025-09-22,Ward C,Bhuleshwar,18.9537706,72.8274755,Arabian Sea,10.26407906,commercial,190000,4.776598896,4498,Sand,66.57048423,2794.0,43.5,1.8125,1,24.0,High,0.5017384
2025-09-23,Ward C,Bhuleshwar,18.9537706,72.8274755,Arabian Sea,10.26407906,commercial,190000,4.776598896,4498,Sand,66.57048423,2794.0,29.8,1.3545454545454545,1,22.0,High,0.48149142
2025-09-24,Ward C,Bhuleshwar,18.9537706,72.8274755,Arabian Sea,10.26407906,commercial,190000,4.776598896,4498,Sand,66.57048423,2794.0,3.3,0.1571428571428571,1,21.0,High,0.43623453
2025-09-25,Ward C,Bhuleshwar,18.9537706,72.8274755,Arabian Sea,10.26407906,commercial,190000,4.776598896,4498,Sand,66.57048423,2794.0,1.8,0.15,1,12.0,High,0.43623453
2025-09-26,Ward C,Bhuleshwar,18.9537706,72.8274755,Arabian Sea,10.26407906,commercial,190000,4.776598896,4498,Sand,66.57048423,2794.0,3.6,0.2,1,18.0,High,0.43623453
2025-09-13,Ward R/C,Borivali,19.229068,72.8573628,Dahisar/Poisar Rivers,14.47090667,residential,940000,3.14155313,1850,Sand,75.16991983,4535.0,8.5,2.4,1,14.0,High,0.62827146
2025-09-14,Ward R/C,Borivali,19.229068,72.8573628,Dahisar/Poisar Rivers,14.47090667,residential,940000,3.14155313,1850,Sand,75.16991983,4535.0,8.0,1.3,1,22.0,High,0.521255
2025-09-15,Ward R/C,Borivali,19.229068,72.8573628,Dahisar/Poisar Rivers,14.47090667,residential,940000,3.14155313,1850,Sand,75.16991983,4535.0,17.3,4.3,1,20.0,High,0.58932793
2025-09-16,Ward R/C,Borivali,19.229068,72.8573628,Dahisar/Poisar Rivers,14.47090667,residential,940000,3.14155313,1850,Sand,75.16991983,4535.0,10.0,2.4,1,22.0,High,0.62827146
2025-09-17,Ward R/C,Borivali,19.229068,72.8573628,Dahisar/Poisar Rivers,14.47090667,residential,940000,3.14155313,1850,Sand,75.16991983,4535.0,17.9,12.7,1,18.0,High,0.58932793
2025-09-18,Ward R/C,Borivali,19.229068,72.8573628,Dahisar/Poisar Rivers,14.47090667,residential,940000,3.14155313,1850,Sand,75.16991983,4535.0,15.8,4.6,1,21.0,High,0.62827146
2025-09-19,Ward R/C,Borivali,19.229068,72.8573628,Dahisar/Poisar Rivers,14.47090667,residential,940000,3.14155313,1850,Sand,75.16991983,4535.0,0.0,0.3,0,5.0,High,0.38740444
2025-09-20,Ward R/C,Borivali,19.229068,72.8573628,Dahisar/Poisar Rivers,14.47090667,residential,940000,3.14155313,1850,Sand,75.16991983,4535.0,22.1,0.9208333333333334,1,24.0,High,0.40742344
2025-09-21,Ward R/C,Borivali,19.229068,72.8573628,Dahisar/Poisar Rivers,14.47090667,residential,940000,3.14155313,1850,Sand,75.16991983,4535.0,24.3,1.0125,1,24.0,High,0.40742344
2025-09-22,Ward R/C,Borivali,19.229068,72.8573628,Dahisar/Poisar Rivers,14.47090667,residential,940000,3.14155313,1850,Sand,75.16991983,4535.0,52.2,2.1750000000000003,1,24.0,High,0.60582465
2025-09-23,Ward R/C,Borivali,19.229068,72.8573628,Dahisar/Poisar Rivers,14.47090667,residential,940000,3.14155313,1850,Sand,75.16991983,4535.0,31.9,1.3291666666666666,1,24.0,High,0.4227586
2025-09-24,Ward R/C,Borivali,19.229068,72.8573628,Dahisar/Poisar Rivers,14.47090667,residential,940000,3.14155313,1850,Sand,75.16991983,4535.0,1.5,0.1,1,15.0,High,0.434738
2025-09-25,Ward R/C,Borivali,19.229068,72.8573628,Dahisar/Poisar Rivers,14.47090667,residential,940000,3.14155313,1850,Sand,75.16991983,4535.0,1.8,0.2,1,9.0,High,0.434738
2025-09-26,Ward R/C,Borivali,19.229068,72.8573628,Dahisar/Poisar Rivers,14.47090667,residential,940000,3.14155313,1850,Sand,75.16991983,4535.0,3.0,0.2,1,15.0,High,0.434738
2025-09-13, Ward E,Byculla,18.9766219,72.8327936,Arabian Sea,10.48046154,commercial,420000,3.644874745,3246,Clay,62.42979292,5051.0,11.8,3.3,1,14.0,Low,0.932575
2025-09-14, Ward E,Byculla,18.9766219,72.8327936,Arabian Sea,10.48046154,commercial,420000,3.644874745,3246,Clay,62.42979292,5051.0,15.1,2.9,1,19.0,Low,0.932575
2025-09-15, Ward E,Byculla,18.9766219,72.8327936,Arabian Sea,10.48046154,commercial,420000,3.644874745,3246,Clay,62.42979292,5051.0,82.8,12.7,1,19.0,Low,0.9311631
2025-09-16, Ward E,Byculla,18.9766219,72.8327936,Arabian Sea,10.48046154,commercial,420000,3.644874745,3246,Clay,62.42979292,5051.0,10.6,1.3,1,20.0,Low,0.932575
2025-09-17, Ward E,Byculla,18.9766219,72.8327936,Arabian Sea,10.48046154,commercial,420000,3.644874745,3246,Clay,62.42979292,5051.0,10.4,1.6,1,21.0,Low,0.932575
2025-09-18, Ward E,Byculla,18.9766219,72.8327936,Arabian Sea,10.48046154,commercial,420000,3.644874745,3246,Clay,62.42979292,5051.0,18.7,3.3,1,21.0,Low,0.922852
2025-09-19, Ward E,Byculla,18.9766219,72.8327936,Arabian Sea,10.48046154,commercial,420000,3.644874745,3246,Clay,62.42979292,5051.0,0.0,3.3,0,6.0,Low,0.85467666
2025-09-20, Ward E,Byculla,18.9766219,72.8327936,Arabian Sea,10.48046154,commercial,420000,3.644874745,3246,Clay,62.42979292,5051.0,22.4,0.9333333333333332,1,24.0,Low,0.91094834
2025-09-21, Ward E,Byculla,18.9766219,72.8327936,Arabian Sea,10.48046154,commercial,420000,3.644874745,3246,Clay,62.42979292,5051.0,23.7,0.9875,1,24.0,Low,0.91094834
2025-09-22, Ward E,Byculla,18.9766219,72.8327936,Arabian Sea,10.48046154,commercial,420000,3.644874745,3246,Clay,62.42979292,5051.0,43.5,1.8125,1,24.0,Low,0.9239704
2025-09-23, Ward E,Byculla,18.9766219,72.8327936,Arabian Sea,10.48046154,commercial,420000,3.644874745,3246,Clay,62.42979292,5051.0,29.8,1.3545454545454545,1,22.0,Low,0.9144951
2025-09-24, Ward E,Byculla,18.9766219,72.8327936,Arabian Sea,10.48046154,commercial,420000,3.644874745,3246,Clay,62.42979292,5051.0,3.3,0.1571428571428571,1,21.0,Low,0.932575
2025-09-25, Ward E,Byculla,18.9766219,72.8327936,Arabian Sea,10.48046154,commercial,420000,3.644874745,3246,Clay,62.42979292,5051.0,1.8,0.15,1,12.0,Low,0.932575
2025-09-26, Ward E,Byculla,18.9766219,72.8327936,Arabian Sea,10.48046154,commercial,420000,3.644874745,3246,Clay,62.42979292,5051.0,3.6,0.2,1,18.0,Low,0.932575
2025-09-13,Ward L,CST Road Nullah,19.0813,72.8711,Chembur Nalla,5.0,"commercial, residential, mixed_use",690000,30.32,11,Urban,90.0,527.19,12.7,3.5,1,17.0,High,0.7084917
2025-09-14,Ward L,CST Road Nullah,19.0813,72.8711,Chembur Nalla,5.0,"commercial, residential, mixed_use",690000,30.32,11,Urban,90.0,527.19,12.2,2.8,1,22.0,High,0.7084917
2025-09-15,Ward L,CST Road Nullah,19.0813,72.8711,Chembur Nalla,5.0,"commercial, residential, mixed_use",690000,30.32,11,Urban,90.0,527.19,65.5,10.6,1,18.0,High,0.7182301
2025-09-16,Ward L,CST Road Nullah,19.0813,72.8711,Chembur Nalla,5.0,"commercial, residential, mixed_use",690000,30.32,11,Urban,90.0,527.19,5.2,0.9,1,23.0,High,0.61933756
2025-09-17,Ward L,CST Road Nullah,19.0813,72.8711,Chembur Nalla,5.0,"commercial, residential, mixed_use",690000,30.32,11,Urban,90.0,527.19,25.7,14.8,1,21.0,High,0.70502853
2025-09-18,Ward L,CST Road Nullah,19.0813,72.8711,Chembur Nalla,5.0,"commercial, residential, mixed_use",690000,30.32,11,Urban,90.0,527.19,10.4,1.9,1,21.0,High,0.67335695
2025-09-19,Ward L,CST Road Nullah,19.0813,72.8711,Chembur Nalla,5.0,"commercial, residential, mixed_use",690000,30.32,11,Urban,90.0,527.19,0.0,0.7,0,3.0,High,0.5101357
2025-09-20,Ward L,CST Road Nullah,19.0813,72.8711,Chembur Nalla,5.0,"commercial, residential, mixed_use",690000,30.32,11,Urban,90.0,527.19,22.4,0.9333333333333332,1,24.0,High,0.66137165
2025-09-21,Ward L,CST Road Nullah,19.0813,72.8711,Chembur Nalla,5.0,"commercial, residential, mixed_use",690000,30.32,11,Urban,90.0,527.19,23.7,0.9875,1,24.0,High,0.66137165
2025-09-22,Ward L,CST Road Nullah,19.0813,72.8711,Chembur Nalla,5.0,"commercial, residential, mixed_use",690000,30.32,11,Urban,90.0,527.19,43.5,1.8125,1,24.0,High,0.65798783
2025-09-23,Ward L,CST Road Nullah,19.0813,72.8711,Chembur Nalla,5.0,"commercial, residential, mixed_use",690000,30.32,11,Urban,90.0,527.19,29.8,1.3545454545454545,1,22.0,High,0.66210085
2025-09-24,Ward L,CST Road Nullah,19.0813,72.8711,Chembur Nalla,5.0,"commercial, residential, mixed_use",690000,30.32,11,Urban,90.0,527.19,3.3,0.1571428571428571,1,21.0,High,0.51705486
2025-09-25,Ward L,CST Road Nullah,19.0813,72.8711,Chembur Nalla,5.0,"commercial, residential, mixed_use",690000,30.32,11,Urban,90.0,527.19,1.8,0.15,1,12.0,High,0.51705486
2025-09-26,Ward L,CST Road Nullah,19.0813,72.8711,Chembur Nalla,5.0,"commercial, residential, mixed_use",690000,30.32,11,Urban,90.0,527.19,3.6,0.2,1,18.0,High,0.51705486
2025-09-13,Ward C,CST Subway (near St. Xavier's),18.9472,72.8272,Arabian Sea ,11.0,"transport, education, mixed_use",190000,23.89,11,Urban,90.0,1330.99,11.8,3.3,1,14.0,Moderate,0.78653437
2025-09-14,Ward C,CST Subway (near St. Xavier's),18.9472,72.8272,Arabian Sea ,11.0,"transport, education, mixed_use",190000,23.89,11,Urban,90.0,1330.99,15.1,2.9,1,19.0,Moderate,0.78653437
2025-09-15,Ward C,CST Subway (near St. Xavier's),18.9472,72.8272,Arabian Sea ,11.0,"transport, education, mixed_use",190000,23.89,11,Urban,90.0,1330.99,82.8,12.7,1,19.0,Moderate,0.7854453
2025-09-16,Ward C,CST Subway (near St. Xavier's),18.9472,72.8272,Arabian Sea ,11.0,"transport, education, mixed_use",190000,23.89,11,Urban,90.0,1330.99,10.6,1.3,1,20.0,Moderate,0.80911106
2025-09-17,Ward C,CST Subway (near St. Xavier's),18.9472,72.8272,Arabian Sea ,11.0,"transport, education, mixed_use",190000,23.89,11,Urban,90.0,1330.99,10.4,1.6,1,21.0,Moderate,0.80911106
2025-09-18,Ward C,CST Subway (near St. Xavier's),18.9472,72.8272,Arabian Sea ,11.0,"transport, education, mixed_use",190000,23.89,11,Urban,90.0,1330.99,18.7,3.3,1,21.0,Moderate,0.8198675
2025-09-19,Ward C,CST Subway (near St. Xavier's),18.9472,72.8272,Arabian Sea ,11.0,"transport, education, mixed_use",190000,23.89,11,Urban,90.0,1330.99,0.0,3.3,0,6.0,Moderate,0.802452
2025-09-20,Ward C,CST Subway (near St. Xavier's),18.9472,72.8272,Arabian Sea ,11.0,"transport, education, mixed_use",190000,23.89,11,Urban,90.0,1330.99,22.4,0.9333333333333332,1,24.0,Moderate,0.8619116
2025-09-21,Ward C,CST Subway (near St. Xavier's),18.9472,72.8272,Arabian Sea ,11.0,"transport, education, mixed_use",190000,23.89,11,Urban,90.0,1330.99,23.7,0.9875,1,24.0,Moderate,0.8619116
2025-09-22,Ward C,CST Subway (near St. Xavier's),18.9472,72.8272,Arabian Sea ,11.0,"transport, education, mixed_use",190000,23.89,11,Urban,90.0,1330.99,43.5,1.8125,1,24.0,Moderate,0.8433463
2025-09-23,Ward C,CST Subway (near St. Xavier's),18.9472,72.8272,Arabian Sea ,11.0,"transport, education, mixed_use",190000,23.89,11,Urban,90.0,1330.99,29.8,1.3545454545454545,1,22.0,Moderate,0.85704184
2025-09-24,Ward C,CST Subway (near St. Xavier's),18.9472,72.8272,Arabian Sea ,11.0,"transport, education, mixed_use",190000,23.89,11,Urban,90.0,1330.99,3.3,0.1571428571428571,1,21.0,Moderate,0.79852074
2025-09-25,Ward C,CST Subway (near St. Xavier's),18.9472,72.8272,Arabian Sea ,11.0,"transport, education, mixed_use",190000,23.89,11,Urban,90.0,1330.99,1.8,0.15,1,12.0,Moderate,0.79852074
2025-09-26,Ward C,CST Subway (near St. Xavier's),18.9472,72.8272,Arabian Sea ,11.0,"transport, education, mixed_use",190000,23.89,11,Urban,90.0,1330.99,3.6,0.2,1,18.0,Moderate,0.79852074
2025-09-13,Ward B,Carnac Bunder underpass,18.9519,72.8356,Arabian Sea ,16.0,"transport, residential, commercial",195000,38.77,7,Sandy,90.0,1618.19,11.8,3.3,1,14.0,High,0.6498948
2025-09-14,Ward B,Carnac Bunder underpass,18.9519,72.8356,Arabian Sea ,16.0,"transport, residential, commercial",195000,38.77,7,Sandy,90.0,1618.19,15.1,2.9,1,19.0,High,0.6498948
2025-09-15,Ward B,Carnac Bunder underpass,18.9519,72.8356,Arabian Sea ,16.0,"transport, residential, commercial",195000,38.77,7,Sandy,90.0,1618.19,82.8,12.7,1,19.0,High,0.68447995
2025-09-16,Ward B,Carnac Bunder underpass,18.9519,72.8356,Arabian Sea ,16.0,"transport, residential, commercial",195000,38.77,7,Sandy,90.0,1618.19,10.6,1.3,1,20.0,High,0.5096394
2025-09-17,Ward B,Carnac Bunder underpass,18.9519,72.8356,Arabian Sea ,16.0,"transport, residential, commercial",195000,38.77,7,Sandy,90.0,1618.19,10.4,1.6,1,21.0,High,0.5096394
2025-09-18,Ward B,Carnac Bunder underpass,18.9519,72.8356,Arabian Sea ,16.0,"transport, residential, commercial",195000,38.77,7,Sandy,90.0,1618.19,18.7,3.3,1,21.0,High,0.606044
2025-09-19,Ward B,Carnac Bunder underpass,18.9519,72.8356,Arabian Sea ,16.0,"transport, residential, commercial",195000,38.77,7,Sandy,90.0,1618.19,0.0,3.3,0,6.0,High,0.4397229
2025-09-20,Ward B,Carnac Bunder underpass,18.9519,72.8356,Arabian Sea ,16.0,"transport, residential, commercial",195000,38.77,7,Sandy,90.0,1618.19,22.4,0.9333333333333332,1,24.0,High,0.38279945
2025-09-21,Ward B,Carnac Bunder underpass,18.9519,72.8356,Arabian Sea ,16.0,"transport, residential, commercial",195000,38.77,7,Sandy,90.0,1618.19,23.7,0.9875,1,24.0,High,0.38279945
2025-09-22,Ward B,Carnac Bunder underpass,18.9519,72.8356,Arabian Sea ,16.0,"transport, residential, commercial",195000,38.77,7,Sandy,90.0,1618.19,43.5,1.8125,1,24.0,High,0.41703296
2025-09-23,Ward B,Carnac Bunder underpass,18.9519,72.8356,Arabian Sea ,16.0,"transport, residential, commercial",195000,38.77,7,Sandy,90.0,1618.19,29.8,1.3545454545454545,1,22.0,High,0.39288822
2025-09-24,Ward B,Carnac Bunder underpass,18.9519,72.8356,Arabian Sea ,16.0,"transport, residential, commercial",195000,38.77,7,Sandy,90.0,1618.19,3.3,0.1571428571428571,1,21.0,High,0.38792288
2025-09-25,Ward B,Carnac Bunder underpass,18.9519,72.8356,Arabian Sea ,16.0,"transport, residential, commercial",195000,38.77,7,Sandy,90.0,1618.19,1.8,0.15,1,12.0,High,0.38792288
2025-09-26,Ward B,Carnac Bunder underpass,18.9519,72.8356,Arabian Sea ,16.0,"transport, residential, commercial",195000,38.77,7,Sandy,90.0,1618.19,3.6,0.2,1,18.0,High,0.38792288
2025-09-13,Ward M/W,Chembur,19.054818,72.8979713,Mahul Creek / Thane Creek,5.590236849,commercial,580000,3.778120882,2983,Urban,75.00629293,3066.0,10.7,2.8,1,17.0,High,0.68774515
2025-09-14,Ward M/W,Chembur,19.054818,72.8979713,Mahul Creek / Thane Creek,5.590236849,commercial,580000,3.778120882,2983,Urban,75.00629293,3066.0,14.2,2.8,1,22.0,High,0.68774515
2025-09-15,Ward M/W,Chembur,19.054818,72.8979713,Mahul Creek / Thane Creek,5.590236849,commercial,580000,3.778120882,2983,Urban,75.00629293,3066.0,56.1,8.9,1,18.0,High,0.6925335
2025-09-16,Ward M/W,Chembur,19.054818,72.8979713,Mahul Creek / Thane Creek,5.590236849,commercial,580000,3.778120882,2983,Urban,75.00629293,3066.0,14.5,7.3,1,22.0,High,0.68774515
2025-09-17,Ward M/W,Chembur,19.054818,72.8979713,Mahul Creek / Thane Creek,5.590236849,commercial,580000,3.778120882,2983,Urban,75.00629293,3066.0,22.3,13.7,1,22.0,High,0.6837559
2025-09-18,Ward M/W,Chembur,19.054818,72.8979713,Mahul Creek / Thane Creek,5.590236849,commercial,580000,3.778120882,2983,Urban,75.00629293,3066.0,16.0,3.9,1,21.0,High,0.68774515
2025-09-19,Ward M/W,Chembur,19.054818,72.8979713,Mahul Creek / Thane Creek,5.590236849,commercial,580000,3.778120882,2983,Urban,75.00629293,3066.0,0.0,0.1,0,4.0,High,0.42143884
2025-09-20,Ward M/W,Chembur,19.054818,72.8979713,Mahul Creek / Thane Creek,5.590236849,commercial,580000,3.778120882,2983,Urban,75.00629293,3066.0,22.4,0.9333333333333332,1,24.0,High,0.6436555
2025-09-21,Ward M/W,Chembur,19.054818,72.8979713,Mahul Creek / Thane Creek,5.590236849,commercial,580000,3.778120882,2983,Urban,75.00629293,3066.0,23.7,0.9875,1,24.0,High,0.6436555
2025-09-22,Ward M/W,Chembur,19.054818,72.8979713,Mahul Creek / Thane Creek,5.590236849,commercial,580000,3.778120882,2983,Urban,75.00629293,3066.0,43.5,1.8125,1,24.0,High,0.64009017
2025-09-23,Ward M/W,Chembur,19.054818,72.8979713,Mahul Creek / Thane Creek,5.590236849,commercial,580000,3.778120882,2983,Urban,75.00629293,3066.0,29.8,1.3545454545454545,1,22.0,High,0.644349
2025-09-24,Ward M/W,Chembur,19.054818,72.8979713,Mahul Creek / Thane Creek,5.590236849,commercial,580000,3.778120882,2983,Urban,75.00629293,3066.0,3.3,0.1571428571428571,1,21.0,High,0.52660227
2025-09-25,Ward M/W,Chembur,19.054818,72.8979713,Mahul Creek / Thane Creek,5.590236849,commercial,580000,3.778120882,2983,Urban,75.00629293,3066.0,1.8,0.15,1,12.0,High,0.52660227
2025-09-26,Ward M/W,Chembur,19.054818,72.8979713,Mahul Creek / Thane Creek,5.590236849,commercial,580000,3.778120882,2983,Urban,75.00629293,3066.0,3.6,0.2,1,18.0,High,0.52660227
2025-09-13,Ward M/E,Chembur East Bus Depot,19.0524,72.9005,Wadala Nalla,13.0,"transport, mixed_use",580000,Error: Graph contains no edges.,14,Urban,90.0,1166.33,10.7,2.8,1,17.0,High,0.65514666
2025-09-14,Ward M/E,Chembur East Bus Depot,19.0524,72.9005,Wadala Nalla,13.0,"transport, mixed_use",580000,Error: Graph contains no edges.,14,Urban,90.0,1166.33,14.2,2.8,1,22.0,High,0.65514666
2025-09-15,Ward M/E,Chembur East Bus Depot,19.0524,72.9005,Wadala Nalla,13.0,"transport, mixed_use",580000,Error: Graph contains no edges.,14,Urban,90.0,1166.33,56.1,8.9,1,18.0,High,0.6920186
2025-09-16,Ward M/E,Chembur East Bus Depot,19.0524,72.9005,Wadala Nalla,13.0,"transport, mixed_use",580000,Error: Graph contains no edges.,14,Urban,90.0,1166.33,14.5,7.3,1,22.0,High,0.65514666
2025-09-17,Ward M/E,Chembur East Bus Depot,19.0524,72.9005,Wadala Nalla,13.0,"transport, mixed_use",580000,Error: Graph contains no edges.,14,Urban,90.0,1166.33,22.3,13.7,1,22.0,High,0.613098
2025-09-18,Ward M/E,Chembur East Bus Depot,19.0524,72.9005,Wadala Nalla,13.0,"transport, mixed_use",580000,Error: Graph contains no edges.,14,Urban,90.0,1166.33,16.0,3.9,1,21.0,High,0.65514666
2025-09-19,Ward M/E,Chembur East Bus Depot,19.0524,72.9005,Wadala Nalla,13.0,"transport, mixed_use",580000,Error: Graph contains no edges.,14,Urban,90.0,1166.33,0.0,0.1,0,4.0,Moderate,0.49055895
2025-09-20,Ward M/E,Chembur East Bus Depot,19.0524,72.9005,Wadala Nalla,13.0,"transport, mixed_use",580000,Error: Graph contains no edges.,14,Urban,90.0,1166.33,22.4,0.9333333333333332,1,24.0,High,0.40290833
2025-09-21,Ward M/E,Chembur East Bus Depot,19.0524,72.9005,Wadala Nalla,13.0,"transport, mixed_use",580000,Error: Graph contains no edges.,14,Urban,90.0,1166.33,23.7,0.9875,1,24.0,High,0.40290833
2025-09-22,Ward M/E,Chembur East Bus Depot,19.0524,72.9005,Wadala Nalla,13.0,"transport, mixed_use",580000,Error: Graph contains no edges.,14,Urban,90.0,1166.33,43.5,1.8125,1,24.0,High,0.43542266
2025-09-23,Ward M/E,Chembur East Bus Depot,19.0524,72.9005,Wadala Nalla,13.0,"transport, mixed_use",580000,Error: Graph contains no edges.,14,Urban,90.0,1166.33,29.8,1.3545454545454545,1,22.0,High,0.41263184
2025-09-24,Ward M/E,Chembur East Bus Depot,19.0524,72.9005,Wadala Nalla,13.0,"transport, mixed_use",580000,Error: Graph contains no edges.,14,Urban,90.0,1166.33,3.3,0.1571428571428571,1,21.0,High,0.41996068
2025-09-25,Ward M/E,Chembur East Bus Depot,19.0524,72.9005,Wadala Nalla,13.0,"transport, mixed_use",580000,Error: Graph contains no edges.,14,Urban,90.0,1166.33,1.8,0.15,1,12.0,High,0.41996068
2025-09-26,Ward M/E,Chembur East Bus Depot,19.0524,72.9005,Wadala Nalla,13.0,"transport, mixed_use",580000,Error: Graph contains no edges.,14,Urban,90.0,1166.33,3.6,0.2,1,18.0,High,0.41996068
2025-09-13,Ward A,Colaba Causeway,18.9151,72.8141,Arabian Sea ,6.0,"commercial, mixed_use",185000,4.3,9,Urban,90.0,3921.69,11.8,3.3,1,14.0,High,0.7211089
2025-09-14,Ward A,Colaba Causeway,18.9151,72.8141,Arabian Sea ,6.0,"commercial, mixed_use",185000,4.3,9,Urban,90.0,3921.69,15.1,2.9,1,19.0,High,0.7211089
2025-09-15,Ward A,Colaba Causeway,18.9151,72.8141,Arabian Sea ,6.0,"commercial, mixed_use",185000,4.3,9,Urban,90.0,3921.69,82.8,12.7,1,19.0,High,0.70735466
2025-09-16,Ward A,Colaba Causeway,18.9151,72.8141,Arabian Sea ,6.0,"commercial, mixed_use",185000,4.3,9,Urban,90.0,3921.69,10.6,1.3,1,20.0,High,0.7288654
2025-09-17,Ward A,Colaba Causeway,18.9151,72.8141,Arabian Sea ,6.0,"commercial, mixed_use",185000,4.3,9,Urban,90.0,3921.69,10.4,1.6,1,21.0,High,0.7288654
2025-09-18,Ward A,Colaba Causeway,18.9151,72.8141,Arabian Sea ,6.0,"commercial, mixed_use",185000,4.3,9,Urban,90.0,3921.69,18.7,3.3,1,21.0,High,0.71407604
2025-09-19,Ward A,Colaba Causeway,18.9151,72.8141,Arabian Sea ,6.0,"commercial, mixed_use",185000,4.3,9,Urban,90.0,3921.69,0.0,3.3,0,6.0,High,0.5648149
2025-09-20,Ward A,Colaba Causeway,18.9151,72.8141,Arabian Sea ,6.0,"commercial, mixed_use",185000,4.3,9,Urban,90.0,3921.69,20.0,0.8333333333333334,1,24.0,High,0.7283018
2025-09-21,Ward A,Colaba Causeway,18.9151,72.8141,Arabian Sea ,6.0,"commercial, mixed_use",185000,4.3,9,Urban,90.0,3921.69,22.4,0.9333333333333332,1,24.0,High,0.7283018
2025-09-22,Ward A,Colaba Causeway,18.9151,72.8141,Arabian Sea ,6.0,"commercial, mixed_use",185000,4.3,9,Urban,90.0,3921.69,33.1,1.5761904761904764,1,21.0,High,0.7231752
2025-09-23,Ward A,Colaba Causeway,18.9151,72.8141,Arabian Sea ,6.0,"commercial, mixed_use",185000,4.3,9,Urban,90.0,3921.69,18.1,0.8227272727272728,1,22.0,High,0.7283018
2025-09-24,Ward A,Colaba Causeway,18.9151,72.8141,Arabian Sea ,6.0,"commercial, mixed_use",185000,4.3,9,Urban,90.0,3921.69,2.7,0.18,1,15.0,High,0.45649248
2025-09-25,Ward A,Colaba Causeway,18.9151,72.8141,Arabian Sea ,6.0,"commercial, mixed_use",185000,4.3,9,Urban,90.0,3921.69,2.4,0.1999999999999999,1,12.0,High,0.45649248
2025-09-26,Ward A,Colaba Causeway,18.9151,72.8141,Arabian Sea ,6.0,"commercial, mixed_use",185000,4.3,9,Urban,90.0,3921.69,3.9,0.2166666666666666,1,18.0,High,0.45649248
2025-09-13,Ward K/W,DN Nagar Metro area,19.136,72.8314,Oshiwara River,9.0,"transport, mixed_use",900000,24.04,2,Urban,90.0,930.15,10.6,2.2,1,16.0,High,0.68824935
2025-09-14,Ward K/W,DN Nagar Metro area,19.136,72.8314,Oshiwara River,9.0,"transport, mixed_use",900000,24.04,2,Urban,90.0,930.15,12.1,2.6,1,21.0,High,0.68824935
2025-09-15,Ward K/W,DN Nagar Metro area,19.136,72.8314,Oshiwara River,9.0,"transport, mixed_use",900000,24.04,2,Urban,90.0,930.15,29.1,5.0,1,17.0,High,0.6864133
2025-09-16,Ward K/W,DN Nagar Metro area,19.136,72.8314,Oshiwara River,9.0,"transport, mixed_use",900000,24.04,2,Urban,90.0,930.15,6.6,2.4,1,20.0,High,0.6596769
2025-09-17,Ward K/W,DN Nagar Metro area,19.136,72.8314,Oshiwara River,9.0,"transport, mixed_use",900000,24.04,2,Urban,90.0,930.15,27.8,19.8,1,23.0,High,0.6864133
2025-09-18,Ward K/W,DN Nagar Metro area,19.136,72.8314,Oshiwara River,9.0,"transport, mixed_use",900000,24.04,2,Urban,90.0,930.15,14.8,3.1,1,22.0,High,0.68824935
2025-09-19,Ward K/W,DN Nagar Metro area,19.136,72.8314,Oshiwara River,9.0,"transport, mixed_use",900000,24.04,2,Urban,90.0,930.15,0.0,0.1,0,2.0,Moderate,0.41698694
2025-09-20,Ward K/W,DN Nagar Metro area,19.136,72.8314,Oshiwara River,9.0,"transport, mixed_use",900000,24.04,2,Urban,90.0,930.15,22.4,0.9333333333333332,1,24.0,High,0.6224844
2025-09-21,Ward K/W,DN Nagar Metro area,19.136,72.8314,Oshiwara River,9.0,"transport, mixed_use",900000,24.04,2,Urban,90.0,930.15,23.7,0.9875,1,24.0,High,0.6224844
2025-09-22,Ward K/W,DN Nagar Metro area,19.136,72.8314,Oshiwara River,9.0,"transport, mixed_use",900000,24.04,2,Urban,90.0,930.15,43.5,1.8125,1,24.0,High,0.6189871
2025-09-23,Ward K/W,DN Nagar Metro area,19.136,72.8314,Oshiwara River,9.0,"transport, mixed_use",900000,24.04,2,Urban,90.0,930.15,29.8,1.3545454545454545,1,22.0,High,0.6232767
2025-09-24,Ward K/W,DN Nagar Metro area,19.136,72.8314,Oshiwara River,9.0,"transport, mixed_use",900000,24.04,2,Urban,90.0,930.15,3.3,0.1571428571428571,1,21.0,High,0.4848288
2025-09-25,Ward K/W,DN Nagar Metro area,19.136,72.8314,Oshiwara River,9.0,"transport, mixed_use",900000,24.04,2,Urban,90.0,930.15,1.8,0.15,1,12.0,High,0.4848288
2025-09-26,Ward K/W,DN Nagar Metro area,19.136,72.8314,Oshiwara River,9.0,"transport, mixed_use",900000,24.04,2,Urban,90.0,930.15,3.6,0.2,1,18.0,High,0.4848288
2025-09-13,Ward G/N,Dadar TT,19.0195,72.8436,Wadala Nalla,7.0,"transport, commercial, mixed_use",520000,24.1,9,Sandy,90.0,182.83,12.4,2.1,1,18.0,High,0.7075963
2025-09-14,Ward G/N,Dadar TT,19.0195,72.8436,Wadala Nalla,7.0,"transport, commercial, mixed_use",520000,24.1,9,Sandy,90.0,182.83,16.3,3.6,1,24.0,High,0.705228
2025-09-15,Ward G/N,Dadar TT,19.0195,72.8436,Wadala Nalla,7.0,"transport, commercial, mixed_use",520000,24.1,9,Sandy,90.0,182.83,72.3,13.2,1,18.0,High,0.71735054
2025-09-16,Ward G/N,Dadar TT,19.0195,72.8436,Wadala Nalla,7.0,"transport, commercial, mixed_use",520000,24.1,9,Sandy,90.0,182.83,7.8,0.9,1,22.0,High,0.6773746
2025-09-17,Ward G/N,Dadar TT,19.0195,72.8436,Wadala Nalla,7.0,"transport, commercial, mixed_use",520000,24.1,9,Sandy,90.0,182.83,15.2,4.5,1,22.0,High,0.7075963
2025-09-18,Ward G/N,Dadar TT,19.0195,72.8436,Wadala Nalla,7.0,"transport, commercial, mixed_use",520000,24.1,9,Sandy,90.0,182.83,9.9,1.3,1,21.0,High,0.6773746
2025-09-19,Ward G/N,Dadar TT,19.0195,72.8436,Wadala Nalla,7.0,"transport, commercial, mixed_use",520000,24.1,9,Sandy,90.0,182.83,0.0,3.3,0,6.0,High,0.5357278
2025-09-20,Ward G/N,Dadar TT,19.0195,72.8436,Wadala Nalla,7.0,"transport, commercial, mixed_use",520000,24.1,9,Sandy,90.0,182.83,22.4,0.9333333333333332,1,24.0,High,0.66598165
2025-09-21,Ward G/N,Dadar TT,19.0195,72.8436,Wadala Nalla,7.0,"transport, commercial, mixed_use",520000,24.1,9,Sandy,90.0,182.83,23.7,0.9875,1,24.0,High,0.66598165
2025-09-22,Ward G/N,Dadar TT,19.0195,72.8436,Wadala Nalla,7.0,"transport, commercial, mixed_use",520000,24.1,9,Sandy,90.0,182.83,43.5,1.8125,1,24.0,High,0.6625613
2025-09-23,Ward G/N,Dadar TT,19.0195,72.8436,Wadala Nalla,7.0,"transport, commercial, mixed_use",520000,24.1,9,Sandy,90.0,182.83,29.8,1.3545454545454545,1,22.0,High,0.6666747
2025-09-24,Ward G/N,Dadar TT,19.0195,72.8436,Wadala Nalla,7.0,"transport, commercial, mixed_use",520000,24.1,9,Sandy,90.0,182.83,3.3,0.1571428571428571,1,21.0,High,0.50552684
2025-09-25,Ward G/N,Dadar TT,19.0195,72.8436,Wadala Nalla,7.0,"transport, commercial, mixed_use",520000,24.1,9,Sandy,90.0,182.83,1.8,0.15,1,12.0,High,0.50552684
2025-09-26,Ward G/N,Dadar TT,19.0195,72.8436,Wadala Nalla,7.0,"transport, commercial, mixed_use",520000,24.1,9,Sandy,90.0,182.83,3.6,0.2,1,18.0,High,0.50552684
2025-09-13,Ward R/N,Dahisar,19.2493572,72.8596302,Dahisar River,11.18621685,park,670000,2.394216115,4834,Urban,72.66643178,3944.0,8.5,2.4,1,14.0,High,0.6303405
2025-09-14,Ward R/N,Dahisar,19.2493572,72.8596302,Dahisar River,11.18621685,park,670000,2.394216115,4834,Urban,72.66643178,3944.0,8.0,1.3,1,22.0,High,0.5234679
2025-09-15,Ward R/N,Dahisar,19.2493572,72.8596302,Dahisar River,11.18621685,park,670000,2.394216115,4834,Urban,72.66643178,3944.0,17.3,4.3,1,20.0,High,0.59147274
2025-09-16,Ward R/N,Dahisar,19.2493572,72.8596302,Dahisar River,11.18621685,park,670000,2.394216115,4834,Urban,72.66643178,3944.0,10.0,2.4,1,22.0,High,0.6303405
2025-09-17,Ward R/N,Dahisar,19.2493572,72.8596302,Dahisar River,11.18621685,park,670000,2.394216115,4834,Urban,72.66643178,3944.0,17.9,12.7,1,18.0,High,0.59147274
2025-09-18,Ward R/N,Dahisar,19.2493572,72.8596302,Dahisar River,11.18621685,park,670000,2.394216115,4834,Urban,72.66643178,3944.0,15.8,4.6,1,21.0,High,0.6303405
2025-09-19,Ward R/N,Dahisar,19.2493572,72.8596302,Dahisar River,11.18621685,park,670000,2.394216115,4834,Urban,72.66643178,3944.0,0.0,0.3,0,5.0,High,0.3929246
2025-09-20,Ward R/N,Dahisar,19.2493572,72.8596302,Dahisar River,11.18621685,park,670000,2.394216115,4834,Urban,72.66643178,3944.0,22.1,0.9208333333333334,1,24.0,High,0.40956652
2025-09-21,Ward R/N,Dahisar,19.2493572,72.8596302,Dahisar River,11.18621685,park,670000,2.394216115,4834,Urban,72.66643178,3944.0,24.3,1.0125,1,24.0,High,0.40956652
2025-09-22,Ward R/N,Dahisar,19.2493572,72.8596302,Dahisar River,11.18621685,park,670000,2.394216115,4834,Urban,72.66643178,3944.0,52.2,2.1750000000000003,1,24.0,High,0.60794073
2025-09-23,Ward R/N,Dahisar,19.2493572,72.8596302,Dahisar River,11.18621685,park,670000,2.394216115,4834,Urban,72.66643178,3944.0,31.9,1.3291666666666666,1,24.0,High,0.4249245
2025-09-24,Ward R/N,Dahisar,19.2493572,72.8596302,Dahisar River,11.18621685,park,670000,2.394216115,4834,Urban,72.66643178,3944.0,1.5,0.1,1,15.0,High,0.434738
2025-09-25,Ward R/N,Dahisar,19.2493572,72.8596302,Dahisar River,11.18621685,park,670000,2.394216115,4834,Urban,72.66643178,3944.0,1.8,0.2,1,9.0,High,0.434738
2025-09-26,Ward R/N,Dahisar,19.2493572,72.8596302,Dahisar River,11.18621685,park,670000,2.394216115,4834,Urban,72.66643178,3944.0,3.0,0.2,1,15.0,High,0.434738
2025-09-13,Ward R/N,Dahisar Subway,19.2525,72.8601,Dahisar River,18.0,"commercial, residential, mixed_use",670000,18.98,10,Urban,90.0,2224.03,8.5,2.4,1,14.0,High,0.65595376
2025-09-14,Ward R/N,Dahisar Subway,19.2525,72.8601,Dahisar River,18.0,"commercial, residential, mixed_use",670000,18.98,10,Urban,90.0,2224.03,8.0,1.3,1,22.0,High,0.51038045
2025-09-15,Ward R/N,Dahisar Subway,19.2525,72.8601,Dahisar River,18.0,"commercial, residential, mixed_use",670000,18.98,10,Urban,90.0,2224.03,17.3,4.3,1,20.0,High,0.6109175
2025-09-16,Ward R/N,Dahisar Subway,19.2525,72.8601,Dahisar River,18.0,"commercial, residential, mixed_use",670000,18.98,10,Urban,90.0,2224.03,10.0,2.4,1,22.0,High,0.65595376
2025-09-17,Ward R/N,Dahisar Subway,19.2525,72.8601,Dahisar River,18.0,"commercial, residential, mixed_use",670000,18.98,10,Urban,90.0,2224.03,17.9,12.7,1,18.0,High,0.6109175
2025-09-18,Ward R/N,Dahisar Subway,19.2525,72.8601,Dahisar River,18.0,"commercial, residential, mixed_use",670000,18.98,10,Urban,90.0,2224.03,15.8,4.6,1,21.0,High,0.65595376
2025-09-19,Ward R/N,Dahisar Subway,19.2525,72.8601,Dahisar River,18.0,"commercial, residential, mixed_use",670000,18.98,10,Urban,90.0,2224.03,0.0,0.3,0,5.0,Moderate,0.4710872
2025-09-20,Ward R/N,Dahisar Subway,19.2525,72.8601,Dahisar River,18.0,"commercial, residential, mixed_use",670000,18.98,10,Urban,90.0,2224.03,22.1,0.9208333333333334,1,24.0,Moderate,0.39766195
2025-09-21,Ward R/N,Dahisar Subway,19.2525,72.8601,Dahisar River,18.0,"commercial, residential, mixed_use",670000,18.98,10,Urban,90.0,2224.03,24.3,1.0125,1,24.0,Moderate,0.39766195
2025-09-22,Ward R/N,Dahisar Subway,19.2525,72.8601,Dahisar River,18.0,"commercial, residential, mixed_use",670000,18.98,10,Urban,90.0,2224.03,52.2,2.1750000000000003,1,24.0,High,0.62962836
2025-09-23,Ward R/N,Dahisar Subway,19.2525,72.8601,Dahisar River,18.0,"commercial, residential, mixed_use",670000,18.98,10,Urban,90.0,2224.03,31.9,1.3291666666666666,1,24.0,High,0.38662174
2025-09-24,Ward R/N,Dahisar Subway,19.2525,72.8601,Dahisar River,18.0,"commercial, residential, mixed_use",670000,18.98,10,Urban,90.0,2224.03,1.5,0.1,1,15.0,High,0.4014104
2025-09-25,Ward R/N,Dahisar Subway,19.2525,72.8601,Dahisar River,18.0,"commercial, residential, mixed_use",670000,18.98,10,Urban,90.0,2224.03,1.8,0.2,1,9.0,High,0.4014104
2025-09-26,Ward R/N,Dahisar Subway,19.2525,72.8601,Dahisar River,18.0,"commercial, residential, mixed_use",670000,18.98,10,Urban,90.0,2224.03,3.0,0.2,1,15.0,High,0.4014104
2025-09-13,WardG/N,Dharavi,19.044463,72.8586177,Mithi River,10.27148382,park,520000,4.663618796,4138,Urban,75.82432588,2600.0,12.4,2.1,1,18.0,Low,0.932575
2025-09-14,WardG/N,Dharavi,19.044463,72.8586177,Mithi River,10.27148382,park,520000,4.663618796,4138,Urban,75.82432588,2600.0,16.3,3.6,1,24.0,Low,0.9238605
2025-09-15,WardG/N,Dharavi,19.044463,72.8586177,Mithi River,10.27148382,park,520000,4.663618796,4138,Urban,75.82432588,2600.0,72.3,13.2,1,18.0,Low,0.9311631
2025-09-16,WardG/N,Dharavi,19.044463,72.8586177,Mithi River,10.27148382,park,520000,4.663618796,4138,Urban,75.82432588,2600.0,7.8,0.9,1,22.0,Low,0.932575
2025-09-17,WardG/N,Dharavi,19.044463,72.8586177,Mithi River,10.27148382,park,520000,4.663618796,4138,Urban,75.82432588,2600.0,15.2,4.5,1,22.0,Low,0.932575
2025-09-18,WardG/N,Dharavi,19.044463,72.8586177,Mithi River,10.27148382,park,520000,4.663618796,4138,Urban,75.82432588,2600.0,9.9,1.3,1,21.0,Low,0.932575
2025-09-19,WardG/N,Dharavi,19.044463,72.8586177,Mithi River,10.27148382,park,520000,4.663618796,4138,Urban,75.82432588,2600.0,0.0,3.3,0,6.0,Low,0.8608057
2025-09-20,WardG/N,Dharavi,19.044463,72.8586177,Mithi River,10.27148382,park,520000,4.663618796,4138,Urban,75.82432588,2600.0,22.4,0.9333333333333332,1,24.0,Low,0.91094834
2025-09-21,WardG/N,Dharavi,19.044463,72.8586177,Mithi River,10.27148382,park,520000,4.663618796,4138,Urban,75.82432588,2600.0,23.7,0.9875,1,24.0,Low,0.91094834
2025-09-22,WardG/N,Dharavi,19.044463,72.8586177,Mithi River,10.27148382,park,520000,4.663618796,4138,Urban,75.82432588,2600.0,43.5,1.8125,1,24.0,Low,0.9239704
2025-09-23,WardG/N,Dharavi,19.044463,72.8586177,Mithi River,10.27148382,park,520000,4.663618796,4138,Urban,75.82432588,2600.0,29.8,1.3545454545454545,1,22.0,Low,0.9144951
2025-09-24,WardG/N,Dharavi,19.044463,72.8586177,Mithi River,10.27148382,park,520000,4.663618796,4138,Urban,75.82432588,2600.0,3.3,0.1571428571428571,1,21.0,Low,0.932575
2025-09-25,WardG/N,Dharavi,19.044463,72.8586177,Mithi River,10.27148382,park,520000,4.663618796,4138,Urban,75.82432588,2600.0,1.8,0.15,1,12.0,Low,0.932575
2025-09-26,WardG/N,Dharavi,19.044463,72.8586177,Mithi River,10.27148382,park,520000,4.663618796,4138,Urban,75.82432588,2600.0,3.6,0.2,1,18.0,Low,0.932575
2025-09-13,Ward E,Dockyard Road (Mazgaon),18.9637,72.8443,Wadala Nalla,8.0,"transport, industrial, commercial",420000,24.65,9,Urban,90.0,2486.33,9.0,2.1,1,16.0,High,0.7038371
2025-09-14,Ward E,Dockyard Road (Mazgaon),18.9637,72.8443,Wadala Nalla,8.0,"transport, industrial, commercial",420000,24.65,9,Urban,90.0,2486.33,16.5,4.0,1,20.0,High,0.7029553
2025-09-15,Ward E,Dockyard Road (Mazgaon),18.9637,72.8443,Wadala Nalla,8.0,"transport, industrial, commercial",420000,24.65,9,Urban,90.0,2486.33,67.1,15.3,1,16.0,High,0.7172612
2025-09-16,Ward E,Dockyard Road (Mazgaon),18.9637,72.8443,Wadala Nalla,8.0,"transport, industrial, commercial",420000,24.65,9,Urban,90.0,2486.33,11.8,1.8,1,21.0,High,0.67315733
2025-09-17,Ward E,Dockyard Road (Mazgaon),18.9637,72.8443,Wadala Nalla,8.0,"transport, industrial, commercial",420000,24.65,9,Urban,90.0,2486.33,4.9,0.6,1,23.0,High,0.61265093
2025-09-18,Ward E,Dockyard Road (Mazgaon),18.9637,72.8443,Wadala Nalla,8.0,"transport, industrial, commercial",420000,24.65,9,Urban,90.0,2486.33,22.5,5.8,1,22.0,High,0.7020726
2025-09-19,Ward E,Dockyard Road (Mazgaon),18.9637,72.8443,Wadala Nalla,8.0,"transport, industrial, commercial",420000,24.65,9,Urban,90.0,2486.33,0.0,1.5,0,5.0,High,0.46440583
2025-09-20,Ward E,Dockyard Road (Mazgaon),18.9637,72.8443,Wadala Nalla,8.0,"transport, industrial, commercial",420000,24.65,9,Urban,90.0,2486.33,22.4,0.9333333333333332,1,24.0,High,0.6664109
2025-09-21,Ward E,Dockyard Road (Mazgaon),18.9637,72.8443,Wadala Nalla,8.0,"transport, industrial, commercial",420000,24.65,9,Urban,90.0,2486.33,23.7,0.9875,1,24.0,High,0.6664109
2025-09-22,Ward E,Dockyard Road (Mazgaon),18.9637,72.8443,Wadala Nalla,8.0,"transport, industrial, commercial",420000,24.65,9,Urban,90.0,2486.33,43.5,1.8125,1,24.0,High,0.6629882
2025-09-23,Ward E,Dockyard Road (Mazgaon),18.9637,72.8443,Wadala Nalla,8.0,"transport, industrial, commercial",420000,24.65,9,Urban,90.0,2486.33,29.8,1.3545454545454545,1,22.0,High,0.6671011
2025-09-24,Ward E,Dockyard Road (Mazgaon),18.9637,72.8443,Wadala Nalla,8.0,"transport, industrial, commercial",420000,24.65,9,Urban,90.0,2486.33,3.3,0.1571428571428571,1,21.0,High,0.49091947
2025-09-25,Ward E,Dockyard Road (Mazgaon),18.9637,72.8443,Wadala Nalla,8.0,"transport, industrial, commercial",420000,24.65,9,Urban,90.0,2486.33,1.8,0.15,1,12.0,High,0.49091947
2025-09-26,Ward E,Dockyard Road (Mazgaon),18.9637,72.8443,Wadala Nalla,8.0,"transport, industrial, commercial",420000,24.65,9,Urban,90.0,2486.33,3.6,0.2,1,18.0,High,0.49091947
2025-09-13,Ward B,Dongri Circle,18.9594,72.8376,Arabian Sea ,19.0,"residential, commercial, religious",195000,48.94,7,Urban,90.0,2022.4,11.8,3.3,1,14.0,High,0.6522885
2025-09-14,Ward B,Dongri Circle,18.9594,72.8376,Arabian Sea ,19.0,"residential, commercial, religious",195000,48.94,7,Urban,90.0,2022.4,15.1,2.9,1,19.0,High,0.6522885
2025-09-15,Ward B,Dongri Circle,18.9594,72.8376,Arabian Sea ,19.0,"residential, commercial, religious",195000,48.94,7,Urban,90.0,2022.4,82.8,12.7,1,19.0,High,0.68260396
2025-09-16,Ward B,Dongri Circle,18.9594,72.8376,Arabian Sea ,19.0,"residential, commercial, religious",195000,48.94,7,Urban,90.0,2022.4,10.6,1.3,1,20.0,High,0.5087977
2025-09-17,Ward B,Dongri Circle,18.9594,72.8376,Arabian Sea ,19.0,"residential, commercial, religious",195000,48.94,7,Urban,90.0,2022.4,10.4,1.6,1,21.0,High,0.5087977
2025-09-18,Ward B,Dongri Circle,18.9594,72.8376,Arabian Sea ,19.0,"residential, commercial, religious",195000,48.94,7,Urban,90.0,2022.4,18.7,3.3,1,21.0,High,0.60636294
2025-09-19,Ward B,Dongri Circle,18.9594,72.8376,Arabian Sea ,19.0,"residential, commercial, religious",195000,48.94,7,Urban,90.0,2022.4,0.0,3.3,0,6.0,High,0.45599797
2025-09-20,Ward B,Dongri Circle,18.9594,72.8376,Arabian Sea ,19.0,"residential, commercial, religious",195000,48.94,7,Urban,90.0,2022.4,22.4,0.9333333333333332,1,24.0,Moderate,0.38801578
2025-09-21,Ward B,Dongri Circle,18.9594,72.8376,Arabian Sea ,19.0,"residential, commercial, religious",195000,48.94,7,Urban,90.0,2022.4,23.7,0.9875,1,24.0,Moderate,0.38801578
2025-09-22,Ward B,Dongri Circle,18.9594,72.8376,Arabian Sea ,19.0,"residential, commercial, religious",195000,48.94,7,Urban,90.0,2022.4,43.5,1.8125,1,24.0,High,0.4077366
2025-09-23,Ward B,Dongri Circle,18.9594,72.8376,Arabian Sea ,19.0,"residential, commercial, religious",195000,48.94,7,Urban,90.0,2022.4,29.8,1.3545454545454545,1,22.0,High,0.3828774
2025-09-24,Ward B,Dongri Circle,18.9594,72.8376,Arabian Sea ,19.0,"residential, commercial, religious",195000,48.94,7,Urban,90.0,2022.4,3.3,0.1571428571428571,1,21.0,High,0.3969009
2025-09-25,Ward B,Dongri Circle,18.9594,72.8376,Arabian Sea ,19.0,"residential, commercial, religious",195000,48.94,7,Urban,90.0,2022.4,1.8,0.15,1,12.0,High,0.3969009
2025-09-26,Ward B,Dongri Circle,18.9594,72.8376,Arabian Sea ,19.0,"residential, commercial, religious",195000,48.94,7,Urban,90.0,2022.4,3.6,0.2,1,18.0,High,0.3969009
2025-09-13,Ward G/S,Elphinstone Bridge (Lower Parel),19.0172,72.8337,Wadala Nalla,5.0,"transport, mixed_use",430000,6.6,18,Sandy,90.0,615.6,12.4,2.1,1,18.0,High,0.709157
2025-09-14,Ward G/S,Elphinstone Bridge (Lower Parel),19.0172,72.8337,Wadala Nalla,5.0,"transport, mixed_use",430000,6.6,18,Sandy,90.0,615.6,16.3,3.6,1,24.0,High,0.70833874
2025-09-15,Ward G/S,Elphinstone Bridge (Lower Parel),19.0172,72.8337,Wadala Nalla,5.0,"transport, mixed_use",430000,6.6,18,Sandy,90.0,615.6,72.3,13.2,1,18.0,High,0.71743625
2025-09-16,Ward G/S,Elphinstone Bridge (Lower Parel),19.0172,72.8337,Wadala Nalla,5.0,"transport, mixed_use",430000,6.6,18,Sandy,90.0,615.6,7.8,0.9,1,22.0,High,0.68256444
2025-09-17,Ward G/S,Elphinstone Bridge (Lower Parel),19.0172,72.8337,Wadala Nalla,5.0,"transport, mixed_use",430000,6.6,18,Sandy,90.0,615.6,15.2,4.5,1,22.0,High,0.709157
2025-09-18,Ward G/S,Elphinstone Bridge (Lower Parel),19.0172,72.8337,Wadala Nalla,5.0,"transport, mixed_use",430000,6.6,18,Sandy,90.0,615.6,9.9,1.3,1,21.0,High,0.68256444
2025-09-19,Ward G/S,Elphinstone Bridge (Lower Parel),19.0172,72.8337,Wadala Nalla,5.0,"transport, mixed_use",430000,6.6,18,Sandy,90.0,615.6,0.0,3.3,0,6.0,High,0.53447247
2025-09-20,Ward G/S,Elphinstone Bridge (Lower Parel),19.0172,72.8337,Wadala Nalla,5.0,"transport, mixed_use",430000,6.6,18,Sandy,90.0,615.6,22.4,0.9333333333333332,1,24.0,High,0.6759324
2025-09-21,Ward G/S,Elphinstone Bridge (Lower Parel),19.0172,72.8337,Wadala Nalla,5.0,"transport, mixed_use",430000,6.6,18,Sandy,90.0,615.6,23.7,0.9875,1,24.0,High,0.6759324
2025-09-22,Ward G/S,Elphinstone Bridge (Lower Parel),19.0172,72.8337,Wadala Nalla,5.0,"transport, mixed_use",430000,6.6,18,Sandy,90.0,615.6,43.5,1.8125,1,24.0,High,0.67244965
2025-09-23,Ward G/S,Elphinstone Bridge (Lower Parel),19.0172,72.8337,Wadala Nalla,5.0,"transport, mixed_use",430000,6.6,18,Sandy,90.0,615.6,29.8,1.3545454545454545,1,22.0,High,0.67655456
2025-09-24,Ward G/S,Elphinstone Bridge (Lower Parel),19.0172,72.8337,Wadala Nalla,5.0,"transport, mixed_use",430000,6.6,18,Sandy,90.0,615.6,3.3,0.1571428571428571,1,21.0,High,0.5221079
2025-09-25,Ward G/S,Elphinstone Bridge (Lower Parel),19.0172,72.8337,Wadala Nalla,5.0,"transport, mixed_use",430000,6.6,18,Sandy,90.0,615.6,1.8,0.15,1,12.0,High,0.5221079
2025-09-26,Ward G/S,Elphinstone Bridge (Lower Parel),19.0172,72.8337,Wadala Nalla,5.0,"transport, mixed_use",430000,6.6,18,Sandy,90.0,615.6,3.6,0.2,1,18.0,High,0.5221079
2025-09-13,Ward F/N,Five Gardens Underpass,19.0163,72.8494,Wadala Nalla,14.0,"transport, residential, mixed_use",530000,28.54,19,Sandy,90.0,409.86,12.4,2.1,1,18.0,High,0.669217
2025-09-14,Ward F/N,Five Gardens Underpass,19.0163,72.8494,Wadala Nalla,14.0,"transport, residential, mixed_use",530000,28.54,19,Sandy,90.0,409.86,16.3,3.6,1,24.0,High,0.64846206
2025-09-15,Ward F/N,Five Gardens Underpass,19.0163,72.8494,Wadala Nalla,14.0,"transport, residential, mixed_use",530000,28.54,19,Sandy,90.0,409.86,72.3,13.2,1,18.0,High,0.6948907
2025-09-16,Ward F/N,Five Gardens Underpass,19.0163,72.8494,Wadala Nalla,14.0,"transport, residential, mixed_use",530000,28.54,19,Sandy,90.0,409.86,7.8,0.9,1,22.0,High,0.5572009
2025-09-17,Ward F/N,Five Gardens Underpass,19.0163,72.8494,Wadala Nalla,14.0,"transport, residential, mixed_use",530000,28.54,19,Sandy,90.0,409.86,15.2,4.5,1,22.0,High,0.669217
2025-09-18,Ward F/N,Five Gardens Underpass,19.0163,72.8494,Wadala Nalla,14.0,"transport, residential, mixed_use",530000,28.54,19,Sandy,90.0,409.86,9.9,1.3,1,21.0,High,0.5572009
2025-09-19,Ward F/N,Five Gardens Underpass,19.0163,72.8494,Wadala Nalla,14.0,"transport, residential, mixed_use",530000,28.54,19,Sandy,90.0,409.86,0.0,3.3,0,6.0,High,0.4809414
2025-09-20,Ward F/N,Five Gardens Underpass,19.0163,72.8494,Wadala Nalla,14.0,"transport, residential, mixed_use",530000,28.54,19,Sandy,90.0,409.86,22.4,0.9333333333333332,1,24.0,High,0.4461607
2025-09-21,Ward F/N,Five Gardens Underpass,19.0163,72.8494,Wadala Nalla,14.0,"transport, residential, mixed_use",530000,28.54,19,Sandy,90.0,409.86,23.7,0.9875,1,24.0,High,0.4461607
2025-09-22,Ward F/N,Five Gardens Underpass,19.0163,72.8494,Wadala Nalla,14.0,"transport, residential, mixed_use",530000,28.54,19,Sandy,90.0,409.86,43.5,1.8125,1,24.0,High,0.47334513
2025-09-23,Ward F/N,Five Gardens Underpass,19.0163,72.8494,Wadala Nalla,14.0,"transport, residential, mixed_use",530000,28.54,19,Sandy,90.0,409.86,29.8,1.3545454545454545,1,22.0,High,0.4546487
2025-09-24,Ward F/N,Five Gardens Underpass,19.0163,72.8494,Wadala Nalla,14.0,"transport, residential, mixed_use",530000,28.54,19,Sandy,90.0,409.86,3.3,0.1571428571428571,1,21.0,High,0.44683412
2025-09-25,Ward F/N,Five Gardens Underpass,19.0163,72.8494,Wadala Nalla,14.0,"transport, residential, mixed_use",530000,28.54,19,Sandy,90.0,409.86,1.8,0.15,1,12.0,High,0.44683412
2025-09-26,Ward F/N,Five Gardens Underpass,19.0163,72.8494,Wadala Nalla,14.0,"transport, residential, mixed_use",530000,28.54,19,Sandy,90.0,409.86,3.6,0.2,1,18.0,High,0.44683412
2025-09-13,Ward A,Fort,18.9332665,72.8345146,Arabian Sea,6.856552633,park,185000,3.410650534,4735,Sand,52.29782755,5938.0,11.8,3.3,1,14.0,High,0.72030604
2025-09-14,Ward A,Fort,18.9332665,72.8345146,Arabian Sea,6.856552633,park,185000,3.410650534,4735,Sand,52.29782755,5938.0,15.1,2.9,1,19.0,High,0.72030604
2025-09-15,Ward A,Fort,18.9332665,72.8345146,Arabian Sea,6.856552633,park,185000,3.410650534,4735,Sand,52.29782755,5938.0,82.8,12.7,1,19.0,High,0.706055
2025-09-16,Ward A,Fort,18.9332665,72.8345146,Arabian Sea,6.856552633,park,185000,3.410650534,4735,Sand,52.29782755,5938.0,10.6,1.3,1,20.0,High,0.71629864
2025-09-17,Ward A,Fort,18.9332665,72.8345146,Arabian Sea,6.856552633,park,185000,3.410650534,4735,Sand,52.29782755,5938.0,10.4,1.6,1,21.0,High,0.71629864
2025-09-18,Ward A,Fort,18.9332665,72.8345146,Arabian Sea,6.856552633,park,185000,3.410650534,4735,Sand,52.29782755,5938.0,18.7,3.3,1,21.0,High,0.71624386
2025-09-19,Ward A,Fort,18.9332665,72.8345146,Arabian Sea,6.856552633,park,185000,3.410650534,4735,Sand,52.29782755,5938.0,0.0,3.3,0,6.0,High,0.54887724
2025-09-20,Ward A,Fort,18.9332665,72.8345146,Arabian Sea,6.856552633,park,185000,3.410650534,4735,Sand,52.29782755,5938.0,20.0,0.8333333333333334,1,24.0,High,0.71182966
2025-09-21,Ward A,Fort,18.9332665,72.8345146,Arabian Sea,6.856552633,park,185000,3.410650534,4735,Sand,52.29782755,5938.0,22.4,0.9333333333333332,1,24.0,High,0.71182966
2025-09-22,Ward A,Fort,18.9332665,72.8345146,Arabian Sea,6.856552633,park,185000,3.410650534,4735,Sand,52.29782755,5938.0,33.1,1.5761904761904764,1,21.0,High,0.7100984
2025-09-23,Ward A,Fort,18.9332665,72.8345146,Arabian Sea,6.856552633,park,185000,3.410650534,4735,Sand,52.29782755,5938.0,18.1,0.8227272727272728,1,22.0,High,0.71182966
2025-09-24,Ward A,Fort,18.9332665,72.8345146,Arabian Sea,6.856552633,park,185000,3.410650534,4735,Sand,52.29782755,5938.0,2.7,0.18,1,15.0,High,0.53163755
2025-09-25,Ward A,Fort,18.9332665,72.8345146,Arabian Sea,6.856552633,park,185000,3.410650534,4735,Sand,52.29782755,5938.0,2.4,0.1999999999999999,1,12.0,High,0.53163755
2025-09-26,Ward A,Fort,18.9332665,72.8345146,Arabian Sea,6.856552633,park,185000,3.410650534,4735,Sand,52.29782755,5938.0,3.9,0.2166666666666666,1,18.0,High,0.53163755
2025-09-13,Ward F/N,Gandhi Market Junction,19.0337,72.8512,Wadala Nalla,9.0,"commercial, residential",530000,14.81,8,Urban,90.0,1092.59,12.4,2.1,1,18.0,High,0.7071898
2025-09-14,Ward F/N,Gandhi Market Junction,19.0337,72.8512,Wadala Nalla,9.0,"commercial, residential",530000,14.81,8,Urban,90.0,1092.59,16.3,3.6,1,24.0,High,0.705228
2025-09-15,Ward F/N,Gandhi Market Junction,19.0337,72.8512,Wadala Nalla,9.0,"commercial, residential",530000,14.81,8,Urban,90.0,1092.59,72.3,13.2,1,18.0,High,0.71735054
2025-09-16,Ward F/N,Gandhi Market Junction,19.0337,72.8512,Wadala Nalla,9.0,"commercial, residential",530000,14.81,8,Urban,90.0,1092.59,7.8,0.9,1,22.0,High,0.66536415
2025-09-17,Ward F/N,Gandhi Market Junction,19.0337,72.8512,Wadala Nalla,9.0,"commercial, residential",530000,14.81,8,Urban,90.0,1092.59,15.2,4.5,1,22.0,High,0.7071898
2025-09-18,Ward F/N,Gandhi Market Junction,19.0337,72.8512,Wadala Nalla,9.0,"commercial, residential",530000,14.81,8,Urban,90.0,1092.59,9.9,1.3,1,21.0,High,0.66536415
2025-09-19,Ward F/N,Gandhi Market Junction,19.0337,72.8512,Wadala Nalla,9.0,"commercial, residential",530000,14.81,8,Urban,90.0,1092.59,0.0,3.3,0,6.0,High,0.54770887
2025-09-20,Ward F/N,Gandhi Market Junction,19.0337,72.8512,Wadala Nalla,9.0,"commercial, residential",530000,14.81,8,Urban,90.0,1092.59,22.4,0.9333333333333332,1,24.0,High,0.6491619
2025-09-21,Ward F/N,Gandhi Market Junction,19.0337,72.8512,Wadala Nalla,9.0,"commercial, residential",530000,14.81,8,Urban,90.0,1092.59,23.7,0.9875,1,24.0,High,0.6491619
2025-09-22,Ward F/N,Gandhi Market Junction,19.0337,72.8512,Wadala Nalla,9.0,"commercial, residential",530000,14.81,8,Urban,90.0,1092.59,43.5,1.8125,1,24.0,High,0.64566094
2025-09-23,Ward F/N,Gandhi Market Junction,19.0337,72.8512,Wadala Nalla,9.0,"commercial, residential",530000,14.81,8,Urban,90.0,1092.59,29.8,1.3545454545454545,1,22.0,High,0.6498714
2025-09-24,Ward F/N,Gandhi Market Junction,19.0337,72.8512,Wadala Nalla,9.0,"commercial, residential",530000,14.81,8,Urban,90.0,1092.59,3.3,0.1571428571428571,1,21.0,High,0.49457142
2025-09-25,Ward F/N,Gandhi Market Junction,19.0337,72.8512,Wadala Nalla,9.0,"commercial, residential",530000,14.81,8,Urban,90.0,1092.59,1.8,0.15,1,12.0,High,0.49457142
2025-09-26,Ward F/N,Gandhi Market Junction,19.0337,72.8512,Wadala Nalla,9.0,"commercial, residential",530000,14.81,8,Urban,90.0,1092.59,3.6,0.2,1,18.0,High,0.49457142
2025-09-13,Ward S,Ganesh Nagar Slum Slope,19.1145,72.9306,Tulsi Lake,6.0,"slum, residential, mixed_use",780000,21.51,3,Clayey,90.0,199.16,10.7,2.8,1,17.0,High,0.6865279
2025-09-14,Ward S,Ganesh Nagar Slum Slope,19.1145,72.9306,Tulsi Lake,6.0,"slum, residential, mixed_use",780000,21.51,3,Clayey,90.0,199.16,14.2,2.8,1,22.0,High,0.6865279
2025-09-15,Ward S,Ganesh Nagar Slum Slope,19.1145,72.9306,Tulsi Lake,6.0,"slum, residential, mixed_use",780000,21.51,3,Clayey,90.0,199.16,56.1,8.9,1,18.0,High,0.69912875
2025-09-16,Ward S,Ganesh Nagar Slum Slope,19.1145,72.9306,Tulsi Lake,6.0,"slum, residential, mixed_use",780000,21.51,3,Clayey,90.0,199.16,14.5,7.3,1,22.0,High,0.6865279
2025-09-17,Ward S,Ganesh Nagar Slum Slope,19.1145,72.9306,Tulsi Lake,6.0,"slum, residential, mixed_use",780000,21.51,3,Clayey,90.0,199.16,22.3,13.7,1,22.0,High,0.68267256
2025-09-18,Ward S,Ganesh Nagar Slum Slope,19.1145,72.9306,Tulsi Lake,6.0,"slum, residential, mixed_use",780000,21.51,3,Clayey,90.0,199.16,16.0,3.9,1,21.0,High,0.6865279
2025-09-19,Ward S,Ganesh Nagar Slum Slope,19.1145,72.9306,Tulsi Lake,6.0,"slum, residential, mixed_use",780000,21.51,3,Clayey,90.0,199.16,0.0,0.1,0,4.0,Moderate,0.4661287
2025-09-20,Ward S,Ganesh Nagar Slum Slope,19.1145,72.9306,Tulsi Lake,6.0,"slum, residential, mixed_use",780000,21.51,3,Clayey,90.0,199.16,22.4,0.9333333333333332,1,24.0,High,0.63174915
2025-09-21,Ward S,Ganesh Nagar Slum Slope,19.1145,72.9306,Tulsi Lake,6.0,"slum, residential, mixed_use",780000,21.51,3,Clayey,90.0,199.16,23.7,0.9875,1,24.0,High,0.63174915
2025-09-22,Ward S,Ganesh Nagar Slum Slope,19.1145,72.9306,Tulsi Lake,6.0,"slum, residential, mixed_use",780000,21.51,3,Clayey,90.0,199.16,43.5,1.8125,1,24.0,High,0.6283676
2025-09-23,Ward S,Ganesh Nagar Slum Slope,19.1145,72.9306,Tulsi Lake,6.0,"slum, residential, mixed_use",780000,21.51,3,Clayey,90.0,199.16,29.8,1.3545454545454545,1,22.0,High,0.6325764
2025-09-24,Ward S,Ganesh Nagar Slum Slope,19.1145,72.9306,Tulsi Lake,6.0,"slum, residential, mixed_use",780000,21.51,3,Clayey,90.0,199.16,3.3,0.1571428571428571,1,21.0,High,0.47842336
2025-09-25,Ward S,Ganesh Nagar Slum Slope,19.1145,72.9306,Tulsi Lake,6.0,"slum, residential, mixed_use",780000,21.51,3,Clayey,90.0,199.16,1.8,0.15,1,12.0,High,0.47842336
2025-09-26,Ward S,Ganesh Nagar Slum Slope,19.1145,72.9306,Tulsi Lake,6.0,"slum, residential, mixed_use",780000,21.51,3,Clayey,90.0,199.16,3.6,0.2,1,18.0,High,0.47842336
2025-09-13,Ward P/S,Goregaon,19.1648688,72.8495492,Oshiwara River,5.14667057,park,820000,4.004638396,2473,Clay,77.42709548,5292.0,10.6,2.2,1,16.0,High,0.67059743
2025-09-14,Ward P/S,Goregaon,19.1648688,72.8495492,Oshiwara River,5.14667057,park,820000,4.004638396,2473,Clay,77.42709548,5292.0,12.1,2.6,1,21.0,High,0.67059743
2025-09-15,Ward P/S,Goregaon,19.1648688,72.8495492,Oshiwara River,5.14667057,park,820000,4.004638396,2473,Clay,77.42709548,5292.0,29.1,5.0,1,17.0,High,0.6663947
2025-09-16,Ward P/S,Goregaon,19.1648688,72.8495492,Oshiwara River,5.14667057,park,820000,4.004638396,2473,Clay,77.42709548,5292.0,6.6,2.4,1,20.0,High,0.6530535
2025-09-17,Ward P/S,Goregaon,19.1648688,72.8495492,Oshiwara River,5.14667057,park,820000,4.004638396,2473,Clay,77.42709548,5292.0,27.8,19.8,1,23.0,High,0.6663947
2025-09-18,Ward P/S,Goregaon,19.1648688,72.8495492,Oshiwara River,5.14667057,park,820000,4.004638396,2473,Clay,77.42709548,5292.0,14.8,3.1,1,22.0,High,0.67059743
2025-09-19,Ward P/S,Goregaon,19.1648688,72.8495492,Oshiwara River,5.14667057,park,820000,4.004638396,2473,Clay,77.42709548,5292.0,0.0,0.1,0,2.0,High,0.38423824
2025-09-20,Ward P/S,Goregaon,19.1648688,72.8495492,Oshiwara River,5.14667057,park,820000,4.004638396,2473,Clay,77.42709548,5292.0,22.4,0.9333333333333332,1,24.0,High,0.62100065
2025-09-21,Ward P/S,Goregaon,19.1648688,72.8495492,Oshiwara River,5.14667057,park,820000,4.004638396,2473,Clay,77.42709548,5292.0,23.7,0.9875,1,24.0,High,0.62100065
2025-09-22,Ward P/S,Goregaon,19.1648688,72.8495492,Oshiwara River,5.14667057,park,820000,4.004638396,2473,Clay,77.42709548,5292.0,43.5,1.8125,1,24.0,High,0.61741567
2025-09-23,Ward P/S,Goregaon,19.1648688,72.8495492,Oshiwara River,5.14667057,park,820000,4.004638396,2473,Clay,77.42709548,5292.0,29.8,1.3545454545454545,1,22.0,High,0.6217506
2025-09-24,Ward P/S,Goregaon,19.1648688,72.8495492,Oshiwara River,5.14667057,park,820000,4.004638396,2473,Clay,77.42709548,5292.0,3.3,0.1571428571428571,1,21.0,High,0.5110374
2025-09-25,Ward P/S,Goregaon,19.1648688,72.8495492,Oshiwara River,5.14667057,park,820000,4.004638396,2473,Clay,77.42709548,5292.0,1.8,0.15,1,12.0,High,0.5110374
2025-09-26,Ward P/S,Goregaon,19.1648688,72.8495492,Oshiwara River,5.14667057,park,820000,4.004638396,2473,Clay,77.42709548,5292.0,3.6,0.2,1,18.0,High,0.5110374
2025-09-13,Ward P/S,Goregaon Station Subway,19.1555,72.8441,Dahisar River,9.0,"residential, slum, mixed_use",670000,27.1,8,Urban,90.0,1520.09,10.6,2.2,1,16.0,High,0.6990559
2025-09-14,Ward P/S,Goregaon Station Subway,19.1555,72.8441,Dahisar River,9.0,"residential, slum, mixed_use",670000,27.1,8,Urban,90.0,1520.09,12.1,2.6,1,21.0,High,0.6990559
2025-09-15,Ward P/S,Goregaon Station Subway,19.1555,72.8441,Dahisar River,9.0,"residential, slum, mixed_use",670000,27.1,8,Urban,90.0,1520.09,29.1,5.0,1,17.0,High,0.695408
2025-09-16,Ward P/S,Goregaon Station Subway,19.1555,72.8441,Dahisar River,9.0,"residential, slum, mixed_use",670000,27.1,8,Urban,90.0,1520.09,6.6,2.4,1,20.0,High,0.6710939
2025-09-17,Ward P/S,Goregaon Station Subway,19.1555,72.8441,Dahisar River,9.0,"residential, slum, mixed_use",670000,27.1,8,Urban,90.0,1520.09,27.8,19.8,1,23.0,High,0.695408
2025-09-18,Ward P/S,Goregaon Station Subway,19.1555,72.8441,Dahisar River,9.0,"residential, slum, mixed_use",670000,27.1,8,Urban,90.0,1520.09,14.8,3.1,1,22.0,High,0.6990559
2025-09-19,Ward P/S,Goregaon Station Subway,19.1555,72.8441,Dahisar River,9.0,"residential, slum, mixed_use",670000,27.1,8,Urban,90.0,1520.09,0.0,0.1,0,2.0,Moderate,0.4266687
2025-09-20,Ward P/S,Goregaon Station Subway,19.1555,72.8441,Dahisar River,9.0,"residential, slum, mixed_use",670000,27.1,8,Urban,90.0,1520.09,22.4,0.9333333333333332,1,24.0,High,0.6289757
2025-09-21,Ward P/S,Goregaon Station Subway,19.1555,72.8441,Dahisar River,9.0,"residential, slum, mixed_use",670000,27.1,8,Urban,90.0,1520.09,23.7,0.9875,1,24.0,High,0.6289757
2025-09-22,Ward P/S,Goregaon Station Subway,19.1555,72.8441,Dahisar River,9.0,"residential, slum, mixed_use",670000,27.1,8,Urban,90.0,1520.09,43.5,1.8125,1,24.0,High,0.6255388
2025-09-23,Ward P/S,Goregaon Station Subway,19.1555,72.8441,Dahisar River,9.0,"residential, slum, mixed_use",670000,27.1,8,Urban,90.0,1520.09,29.8,1.3545454545454545,1,22.0,High,0.6297818
2025-09-24,Ward P/S,Goregaon Station Subway,19.1555,72.8441,Dahisar River,9.0,"residential, slum, mixed_use",670000,27.1,8,Urban,90.0,1520.09,3.3,0.1571428571428571,1,21.0,High,0.4980895
2025-09-25,Ward P/S,Goregaon Station Subway,19.1555,72.8441,Dahisar River,9.0,"residential, slum, mixed_use",670000,27.1,8,Urban,90.0,1520.09,1.8,0.15,1,12.0,High,0.4980895
2025-09-26,Ward P/S,Goregaon Station Subway,19.1555,72.8441,Dahisar River,9.0,"residential, slum, mixed_use",670000,27.1,8,Urban,90.0,1520.09,3.6,0.2,1,18.0,High,0.4980895
2025-09-13,Ward F/N,Hindmata Junction,19.0199,72.8439,Wadala Nalla,8.0,"transport, commercial, mixed_use",470000,22.5,5,Urban,90.0,482.19,12.4,2.1,1,18.0,High,0.7075963
2025-09-14,Ward F/N,Hindmata Junction,19.0199,72.8439,Wadala Nalla,8.0,"transport, commercial, mixed_use",470000,22.5,5,Urban,90.0,482.19,16.3,3.6,1,24.0,High,0.705228
2025-09-15,Ward F/N,Hindmata Junction,19.0199,72.8439,Wadala Nalla,8.0,"transport, commercial, mixed_use",470000,22.5,5,Urban,90.0,482.19,72.3,13.2,1,18.0,High,0.71735054
2025-09-16,Ward F/N,Hindmata Junction,19.0199,72.8439,Wadala Nalla,8.0,"transport, commercial, mixed_use",470000,22.5,5,Urban,90.0,482.19,7.8,0.9,1,22.0,High,0.6773746
2025-09-17,Ward F/N,Hindmata Junction,19.0199,72.8439,Wadala Nalla,8.0,"transport, commercial, mixed_use",470000,22.5,5,Urban,90.0,482.19,15.2,4.5,1,22.0,High,0.7075963
2025-09-18,Ward F/N,Hindmata Junction,19.0199,72.8439,Wadala Nalla,8.0,"transport, commercial, mixed_use",470000,22.5,5,Urban,90.0,482.19,9.9,1.3,1,21.0,High,0.6773746
2025-09-19,Ward F/N,Hindmata Junction,19.0199,72.8439,Wadala Nalla,8.0,"transport, commercial, mixed_use",470000,22.5,5,Urban,90.0,482.19,0.0,3.3,0,6.0,High,0.5515146
2025-09-20,Ward F/N,Hindmata Junction,19.0199,72.8439,Wadala Nalla,8.0,"transport, commercial, mixed_use",470000,22.5,5,Urban,90.0,482.19,22.4,0.9333333333333332,1,24.0,High,0.66598165
2025-09-21,Ward F/N,Hindmata Junction,19.0199,72.8439,Wadala Nalla,8.0,"transport, commercial, mixed_use",470000,22.5,5,Urban,90.0,482.19,23.7,0.9875,1,24.0,High,0.66598165
2025-09-22,Ward F/N,Hindmata Junction,19.0199,72.8439,Wadala Nalla,8.0,"transport, commercial, mixed_use",470000,22.5,5,Urban,90.0,482.19,43.5,1.8125,1,24.0,High,0.6625613
2025-09-23,Ward F/N,Hindmata Junction,19.0199,72.8439,Wadala Nalla,8.0,"transport, commercial, mixed_use",470000,22.5,5,Urban,90.0,482.19,29.8,1.3545454545454545,1,22.0,High,0.6666747
2025-09-24,Ward F/N,Hindmata Junction,19.0199,72.8439,Wadala Nalla,8.0,"transport, commercial, mixed_use",470000,22.5,5,Urban,90.0,482.19,3.3,0.1571428571428571,1,21.0,High,0.5028348
2025-09-25,Ward F/N,Hindmata Junction,19.0199,72.8439,Wadala Nalla,8.0,"transport, commercial, mixed_use",470000,22.5,5,Urban,90.0,482.19,1.8,0.15,1,12.0,High,0.5028348
2025-09-26,Ward F/N,Hindmata Junction,19.0199,72.8439,Wadala Nalla,8.0,"transport, commercial, mixed_use",470000,22.5,5,Urban,90.0,482.19,3.6,0.2,1,18.0,High,0.5028348
2025-09-13,Ward R/C,IC Colony Subway,19.2365,72.8322,Poinsur River,16.0,"hospital/institutional, mixed_use",940000,Error: Found no graph nodes within the requested polygon.,10,Urban,90.0,1767.36,8.5,2.4,1,14.0,High,0.6361898
2025-09-14,Ward R/C,IC Colony Subway,19.2365,72.8322,Poinsur River,16.0,"hospital/institutional, mixed_use",940000,Error: Found no graph nodes within the requested polygon.,10,Urban,90.0,1767.36,8.0,1.3,1,22.0,High,0.47939757
2025-09-15,Ward R/C,IC Colony Subway,19.2365,72.8322,Poinsur River,16.0,"hospital/institutional, mixed_use",940000,Error: Found no graph nodes within the requested polygon.,10,Urban,90.0,1767.36,17.3,4.3,1,20.0,High,0.5882667
2025-09-16,Ward R/C,IC Colony Subway,19.2365,72.8322,Poinsur River,16.0,"hospital/institutional, mixed_use",940000,Error: Found no graph nodes within the requested polygon.,10,Urban,90.0,1767.36,10.0,2.4,1,22.0,High,0.6361898
2025-09-17,Ward R/C,IC Colony Subway,19.2365,72.8322,Poinsur River,16.0,"hospital/institutional, mixed_use",940000,Error: Found no graph nodes within the requested polygon.,10,Urban,90.0,1767.36,17.9,12.7,1,18.0,High,0.5882667
2025-09-18,Ward R/C,IC Colony Subway,19.2365,72.8322,Poinsur River,16.0,"hospital/institutional, mixed_use",940000,Error: Found no graph nodes within the requested polygon.,10,Urban,90.0,1767.36,15.8,4.6,1,21.0,High,0.6361898
2025-09-19,Ward R/C,IC Colony Subway,19.2365,72.8322,Poinsur River,16.0,"hospital/institutional, mixed_use",940000,Error: Found no graph nodes within the requested polygon.,10,Urban,90.0,1767.36,0.0,0.3,0,5.0,Moderate,0.47747993
2025-09-20,Ward R/C,IC Colony Subway,19.2365,72.8322,Poinsur River,16.0,"hospital/institutional, mixed_use",940000,Error: Found no graph nodes within the requested polygon.,10,Urban,90.0,1767.36,22.1,0.9208333333333334,1,24.0,Moderate,0.44861543
2025-09-21,Ward R/C,IC Colony Subway,19.2365,72.8322,Poinsur River,16.0,"hospital/institutional, mixed_use",940000,Error: Found no graph nodes within the requested polygon.,10,Urban,90.0,1767.36,24.3,1.0125,1,24.0,Moderate,0.44861543
2025-09-22,Ward R/C,IC Colony Subway,19.2365,72.8322,Poinsur River,16.0,"hospital/institutional, mixed_use",940000,Error: Found no graph nodes within the requested polygon.,10,Urban,90.0,1767.36,52.2,2.1750000000000003,1,24.0,High,0.6093205
2025-09-23,Ward R/C,IC Colony Subway,19.2365,72.8322,Poinsur River,16.0,"hospital/institutional, mixed_use",940000,Error: Found no graph nodes within the requested polygon.,10,Urban,90.0,1767.36,31.9,1.3291666666666666,1,24.0,Moderate,0.41591042
2025-09-24,Ward R/C,IC Colony Subway,19.2365,72.8322,Poinsur River,16.0,"hospital/institutional, mixed_use",940000,Error: Found no graph nodes within the requested polygon.,10,Urban,90.0,1767.36,1.5,0.1,1,15.0,High,0.38232374
2025-09-25,Ward R/C,IC Colony Subway,19.2365,72.8322,Poinsur River,16.0,"hospital/institutional, mixed_use",940000,Error: Found no graph nodes within the requested polygon.,10,Urban,90.0,1767.36,1.8,0.2,1,9.0,High,0.38232374
2025-09-26,Ward R/C,IC Colony Subway,19.2365,72.8322,Poinsur River,16.0,"hospital/institutional, mixed_use",940000,Error: Found no graph nodes within the requested polygon.,10,Urban,90.0,1767.36,3.0,0.2,1,15.0,High,0.38232374
2025-09-13,Ward K/E,JB Nagar (Metro area),19.1089,72.8664,Mithi River,18.0,"transport, mixed_use",880000,21.08,8,Urban,90.0,398.75,12.7,3.5,1,17.0,High,0.6392905
2025-09-14,Ward K/E,JB Nagar (Metro area),19.1089,72.8664,Mithi River,18.0,"transport, mixed_use",880000,21.08,8,Urban,90.0,398.75,12.2,2.8,1,22.0,High,0.6392905
2025-09-15,Ward K/E,JB Nagar (Metro area),19.1089,72.8664,Mithi River,18.0,"transport, mixed_use",880000,21.08,8,Urban,90.0,398.75,65.5,10.6,1,18.0,High,0.6723002
2025-09-16,Ward K/E,JB Nagar (Metro area),19.1089,72.8664,Mithi River,18.0,"transport, mixed_use",880000,21.08,8,Urban,90.0,398.75,5.2,0.9,1,23.0,High,0.4725848
2025-09-17,Ward K/E,JB Nagar (Metro area),19.1089,72.8664,Mithi River,18.0,"transport, mixed_use",880000,21.08,8,Urban,90.0,398.75,25.7,14.8,1,21.0,High,0.5949143
2025-09-18,Ward K/E,JB Nagar (Metro area),19.1089,72.8664,Mithi River,18.0,"transport, mixed_use",880000,21.08,8,Urban,90.0,398.75,10.4,1.9,1,21.0,High,0.49035156
2025-09-19,Ward K/E,JB Nagar (Metro area),19.1089,72.8664,Mithi River,18.0,"transport, mixed_use",880000,21.08,8,Urban,90.0,398.75,0.0,0.7,0,3.0,Moderate,0.48474824
2025-09-20,Ward K/E,JB Nagar (Metro area),19.1089,72.8664,Mithi River,18.0,"transport, mixed_use",880000,21.08,8,Urban,90.0,398.75,22.4,0.9333333333333332,1,24.0,Moderate,0.4053818
2025-09-21,Ward K/E,JB Nagar (Metro area),19.1089,72.8664,Mithi River,18.0,"transport, mixed_use",880000,21.08,8,Urban,90.0,398.75,23.7,0.9875,1,24.0,Moderate,0.4053818
2025-09-22,Ward K/E,JB Nagar (Metro area),19.1089,72.8664,Mithi River,18.0,"transport, mixed_use",880000,21.08,8,Urban,90.0,398.75,43.5,1.8125,1,24.0,High,0.3907772
2025-09-23,Ward K/E,JB Nagar (Metro area),19.1089,72.8664,Mithi River,18.0,"transport, mixed_use",880000,21.08,8,Urban,90.0,398.75,29.8,1.3545454545454545,1,22.0,Moderate,0.38822898
2025-09-24,Ward K/E,JB Nagar (Metro area),19.1089,72.8664,Mithi River,18.0,"transport, mixed_use",880000,21.08,8,Urban,90.0,398.75,3.3,0.1571428571428571,1,21.0,High,0.3978379
2025-09-25,Ward K/E,JB Nagar (Metro area),19.1089,72.8664,Mithi River,18.0,"transport, mixed_use",880000,21.08,8,Urban,90.0,398.75,1.8,0.15,1,12.0,High,0.3978379
2025-09-26,Ward K/E,JB Nagar (Metro area),19.1089,72.8664,Mithi River,18.0,"transport, mixed_use",880000,21.08,8,Urban,90.0,398.75,3.6,0.2,1,18.0,High,0.3978379
2025-09-13,Ward F/S,Jerbai Wadia Road,19.0049,72.8397,Wadala Nalla,9.0,"hospital/institutional, residential, mixed_use",520000,24.33,6,Urban,90.0,366.85,12.4,2.1,1,18.0,High,0.7075963
2025-09-14,Ward F/S,Jerbai Wadia Road,19.0049,72.8397,Wadala Nalla,9.0,"hospital/institutional, residential, mixed_use",520000,24.33,6,Urban,90.0,366.85,16.3,3.6,1,24.0,High,0.705228
2025-09-15,Ward F/S,Jerbai Wadia Road,19.0049,72.8397,Wadala Nalla,9.0,"hospital/institutional, residential, mixed_use",520000,24.33,6,Urban,90.0,366.85,72.3,13.2,1,18.0,High,0.71735054
2025-09-16,Ward F/S,Jerbai Wadia Road,19.0049,72.8397,Wadala Nalla,9.0,"hospital/institutional, residential, mixed_use",520000,24.33,6,Urban,90.0,366.85,7.8,0.9,1,22.0,High,0.6658289
2025-09-17,Ward F/S,Jerbai Wadia Road,19.0049,72.8397,Wadala Nalla,9.0,"hospital/institutional, residential, mixed_use",520000,24.33,6,Urban,90.0,366.85,15.2,4.5,1,22.0,High,0.7075963
2025-09-18,Ward F/S,Jerbai Wadia Road,19.0049,72.8397,Wadala Nalla,9.0,"hospital/institutional, residential, mixed_use",520000,24.33,6,Urban,90.0,366.85,9.9,1.3,1,21.0,High,0.6658289
2025-09-19,Ward F/S,Jerbai Wadia Road,19.0049,72.8397,Wadala Nalla,9.0,"hospital/institutional, residential, mixed_use",520000,24.33,6,Urban,90.0,366.85,0.0,3.3,0,6.0,High,0.53883684
2025-09-20,Ward F/S,Jerbai Wadia Road,19.0049,72.8397,Wadala Nalla,9.0,"hospital/institutional, residential, mixed_use",520000,24.33,6,Urban,90.0,366.85,22.4,0.9333333333333332,1,24.0,High,0.6491619
2025-09-21,Ward F/S,Jerbai Wadia Road,19.0049,72.8397,Wadala Nalla,9.0,"hospital/institutional, residential, mixed_use",520000,24.33,6,Urban,90.0,366.85,23.7,0.9875,1,24.0,High,0.6491619
2025-09-22,Ward F/S,Jerbai Wadia Road,19.0049,72.8397,Wadala Nalla,9.0,"hospital/institutional, residential, mixed_use",520000,24.33,6,Urban,90.0,366.85,43.5,1.8125,1,24.0,High,0.64566094
2025-09-23,Ward F/S,Jerbai Wadia Road,19.0049,72.8397,Wadala Nalla,9.0,"hospital/institutional, residential, mixed_use",520000,24.33,6,Urban,90.0,366.85,29.8,1.3545454545454545,1,22.0,High,0.6498714
2025-09-24,Ward F/S,Jerbai Wadia Road,19.0049,72.8397,Wadala Nalla,9.0,"hospital/institutional, residential, mixed_use",520000,24.33,6,Urban,90.0,366.85,3.3,0.1571428571428571,1,21.0,High,0.49889737
2025-09-25,Ward F/S,Jerbai Wadia Road,19.0049,72.8397,Wadala Nalla,9.0,"hospital/institutional, residential, mixed_use",520000,24.33,6,Urban,90.0,366.85,1.8,0.15,1,12.0,High,0.49889737
2025-09-26,Ward F/S,Jerbai Wadia Road,19.0049,72.8397,Wadala Nalla,9.0,"hospital/institutional, residential, mixed_use",520000,24.33,6,Urban,90.0,366.85,3.6,0.2,1,18.0,High,0.49889737
2025-09-13,Ward H/E,Kalina CST Road,19.0802,72.8655,Kurla Nalla,9.0,"transport, residential, mixed_use",600000,17.08,8,Urban,90.0,476.86,12.7,3.5,1,17.0,High,0.70450586
2025-09-14,Ward H/E,Kalina CST Road,19.0802,72.8655,Kurla Nalla,9.0,"transport, residential, mixed_use",600000,17.08,8,Urban,90.0,476.86,12.2,2.8,1,22.0,High,0.70450586
2025-09-15,Ward H/E,Kalina CST Road,19.0802,72.8655,Kurla Nalla,9.0,"transport, residential, mixed_use",600000,17.08,8,Urban,90.0,476.86,65.5,10.6,1,18.0,High,0.7172612
2025-09-16,Ward H/E,Kalina CST Road,19.0802,72.8655,Kurla Nalla,9.0,"transport, residential, mixed_use",600000,17.08,8,Urban,90.0,476.86,5.2,0.9,1,23.0,High,0.6171266
2025-09-17,Ward H/E,Kalina CST Road,19.0802,72.8655,Kurla Nalla,9.0,"transport, residential, mixed_use",600000,17.08,8,Urban,90.0,476.86,25.7,14.8,1,21.0,High,0.7020726
2025-09-18,Ward H/E,Kalina CST Road,19.0802,72.8655,Kurla Nalla,9.0,"transport, residential, mixed_use",600000,17.08,8,Urban,90.0,476.86,10.4,1.9,1,21.0,High,0.66229904
2025-09-19,Ward H/E,Kalina CST Road,19.0802,72.8655,Kurla Nalla,9.0,"transport, residential, mixed_use",600000,17.08,8,Urban,90.0,476.86,0.0,0.7,0,3.0,High,0.49864262
2025-09-20,Ward H/E,Kalina CST Road,19.0802,72.8655,Kurla Nalla,9.0,"transport, residential, mixed_use",600000,17.08,8,Urban,90.0,476.86,22.4,0.9333333333333332,1,24.0,High,0.6496014
2025-09-21,Ward H/E,Kalina CST Road,19.0802,72.8655,Kurla Nalla,9.0,"transport, residential, mixed_use",600000,17.08,8,Urban,90.0,476.86,23.7,0.9875,1,24.0,High,0.6496014
2025-09-22,Ward H/E,Kalina CST Road,19.0802,72.8655,Kurla Nalla,9.0,"transport, residential, mixed_use",600000,17.08,8,Urban,90.0,476.86,43.5,1.8125,1,24.0,High,0.6460978
2025-09-23,Ward H/E,Kalina CST Road,19.0802,72.8655,Kurla Nalla,9.0,"transport, residential, mixed_use",600000,17.08,8,Urban,90.0,476.86,29.8,1.3545454545454545,1,22.0,High,0.65030813
2025-09-24,Ward H/E,Kalina CST Road,19.0802,72.8655,Kurla Nalla,9.0,"transport, residential, mixed_use",600000,17.08,8,Urban,90.0,476.86,3.3,0.1571428571428571,1,21.0,High,0.5082668
2025-09-25,Ward H/E,Kalina CST Road,19.0802,72.8655,Kurla Nalla,9.0,"transport, residential, mixed_use",600000,17.08,8,Urban,90.0,476.86,1.8,0.15,1,12.0,High,0.5082668
2025-09-26,Ward H/E,Kalina CST Road,19.0802,72.8655,Kurla Nalla,9.0,"transport, residential, mixed_use",600000,17.08,8,Urban,90.0,476.86,3.6,0.2,1,18.0,High,0.5082668
2025-09-13,Ward H/E,Kalina University Junction,19.0722,72.8673,Kurla Nalla,8.0,"education, residential, mixed_use",600000,24.67,27,Urban,90.0,549.45,12.7,3.5,1,17.0,High,0.7168464
2025-09-14,Ward H/E,Kalina University Junction,19.0722,72.8673,Kurla Nalla,8.0,"education, residential, mixed_use",600000,24.67,27,Urban,90.0,549.45,12.2,2.8,1,22.0,High,0.7168464
2025-09-15,Ward H/E,Kalina University Junction,19.0722,72.8673,Kurla Nalla,8.0,"education, residential, mixed_use",600000,24.67,27,Urban,90.0,549.45,65.5,10.6,1,18.0,High,0.7214994
2025-09-16,Ward H/E,Kalina University Junction,19.0722,72.8673,Kurla Nalla,8.0,"education, residential, mixed_use",600000,24.67,27,Urban,90.0,549.45,5.2,0.9,1,23.0,High,0.6450782
2025-09-17,Ward H/E,Kalina University Junction,19.0722,72.8673,Kurla Nalla,8.0,"education, residential, mixed_use",600000,24.67,27,Urban,90.0,549.45,25.7,14.8,1,21.0,High,0.7132614
2025-09-18,Ward H/E,Kalina University Junction,19.0722,72.8673,Kurla Nalla,8.0,"education, residential, mixed_use",600000,24.67,27,Urban,90.0,549.45,10.4,1.9,1,21.0,High,0.69083
2025-09-19,Ward H/E,Kalina University Junction,19.0722,72.8673,Kurla Nalla,8.0,"education, residential, mixed_use",600000,24.67,27,Urban,90.0,549.45,0.0,0.7,0,3.0,High,0.54975605
2025-09-20,Ward H/E,Kalina University Junction,19.0722,72.8673,Kurla Nalla,8.0,"education, residential, mixed_use",600000,24.67,27,Urban,90.0,549.45,22.4,0.9333333333333332,1,24.0,High,0.68042403
2025-09-21,Ward H/E,Kalina University Junction,19.0722,72.8673,Kurla Nalla,8.0,"education, residential, mixed_use",600000,24.67,27,Urban,90.0,549.45,23.7,0.9875,1,24.0,High,0.68042403
2025-09-22,Ward H/E,Kalina University Junction,19.0722,72.8673,Kurla Nalla,8.0,"education, residential, mixed_use",600000,24.67,27,Urban,90.0,549.45,43.5,1.8125,1,24.0,High,0.67693496
2025-09-23,Ward H/E,Kalina University Junction,19.0722,72.8673,Kurla Nalla,8.0,"education, residential, mixed_use",600000,24.67,27,Urban,90.0,549.45,29.8,1.3545454545454545,1,22.0,High,0.6810249
2025-09-24,Ward H/E,Kalina University Junction,19.0722,72.8673,Kurla Nalla,8.0,"education, residential, mixed_use",600000,24.67,27,Urban,90.0,549.45,3.3,0.1571428571428571,1,21.0,High,0.55807674
2025-09-25,Ward H/E,Kalina University Junction,19.0722,72.8673,Kurla Nalla,8.0,"education, residential, mixed_use",600000,24.67,27,Urban,90.0,549.45,1.8,0.15,1,12.0,High,0.55807674
2025-09-26,Ward H/E,Kalina University Junction,19.0722,72.8673,Kurla Nalla,8.0,"education, residential, mixed_use",600000,24.67,27,Urban,90.0,549.45,3.6,0.2,1,18.0,High,0.55807674
2025-09-13,Ward R/S,Kandivali,19.2041136,72.8517376,Poisar River,14.73940767,park,610000,3.157764291,4374,Sand,65.87370617,4124.0,8.5,2.4,1,14.0,High,0.64052194
2025-09-14,Ward R/S,Kandivali,19.2041136,72.8517376,Poisar River,14.73940767,park,610000,3.157764291,4374,Sand,65.87370617,4124.0,8.0,1.3,1,22.0,High,0.5344187
2025-09-15,Ward R/S,Kandivali,19.2041136,72.8517376,Poisar River,14.73940767,park,610000,3.157764291,4374,Sand,65.87370617,4124.0,17.3,4.3,1,20.0,High,0.6020489
2025-09-16,Ward R/S,Kandivali,19.2041136,72.8517376,Poisar River,14.73940767,park,610000,3.157764291,4374,Sand,65.87370617,4124.0,10.0,2.4,1,22.0,High,0.64052194
2025-09-17,Ward R/S,Kandivali,19.2041136,72.8517376,Poisar River,14.73940767,park,610000,3.157764291,4374,Sand,65.87370617,4124.0,17.9,12.7,1,18.0,High,0.6020489
2025-09-18,Ward R/S,Kandivali,19.2041136,72.8517376,Poisar River,14.73940767,park,610000,3.157764291,4374,Sand,65.87370617,4124.0,15.8,4.6,1,21.0,High,0.64052194
2025-09-19,Ward R/S,Kandivali,19.2041136,72.8517376,Poisar River,14.73940767,park,610000,3.157764291,4374,Sand,65.87370617,4124.0,0.0,0.3,0,5.0,High,0.41145822
2025-09-20,Ward R/S,Kandivali,19.2041136,72.8517376,Poisar River,14.73940767,park,610000,3.157764291,4374,Sand,65.87370617,4124.0,22.1,0.9208333333333334,1,24.0,High,0.4202358
2025-09-21,Ward R/S,Kandivali,19.2041136,72.8517376,Poisar River,14.73940767,park,610000,3.157764291,4374,Sand,65.87370617,4124.0,24.3,1.0125,1,24.0,High,0.4202358
2025-09-22,Ward R/S,Kandivali,19.2041136,72.8517376,Poisar River,14.73940767,park,610000,3.157764291,4374,Sand,65.87370617,4124.0,52.2,2.1750000000000003,1,24.0,High,0.6183655
2025-09-23,Ward R/S,Kandivali,19.2041136,72.8517376,Poisar River,14.73940767,park,610000,3.157764291,4374,Sand,65.87370617,4124.0,31.9,1.3291666666666666,1,24.0,High,0.43569866
2025-09-24,Ward R/S,Kandivali,19.2041136,72.8517376,Poisar River,14.73940767,park,610000,3.157764291,4374,Sand,65.87370617,4124.0,1.5,0.1,1,15.0,High,0.43709043
2025-09-25,Ward R/S,Kandivali,19.2041136,72.8517376,Poisar River,14.73940767,park,610000,3.157764291,4374,Sand,65.87370617,4124.0,1.8,0.2,1,9.0,High,0.43709043
2025-09-26,Ward R/S,Kandivali,19.2041136,72.8517376,Poisar River,14.73940767,park,610000,3.157764291,4374,Sand,65.87370617,4124.0,3.0,0.2,1,15.0,High,0.43709043
2025-09-13,Ward S,Kanjurmarg,19.1253912,72.9252519,Ulhas River,11.92050553,commercial,780000,3.247455704,3575,Sand,61.88002899,5629.0,9.5,2.4,1,17.0,High,0.6283124
2025-09-14,Ward S,Kanjurmarg,19.1253912,72.9252519,Ulhas River,11.92050553,commercial,780000,3.247455704,3575,Sand,61.88002899,5629.0,11.9,2.8,1,22.0,High,0.6283124
2025-09-15,Ward S,Kanjurmarg,19.1253912,72.9252519,Ulhas River,11.92050553,commercial,780000,3.247455704,3575,Sand,61.88002899,5629.0,29.4,5.5,1,17.0,High,0.58937037
2025-09-16,Ward S,Kanjurmarg,19.1253912,72.9252519,Ulhas River,11.92050553,commercial,780000,3.247455704,3575,Sand,61.88002899,5629.0,12.9,4.6,1,21.0,High,0.6283124
2025-09-17,Ward S,Kanjurmarg,19.1253912,72.9252519,Ulhas River,11.92050553,commercial,780000,3.247455704,3575,Sand,61.88002899,5629.0,32.2,14.0,1,22.0,High,0.59479624
2025-09-18,Ward S,Kanjurmarg,19.1253912,72.9252519,Ulhas River,11.92050553,commercial,780000,3.247455704,3575,Sand,61.88002899,5629.0,12.5,2.0,1,20.0,High,0.52129877
2025-09-19,Ward S,Kanjurmarg,19.1253912,72.9252519,Ulhas River,11.92050553,commercial,780000,3.247455704,3575,Sand,61.88002899,5629.0,0.0,0.1,0,1.0,Moderate,0.40683702
2025-09-20,Ward S,Kanjurmarg,19.1253912,72.9252519,Ulhas River,11.92050553,commercial,780000,3.247455704,3575,Sand,61.88002899,5629.0,22.4,0.9333333333333332,1,24.0,High,0.40746573
2025-09-21,Ward S,Kanjurmarg,19.1253912,72.9252519,Ulhas River,11.92050553,commercial,780000,3.247455704,3575,Sand,61.88002899,5629.0,23.7,0.9875,1,24.0,High,0.40746573
2025-09-22,Ward S,Kanjurmarg,19.1253912,72.9252519,Ulhas River,11.92050553,commercial,780000,3.247455704,3575,Sand,61.88002899,5629.0,43.5,1.8125,1,24.0,High,0.43435672
2025-09-23,Ward S,Kanjurmarg,19.1253912,72.9252519,Ulhas River,11.92050553,commercial,780000,3.247455704,3575,Sand,61.88002899,5629.0,29.8,1.3545454545454545,1,22.0,High,0.41582364
2025-09-24,Ward S,Kanjurmarg,19.1253912,72.9252519,Ulhas River,11.92050553,commercial,780000,3.247455704,3575,Sand,61.88002899,5629.0,3.3,0.1571428571428571,1,21.0,High,0.43709043
2025-09-25,Ward S,Kanjurmarg,19.1253912,72.9252519,Ulhas River,11.92050553,commercial,780000,3.247455704,3575,Sand,61.88002899,5629.0,1.8,0.15,1,12.0,High,0.43709043
2025-09-26,Ward S,Kanjurmarg,19.1253912,72.9252519,Ulhas River,11.92050553,commercial,780000,3.247455704,3575,Sand,61.88002899,5629.0,3.6,0.2,1,18.0,High,0.43709043
2025-09-13,Ward H/W,Khar West,19.07039785,72.83161431,Arabian Sea,13.21986328,residential,410000,4.127364824,1567,Sand,55.83881873,5691.0,12.7,3.5,1,17.0,High,0.6425723
2025-09-14,Ward H/W,Khar West,19.07039785,72.83161431,Arabian Sea,13.21986328,residential,410000,4.127364824,1567,Sand,55.83881873,5691.0,12.2,2.8,1,22.0,High,0.6425723
2025-09-15,Ward H/W,Khar West,19.07039785,72.83161431,Arabian Sea,13.21986328,residential,410000,4.127364824,1567,Sand,55.83881873,5691.0,65.5,10.6,1,18.0,High,0.66737443
2025-09-16,Ward H/W,Khar West,19.07039785,72.83161431,Arabian Sea,13.21986328,residential,410000,4.127364824,1567,Sand,55.83881873,5691.0,5.2,0.9,1,23.0,High,0.5261008
2025-09-17,Ward H/W,Khar West,19.07039785,72.83161431,Arabian Sea,13.21986328,residential,410000,4.127364824,1567,Sand,55.83881873,5691.0,25.7,14.8,1,21.0,High,0.60455614
2025-09-18,Ward H/W,Khar West,19.07039785,72.83161431,Arabian Sea,13.21986328,residential,410000,4.127364824,1567,Sand,55.83881873,5691.0,10.4,1.9,1,21.0,High,0.53947264
2025-09-19,Ward H/W,Khar West,19.07039785,72.83161431,Arabian Sea,13.21986328,residential,410000,4.127364824,1567,Sand,55.83881873,5691.0,0.0,0.7,0,3.0,High,0.3993322
2025-09-20,Ward H/W,Khar West,19.07039785,72.83161431,Arabian Sea,13.21986328,residential,410000,4.127364824,1567,Sand,55.83881873,5691.0,22.4,0.9333333333333332,1,24.0,High,0.43278548
2025-09-21,Ward H/W,Khar West,19.07039785,72.83161431,Arabian Sea,13.21986328,residential,410000,4.127364824,1567,Sand,55.83881873,5691.0,23.7,0.9875,1,24.0,High,0.43278548
2025-09-22,Ward H/W,Khar West,19.07039785,72.83161431,Arabian Sea,13.21986328,residential,410000,4.127364824,1567,Sand,55.83881873,5691.0,43.5,1.8125,1,24.0,High,0.45824564
2025-09-23,Ward H/W,Khar West,19.07039785,72.83161431,Arabian Sea,13.21986328,residential,410000,4.127364824,1567,Sand,55.83881873,5691.0,29.8,1.3545454545454545,1,22.0,High,0.4408273
2025-09-24,Ward H/W,Khar West,19.07039785,72.83161431,Arabian Sea,13.21986328,residential,410000,4.127364824,1567,Sand,55.83881873,5691.0,3.3,0.1571428571428571,1,21.0,High,0.43563005
2025-09-25,Ward H/W,Khar West,19.07039785,72.83161431,Arabian Sea,13.21986328,residential,410000,4.127364824,1567,Sand,55.83881873,5691.0,1.8,0.15,1,12.0,High,0.43563005
2025-09-26,Ward H/W,Khar West,19.07039785,72.83161431,Arabian Sea,13.21986328,residential,410000,4.127364824,1567,Sand,55.83881873,5691.0,3.6,0.2,1,18.0,High,0.43563005
2025-09-13,Ward F/N,King's Circle,19.0272,72.8559,Wadala Nalla,10.0,"recreation_ground, residential, mixed_use",530000,22.41,7,Urban,90.0,425.8,12.4,2.1,1,18.0,High,0.6824993
2025-09-14,Ward F/N,King's Circle,19.0272,72.8559,Wadala Nalla,10.0,"recreation_ground, residential, mixed_use",530000,22.41,7,Urban,90.0,425.8,16.3,3.6,1,24.0,High,0.66418356
2025-09-15,Ward F/N,King's Circle,19.0272,72.8559,Wadala Nalla,10.0,"recreation_ground, residential, mixed_use",530000,22.41,7,Urban,90.0,425.8,72.3,13.2,1,18.0,High,0.7091054
2025-09-16,Ward F/N,King's Circle,19.0272,72.8559,Wadala Nalla,10.0,"recreation_ground, residential, mixed_use",530000,22.41,7,Urban,90.0,425.8,7.8,0.9,1,22.0,High,0.57614326
2025-09-17,Ward F/N,King's Circle,19.0272,72.8559,Wadala Nalla,10.0,"recreation_ground, residential, mixed_use",530000,22.41,7,Urban,90.0,425.8,15.2,4.5,1,22.0,High,0.6824993
2025-09-18,Ward F/N,King's Circle,19.0272,72.8559,Wadala Nalla,10.0,"recreation_ground, residential, mixed_use",530000,22.41,7,Urban,90.0,425.8,9.9,1.3,1,21.0,High,0.57614326
2025-09-19,Ward F/N,King's Circle,19.0272,72.8559,Wadala Nalla,10.0,"recreation_ground, residential, mixed_use",530000,22.41,7,Urban,90.0,425.8,0.0,3.3,0,6.0,High,0.49786738
2025-09-20,Ward F/N,King's Circle,19.0272,72.8559,Wadala Nalla,10.0,"recreation_ground, residential, mixed_use",530000,22.41,7,Urban,90.0,425.8,22.4,0.9333333333333332,1,24.0,High,0.4662361
2025-09-21,Ward F/N,King's Circle,19.0272,72.8559,Wadala Nalla,10.0,"recreation_ground, residential, mixed_use",530000,22.41,7,Urban,90.0,425.8,23.7,0.9875,1,24.0,High,0.4662361
2025-09-22,Ward F/N,King's Circle,19.0272,72.8559,Wadala Nalla,10.0,"recreation_ground, residential, mixed_use",530000,22.41,7,Urban,90.0,425.8,43.5,1.8125,1,24.0,High,0.49436915
2025-09-23,Ward F/N,King's Circle,19.0272,72.8559,Wadala Nalla,10.0,"recreation_ground, residential, mixed_use",530000,22.41,7,Urban,90.0,425.8,29.8,1.3545454545454545,1,22.0,High,0.47498176
2025-09-24,Ward F/N,King's Circle,19.0272,72.8559,Wadala Nalla,10.0,"recreation_ground, residential, mixed_use",530000,22.41,7,Urban,90.0,425.8,3.3,0.1571428571428571,1,21.0,High,0.4341624
2025-09-25,Ward F/N,King's Circle,19.0272,72.8559,Wadala Nalla,10.0,"recreation_ground, residential, mixed_use",530000,22.41,7,Urban,90.0,425.8,1.8,0.15,1,12.0,High,0.4341624
2025-09-26,Ward F/N,King's Circle,19.0272,72.8559,Wadala Nalla,10.0,"recreation_ground, residential, mixed_use",530000,22.41,7,Urban,90.0,425.8,3.6,0.2,1,18.0,High,0.4341624
2025-09-13,Ward P/N,Kurar Village,19.1903,72.8605,Tulsi Lake,27.0,"transport, commercial, mixed_use",900000,3.32,16,Clayey,90.0,271.29,10.6,2.2,1,16.0,High,0.64723694
2025-09-14,Ward P/N,Kurar Village,19.1903,72.8605,Tulsi Lake,27.0,"transport, commercial, mixed_use",900000,3.32,16,Clayey,90.0,271.29,12.1,2.6,1,21.0,High,0.64723694
2025-09-15,Ward P/N,Kurar Village,19.1903,72.8605,Tulsi Lake,27.0,"transport, commercial, mixed_use",900000,3.32,16,Clayey,90.0,271.29,29.1,5.0,1,17.0,High,0.6017331
2025-09-16,Ward P/N,Kurar Village,19.1903,72.8605,Tulsi Lake,27.0,"transport, commercial, mixed_use",900000,3.32,16,Clayey,90.0,271.29,6.6,2.4,1,20.0,High,0.63160986
2025-09-17,Ward P/N,Kurar Village,19.1903,72.8605,Tulsi Lake,27.0,"transport, commercial, mixed_use",900000,3.32,16,Clayey,90.0,271.29,27.8,19.8,1,23.0,High,0.6017331
2025-09-18,Ward P/N,Kurar Village,19.1903,72.8605,Tulsi Lake,27.0,"transport, commercial, mixed_use",900000,3.32,16,Clayey,90.0,271.29,14.8,3.1,1,22.0,High,0.64723694
2025-09-19,Ward P/N,Kurar Village,19.1903,72.8605,Tulsi Lake,27.0,"transport, commercial, mixed_use",900000,3.32,16,Clayey,90.0,271.29,0.0,0.1,0,2.0,Moderate,0.5193811
2025-09-20,Ward P/N,Kurar Village,19.1903,72.8605,Tulsi Lake,27.0,"transport, commercial, mixed_use",900000,3.32,16,Clayey,90.0,271.29,22.1,0.9208333333333334,1,24.0,High,0.38084364
2025-09-21,Ward P/N,Kurar Village,19.1903,72.8605,Tulsi Lake,27.0,"transport, commercial, mixed_use",900000,3.32,16,Clayey,90.0,271.29,24.3,1.0125,1,24.0,High,0.38084364
2025-09-22,Ward P/N,Kurar Village,19.1903,72.8605,Tulsi Lake,27.0,"transport, commercial, mixed_use",900000,3.32,16,Clayey,90.0,271.29,52.2,2.1750000000000003,1,24.0,High,0.6222841
2025-09-23,Ward P/N,Kurar Village,19.1903,72.8605,Tulsi Lake,27.0,"transport, commercial, mixed_use",900000,3.32,16,Clayey,90.0,271.29,31.9,1.3291666666666666,1,24.0,High,0.3989175
2025-09-24,Ward P/N,Kurar Village,19.1903,72.8605,Tulsi Lake,27.0,"transport, commercial, mixed_use",900000,3.32,16,Clayey,90.0,271.29,1.5,0.1,1,15.0,High,0.42325762
2025-09-25,Ward P/N,Kurar Village,19.1903,72.8605,Tulsi Lake,27.0,"transport, commercial, mixed_use",900000,3.32,16,Clayey,90.0,271.29,1.8,0.2,1,9.0,High,0.42325762
2025-09-26,Ward P/N,Kurar Village,19.1903,72.8605,Tulsi Lake,27.0,"transport, commercial, mixed_use",900000,3.32,16,Clayey,90.0,271.29,3.0,0.2,1,15.0,High,0.42325762
2025-09-13,Ward S,LBS Marg near Bhandup Station,19.1413,72.9341,Powai Lake,7.0,"transport, residential, mixed_use",780000,21.99,8,Sandy,90.0,154.37,9.5,2.4,1,17.0,High,0.6861977
2025-09-14,Ward S,LBS Marg near Bhandup Station,19.1413,72.9341,Powai Lake,7.0,"transport, residential, mixed_use",780000,21.99,8,Sandy,90.0,154.37,11.9,2.8,1,22.0,High,0.6861977
2025-09-15,Ward S,LBS Marg near Bhandup Station,19.1413,72.9341,Powai Lake,7.0,"transport, residential, mixed_use",780000,21.99,8,Sandy,90.0,154.37,29.4,5.5,1,17.0,High,0.68431824
2025-09-16,Ward S,LBS Marg near Bhandup Station,19.1413,72.9341,Powai Lake,7.0,"transport, residential, mixed_use",780000,21.99,8,Sandy,90.0,154.37,12.9,4.6,1,21.0,High,0.6861977
2025-09-17,Ward S,LBS Marg near Bhandup Station,19.1413,72.9341,Powai Lake,7.0,"transport, residential, mixed_use",780000,21.99,8,Sandy,90.0,154.37,32.2,14.0,1,22.0,High,0.68457496
2025-09-18,Ward S,LBS Marg near Bhandup Station,19.1413,72.9341,Powai Lake,7.0,"transport, residential, mixed_use",780000,21.99,8,Sandy,90.0,154.37,12.5,2.0,1,20.0,High,0.64888847
2025-09-19,Ward S,LBS Marg near Bhandup Station,19.1413,72.9341,Powai Lake,7.0,"transport, residential, mixed_use",780000,21.99,8,Sandy,90.0,154.37,0.0,0.1,0,1.0,Moderate,0.444843
2025-09-20,Ward S,LBS Marg near Bhandup Station,19.1413,72.9341,Powai Lake,7.0,"transport, residential, mixed_use",780000,21.99,8,Sandy,90.0,154.37,22.4,0.9333333333333332,1,24.0,High,0.637222
2025-09-21,Ward S,LBS Marg near Bhandup Station,19.1413,72.9341,Powai Lake,7.0,"transport, residential, mixed_use",780000,21.99,8,Sandy,90.0,154.37,23.7,0.9875,1,24.0,High,0.637222
2025-09-22,Ward S,LBS Marg near Bhandup Station,19.1413,72.9341,Powai Lake,7.0,"transport, residential, mixed_use",780000,21.99,8,Sandy,90.0,154.37,43.5,1.8125,1,24.0,High,0.6338076
2025-09-23,Ward S,LBS Marg near Bhandup Station,19.1413,72.9341,Powai Lake,7.0,"transport, residential, mixed_use",780000,21.99,8,Sandy,90.0,154.37,29.8,1.3545454545454545,1,22.0,High,0.63801545
2025-09-24,Ward S,LBS Marg near Bhandup Station,19.1413,72.9341,Powai Lake,7.0,"transport, residential, mixed_use",780000,21.99,8,Sandy,90.0,154.37,3.3,0.1571428571428571,1,21.0,High,0.4779305
2025-09-25,Ward S,LBS Marg near Bhandup Station,19.1413,72.9341,Powai Lake,7.0,"transport, residential, mixed_use",780000,21.99,8,Sandy,90.0,154.37,1.8,0.15,1,12.0,High,0.4779305
2025-09-26,Ward S,LBS Marg near Bhandup Station,19.1413,72.9341,Powai Lake,7.0,"transport, residential, mixed_use",780000,21.99,8,Sandy,90.0,154.37,3.6,0.2,1,18.0,High,0.4779305
2025-09-13,Ward L,LBS Road near Phoenix Marketcity,19.0888,72.8861,Kurla Nalla,9.0,"transport, residential, mixed_use",690000,11.52,40,Urban,90.0,10.34,12.7,3.5,1,17.0,High,0.71075326
2025-09-14,Ward L,LBS Road near Phoenix Marketcity,19.0888,72.8861,Kurla Nalla,9.0,"transport, residential, mixed_use",690000,11.52,40,Urban,90.0,10.34,12.2,2.8,1,22.0,High,0.71075326
2025-09-15,Ward L,LBS Road near Phoenix Marketcity,19.0888,72.8861,Kurla Nalla,9.0,"transport, residential, mixed_use",690000,11.52,40,Urban,90.0,10.34,65.5,10.6,1,18.0,High,0.71812725
2025-09-16,Ward L,LBS Road near Phoenix Marketcity,19.0888,72.8861,Kurla Nalla,9.0,"transport, residential, mixed_use",690000,11.52,40,Urban,90.0,10.34,5.2,0.9,1,23.0,High,0.6299618
2025-09-17,Ward L,LBS Road near Phoenix Marketcity,19.0888,72.8861,Kurla Nalla,9.0,"transport, residential, mixed_use",690000,11.52,40,Urban,90.0,10.34,25.7,14.8,1,21.0,High,0.7079451
2025-09-18,Ward L,LBS Road near Phoenix Marketcity,19.0888,72.8861,Kurla Nalla,9.0,"transport, residential, mixed_use",690000,11.52,40,Urban,90.0,10.34,10.4,1.9,1,21.0,High,0.6681079
2025-09-19,Ward L,LBS Road near Phoenix Marketcity,19.0888,72.8861,Kurla Nalla,9.0,"transport, residential, mixed_use",690000,11.52,40,Urban,90.0,10.34,0.0,0.7,0,3.0,High,0.52299076
2025-09-20,Ward L,LBS Road near Phoenix Marketcity,19.0888,72.8861,Kurla Nalla,9.0,"transport, residential, mixed_use",690000,11.52,40,Urban,90.0,10.34,22.4,0.9333333333333332,1,24.0,High,0.6514818
2025-09-21,Ward L,LBS Road near Phoenix Marketcity,19.0888,72.8861,Kurla Nalla,9.0,"transport, residential, mixed_use",690000,11.52,40,Urban,90.0,10.34,23.7,0.9875,1,24.0,High,0.6514818
2025-09-22,Ward L,LBS Road near Phoenix Marketcity,19.0888,72.8861,Kurla Nalla,9.0,"transport, residential, mixed_use",690000,11.52,40,Urban,90.0,10.34,43.5,1.8125,1,24.0,High,0.6479782
2025-09-23,Ward L,LBS Road near Phoenix Marketcity,19.0888,72.8861,Kurla Nalla,9.0,"transport, residential, mixed_use",690000,11.52,40,Urban,90.0,10.34,29.8,1.3545454545454545,1,22.0,High,0.65218216
2025-09-24,Ward L,LBS Road near Phoenix Marketcity,19.0888,72.8861,Kurla Nalla,9.0,"transport, residential, mixed_use",690000,11.52,40,Urban,90.0,10.34,3.3,0.1571428571428571,1,21.0,High,0.53568375
2025-09-25,Ward L,LBS Road near Phoenix Marketcity,19.0888,72.8861,Kurla Nalla,9.0,"transport, residential, mixed_use",690000,11.52,40,Urban,90.0,10.34,1.8,0.15,1,12.0,High,0.53568375
2025-09-26,Ward L,LBS Road near Phoenix Marketcity,19.0888,72.8861,Kurla Nalla,9.0,"transport, residential, mixed_use",690000,11.52,40,Urban,90.0,10.34,3.6,0.2,1,18.0,High,0.53568375
2025-09-13,Ward G/N,LJ Road Junction,19.0372,72.8401,Mahim Creek,1.0,"commercial, industrial, residential",520000,17.47,7,Urban,90.0,1066.52,12.4,2.1,1,18.0,High,0.7114066
2025-09-14,Ward G/N,LJ Road Junction,19.0372,72.8401,Mahim Creek,1.0,"commercial, industrial, residential",520000,17.47,7,Urban,90.0,1066.52,16.3,3.6,1,24.0,High,0.7090565
2025-09-15,Ward G/N,LJ Road Junction,19.0372,72.8401,Mahim Creek,1.0,"commercial, industrial, residential",520000,17.47,7,Urban,90.0,1066.52,72.3,13.2,1,18.0,High,0.7210838
2025-09-16,Ward G/N,LJ Road Junction,19.0372,72.8401,Mahim Creek,1.0,"commercial, industrial, residential",520000,17.47,7,Urban,90.0,1066.52,7.8,0.9,1,22.0,High,0.68140143
2025-09-17,Ward G/N,LJ Road Junction,19.0372,72.8401,Mahim Creek,1.0,"commercial, industrial, residential",520000,17.47,7,Urban,90.0,1066.52,15.2,4.5,1,22.0,High,0.7114066
2025-09-18,Ward G/N,LJ Road Junction,19.0372,72.8401,Mahim Creek,1.0,"commercial, industrial, residential",520000,17.47,7,Urban,90.0,1066.52,9.9,1.3,1,21.0,High,0.68140143
2025-09-19,Ward G/N,LJ Road Junction,19.0372,72.8401,Mahim Creek,1.0,"commercial, industrial, residential",520000,17.47,7,Urban,90.0,1066.52,0.0,3.3,0,6.0,High,0.5727614
2025-09-20,Ward G/N,LJ Road Junction,19.0372,72.8401,Mahim Creek,1.0,"commercial, industrial, residential",520000,17.47,7,Urban,90.0,1066.52,22.4,0.9333333333333332,1,24.0,High,0.67008144
2025-09-21,Ward G/N,LJ Road Junction,19.0372,72.8401,Mahim Creek,1.0,"commercial, industrial, residential",520000,17.47,7,Urban,90.0,1066.52,23.7,0.9875,1,24.0,High,0.67008144
2025-09-22,Ward G/N,LJ Road Junction,19.0372,72.8401,Mahim Creek,1.0,"commercial, industrial, residential",520000,17.47,7,Urban,90.0,1066.52,43.5,1.8125,1,24.0,High,0.666682
2025-09-23,Ward G/N,LJ Road Junction,19.0372,72.8401,Mahim Creek,1.0,"commercial, industrial, residential",520000,17.47,7,Urban,90.0,1066.52,29.8,1.3545454545454545,1,22.0,High,0.67077017
2025-09-24,Ward G/N,LJ Road Junction,19.0372,72.8401,Mahim Creek,1.0,"commercial, industrial, residential",520000,17.47,7,Urban,90.0,1066.52,3.3,0.1571428571428571,1,21.0,High,0.5216065
2025-09-25,Ward G/N,LJ Road Junction,19.0372,72.8401,Mahim Creek,1.0,"commercial, industrial, residential",520000,17.47,7,Urban,90.0,1066.52,1.8,0.15,1,12.0,High,0.5216065
2025-09-26,Ward G/N,LJ Road Junction,19.0372,72.8401,Mahim Creek,1.0,"commercial, industrial, residential",520000,17.47,7,Urban,90.0,1066.52,3.6,0.2,1,18.0,High,0.5216065
2025-09-13,Ward G/N,Lady Jamshedji Road,19.0299,72.8393,Mahim Creek,3.0,"transport, residential",430000,24.05,16,Urban,70.0,893.09,12.4,2.1,1,18.0,High,0.7083875
2025-09-14,Ward G/N,Lady Jamshedji Road,19.0299,72.8393,Mahim Creek,3.0,"transport, residential",430000,24.05,16,Urban,70.0,893.09,16.3,3.6,1,24.0,High,0.7075462
2025-09-15,Ward G/N,Lady Jamshedji Road,19.0299,72.8393,Mahim Creek,3.0,"transport, residential",430000,24.05,16,Urban,70.0,893.09,72.3,13.2,1,18.0,High,0.7189084
2025-09-16,Ward G/N,Lady Jamshedji Road,19.0299,72.8393,Mahim Creek,3.0,"transport, residential",430000,24.05,16,Urban,70.0,893.09,7.8,0.9,1,22.0,High,0.6801986
2025-09-17,Ward G/N,Lady Jamshedji Road,19.0299,72.8393,Mahim Creek,3.0,"transport, residential",430000,24.05,16,Urban,70.0,893.09,15.2,4.5,1,22.0,High,0.7083875
2025-09-18,Ward G/N,Lady Jamshedji Road,19.0299,72.8393,Mahim Creek,3.0,"transport, residential",430000,24.05,16,Urban,70.0,893.09,9.9,1.3,1,21.0,High,0.6801986
2025-09-19,Ward G/N,Lady Jamshedji Road,19.0299,72.8393,Mahim Creek,3.0,"transport, residential",430000,24.05,16,Urban,70.0,893.09,0.0,3.3,0,6.0,High,0.5812365
2025-09-20,Ward G/N,Lady Jamshedji Road,19.0299,72.8393,Mahim Creek,3.0,"transport, residential",430000,24.05,16,Urban,70.0,893.09,22.4,0.9333333333333332,1,24.0,High,0.6732776
2025-09-21,Ward G/N,Lady Jamshedji Road,19.0299,72.8393,Mahim Creek,3.0,"transport, residential",430000,24.05,16,Urban,70.0,893.09,23.7,0.9875,1,24.0,High,0.6732776
2025-09-22,Ward G/N,Lady Jamshedji Road,19.0299,72.8393,Mahim Creek,3.0,"transport, residential",430000,24.05,16,Urban,70.0,893.09,43.5,1.8125,1,24.0,High,0.669828
2025-09-23,Ward G/N,Lady Jamshedji Road,19.0299,72.8393,Mahim Creek,3.0,"transport, residential",430000,24.05,16,Urban,70.0,893.09,29.8,1.3545454545454545,1,22.0,High,0.67392755
2025-09-24,Ward G/N,Lady Jamshedji Road,19.0299,72.8393,Mahim Creek,3.0,"transport, residential",430000,24.05,16,Urban,70.0,893.09,3.3,0.1571428571428571,1,21.0,High,0.5385322
2025-09-25,Ward G/N,Lady Jamshedji Road,19.0299,72.8393,Mahim Creek,3.0,"transport, residential",430000,24.05,16,Urban,70.0,893.09,1.8,0.15,1,12.0,High,0.5385322
2025-09-26,Ward G/N,Lady Jamshedji Road,19.0299,72.8393,Mahim Creek,3.0,"transport, residential",430000,24.05,16,Urban,70.0,893.09,3.6,0.2,1,18.0,High,0.5385322
2025-09-13,Ward H/W,Linking Road near National College,19.0543,72.8301,Mahim Creek,8.0,"commercial, retail, mixed_use",410000,23.44,7,Urban,90.0,569.19,12.7,3.5,1,17.0,High,0.70600146
2025-09-14,Ward H/W,Linking Road near National College,19.0543,72.8301,Mahim Creek,8.0,"commercial, retail, mixed_use",410000,23.44,7,Urban,90.0,569.19,12.2,2.8,1,22.0,High,0.70600146
2025-09-15,Ward H/W,Linking Road near National College,19.0543,72.8301,Mahim Creek,8.0,"commercial, retail, mixed_use",410000,23.44,7,Urban,90.0,569.19,65.5,10.6,1,18.0,High,0.71578777
2025-09-16,Ward H/W,Linking Road near National College,19.0543,72.8301,Mahim Creek,8.0,"commercial, retail, mixed_use",410000,23.44,7,Urban,90.0,569.19,5.2,0.9,1,23.0,High,0.61940414
2025-09-17,Ward H/W,Linking Road near National College,19.0543,72.8301,Mahim Creek,8.0,"commercial, retail, mixed_use",410000,23.44,7,Urban,90.0,569.19,25.7,14.8,1,21.0,High,0.70252395
2025-09-18,Ward H/W,Linking Road near National College,19.0543,72.8301,Mahim Creek,8.0,"commercial, retail, mixed_use",410000,23.44,7,Urban,90.0,569.19,10.4,1.9,1,21.0,High,0.67322916
2025-09-19,Ward H/W,Linking Road near National College,19.0543,72.8301,Mahim Creek,8.0,"commercial, retail, mixed_use",410000,23.44,7,Urban,90.0,569.19,0.0,0.7,0,3.0,High,0.49666905
2025-09-20,Ward H/W,Linking Road near National College,19.0543,72.8301,Mahim Creek,8.0,"commercial, retail, mixed_use",410000,23.44,7,Urban,90.0,569.19,22.4,0.9333333333333332,1,24.0,High,0.66150683
2025-09-21,Ward H/W,Linking Road near National College,19.0543,72.8301,Mahim Creek,8.0,"commercial, retail, mixed_use",410000,23.44,7,Urban,90.0,569.19,23.7,0.9875,1,24.0,High,0.66150683
2025-09-22,Ward H/W,Linking Road near National College,19.0543,72.8301,Mahim Creek,8.0,"commercial, retail, mixed_use",410000,23.44,7,Urban,90.0,569.19,43.5,1.8125,1,24.0,High,0.65809345
2025-09-23,Ward H/W,Linking Road near National College,19.0543,72.8301,Mahim Creek,8.0,"commercial, retail, mixed_use",410000,23.44,7,Urban,90.0,569.19,29.8,1.3545454545454545,1,22.0,High,0.66221994
2025-09-24,Ward H/W,Linking Road near National College,19.0543,72.8301,Mahim Creek,8.0,"commercial, retail, mixed_use",410000,23.44,7,Urban,90.0,569.19,3.3,0.1571428571428571,1,21.0,High,0.51310045
2025-09-25,Ward H/W,Linking Road near National College,19.0543,72.8301,Mahim Creek,8.0,"commercial, retail, mixed_use",410000,23.44,7,Urban,90.0,569.19,1.8,0.15,1,12.0,High,0.51310045
2025-09-26,Ward H/W,Linking Road near National College,19.0543,72.8301,Mahim Creek,8.0,"commercial, retail, mixed_use",410000,23.44,7,Urban,90.0,569.19,3.6,0.2,1,18.0,High,0.51310045
2025-09-13,Ward T,Lok Rachana Society,19.1748,72.9426,Tulsi Lake,8.0,"residential, institutional",640000,27.19,13,Sandy,70.0,146.32,9.5,2.4,1,17.0,High,0.7083816
2025-09-14,Ward T,Lok Rachana Society,19.1748,72.9426,Tulsi Lake,8.0,"residential, institutional",640000,27.19,13,Sandy,70.0,146.32,11.9,2.8,1,22.0,High,0.7083816
2025-09-15,Ward T,Lok Rachana Society,19.1748,72.9426,Tulsi Lake,8.0,"residential, institutional",640000,27.19,13,Sandy,70.0,146.32,29.4,5.5,1,17.0,High,0.70452005
2025-09-16,Ward T,Lok Rachana Society,19.1748,72.9426,Tulsi Lake,8.0,"residential, institutional",640000,27.19,13,Sandy,70.0,146.32,12.9,4.6,1,21.0,High,0.7083816
2025-09-17,Ward T,Lok Rachana Society,19.1748,72.9426,Tulsi Lake,8.0,"residential, institutional",640000,27.19,13,Sandy,70.0,146.32,32.2,14.0,1,22.0,High,0.7047487
2025-09-18,Ward T,Lok Rachana Society,19.1748,72.9426,Tulsi Lake,8.0,"residential, institutional",640000,27.19,13,Sandy,70.0,146.32,12.5,2.0,1,20.0,High,0.67564297
2025-09-19,Ward T,Lok Rachana Society,19.1748,72.9426,Tulsi Lake,8.0,"residential, institutional",640000,27.19,13,Sandy,70.0,146.32,0.0,0.1,0,1.0,Moderate,0.3957336
2025-09-20,Ward T,Lok Rachana Society,19.1748,72.9426,Tulsi Lake,8.0,"residential, institutional",640000,27.19,13,Sandy,70.0,146.32,17.6,0.7333333333333334,1,24.0,High,0.65984553
2025-09-21,Ward T,Lok Rachana Society,19.1748,72.9426,Tulsi Lake,8.0,"residential, institutional",640000,27.19,13,Sandy,70.0,146.32,15.6,0.6782608695652174,1,23.0,High,0.6755621
2025-09-22,Ward T,Lok Rachana Society,19.1748,72.9426,Tulsi Lake,8.0,"residential, institutional",640000,27.19,13,Sandy,70.0,146.32,28.1,1.1708333333333334,1,24.0,High,0.65984553
2025-09-23,Ward T,Lok Rachana Society,19.1748,72.9426,Tulsi Lake,8.0,"residential, institutional",640000,27.19,13,Sandy,70.0,146.32,33.2,1.5090909090909093,1,22.0,High,0.6608589
2025-09-24,Ward T,Lok Rachana Society,19.1748,72.9426,Tulsi Lake,8.0,"residential, institutional",640000,27.19,13,Sandy,70.0,146.32,1.5,0.1666666666666666,1,9.0,High,0.5140501
2025-09-25,Ward T,Lok Rachana Society,19.1748,72.9426,Tulsi Lake,8.0,"residential, institutional",640000,27.19,13,Sandy,70.0,146.32,0.0,0.0,0,0.0,Moderate,0.424618
2025-09-26,Ward T,Lok Rachana Society,19.1748,72.9426,Tulsi Lake,8.0,"residential, institutional",640000,27.19,13,Sandy,70.0,146.32,1.5,0.1666666666666666,1,9.0,High,0.5140501
2025-09-13,Ward P/S,MG Road,19.1598,72.8445,Goregaon Nalla,13.0,"residential, slum, mixed_use",820000,39.72,11,Urban,90.0,493.17,10.6,2.2,1,16.0,High,0.6389726
2025-09-14,Ward P/S,MG Road,19.1598,72.8445,Goregaon Nalla,13.0,"residential, slum, mixed_use",820000,39.72,11,Urban,90.0,493.17,12.1,2.6,1,21.0,High,0.6389726
2025-09-15,Ward P/S,MG Road,19.1598,72.8445,Goregaon Nalla,13.0,"residential, slum, mixed_use",820000,39.72,11,Urban,90.0,493.17,29.1,5.0,1,17.0,High,0.5922146
2025-09-16,Ward P/S,MG Road,19.1598,72.8445,Goregaon Nalla,13.0,"residential, slum, mixed_use",820000,39.72,11,Urban,90.0,493.17,6.6,2.4,1,20.0,High,0.6230873
2025-09-17,Ward P/S,MG Road,19.1598,72.8445,Goregaon Nalla,13.0,"residential, slum, mixed_use",820000,39.72,11,Urban,90.0,493.17,27.8,19.8,1,23.0,High,0.5922146
2025-09-18,Ward P/S,MG Road,19.1598,72.8445,Goregaon Nalla,13.0,"residential, slum, mixed_use",820000,39.72,11,Urban,90.0,493.17,14.8,3.1,1,22.0,High,0.6389726
2025-09-19,Ward P/S,MG Road,19.1598,72.8445,Goregaon Nalla,13.0,"residential, slum, mixed_use",820000,39.72,11,Urban,90.0,493.17,0.0,0.1,0,2.0,Moderate,0.5611855
2025-09-20,Ward P/S,MG Road,19.1598,72.8445,Goregaon Nalla,13.0,"residential, slum, mixed_use",820000,39.72,11,Urban,90.0,493.17,22.4,0.9333333333333332,1,24.0,Moderate,0.4164355
2025-09-21,Ward P/S,MG Road,19.1598,72.8445,Goregaon Nalla,13.0,"residential, slum, mixed_use",820000,39.72,11,Urban,90.0,493.17,23.7,0.9875,1,24.0,Moderate,0.4164355
2025-09-22,Ward P/S,MG Road,19.1598,72.8445,Goregaon Nalla,13.0,"residential, slum, mixed_use",820000,39.72,11,Urban,90.0,493.17,43.5,1.8125,1,24.0,High,0.38315946
2025-09-23,Ward P/S,MG Road,19.1598,72.8445,Goregaon Nalla,13.0,"residential, slum, mixed_use",820000,39.72,11,Urban,90.0,493.17,29.8,1.3545454545454545,1,22.0,Moderate,0.3991289
2025-09-24,Ward P/S,MG Road,19.1598,72.8445,Goregaon Nalla,13.0,"residential, slum, mixed_use",820000,39.72,11,Urban,90.0,493.17,3.3,0.1571428571428571,1,21.0,High,0.39885867
2025-09-25,Ward P/S,MG Road,19.1598,72.8445,Goregaon Nalla,13.0,"residential, slum, mixed_use",820000,39.72,11,Urban,90.0,493.17,1.8,0.15,1,12.0,High,0.39885867
2025-09-26,Ward P/S,MG Road,19.1598,72.8445,Goregaon Nalla,13.0,"residential, slum, mixed_use",820000,39.72,11,Urban,90.0,493.17,3.6,0.2,1,18.0,High,0.39885867
2025-09-13,Ward E,Madanpura,18.970585,72.826843,Mahalaxmi Nallah/Arabian Sea,6.631398762,commercial,420000,3.579240831,4430,Clay,54.4523037,2609.0,11.8,3.3,1,14.0,High,0.66858
2025-09-14,Ward E,Madanpura,18.970585,72.826843,Mahalaxmi Nallah/Arabian Sea,6.631398762,commercial,420000,3.579240831,4430,Clay,54.4523037,2609.0,15.1,2.9,1,19.0,High,0.66858
2025-09-15,Ward E,Madanpura,18.970585,72.826843,Mahalaxmi Nallah/Arabian Sea,6.631398762,commercial,420000,3.579240831,4430,Clay,54.4523037,2609.0,82.8,12.7,1,19.0,High,0.6695929
2025-09-16,Ward E,Madanpura,18.970585,72.826843,Mahalaxmi Nallah/Arabian Sea,6.631398762,commercial,420000,3.579240831,4430,Clay,54.4523037,2609.0,10.6,1.3,1,20.0,High,0.6496469
2025-09-17,Ward E,Madanpura,18.970585,72.826843,Mahalaxmi Nallah/Arabian Sea,6.631398762,commercial,420000,3.579240831,4430,Clay,54.4523037,2609.0,10.4,1.6,1,21.0,High,0.6496469
2025-09-18,Ward E,Madanpura,18.970585,72.826843,Mahalaxmi Nallah/Arabian Sea,6.631398762,commercial,420000,3.579240831,4430,Clay,54.4523037,2609.0,18.7,3.3,1,21.0,High,0.65973717
2025-09-19,Ward E,Madanpura,18.970585,72.826843,Mahalaxmi Nallah/Arabian Sea,6.631398762,commercial,420000,3.579240831,4430,Clay,54.4523037,2609.0,0.0,3.3,0,6.0,High,0.52461755
2025-09-20,Ward E,Madanpura,18.970585,72.826843,Mahalaxmi Nallah/Arabian Sea,6.631398762,commercial,420000,3.579240831,4430,Clay,54.4523037,2609.0,22.4,0.9333333333333332,1,24.0,High,0.638391
2025-09-21,Ward E,Madanpura,18.970585,72.826843,Mahalaxmi Nallah/Arabian Sea,6.631398762,commercial,420000,3.579240831,4430,Clay,54.4523037,2609.0,23.7,0.9875,1,24.0,High,0.638391
2025-09-22,Ward E,Madanpura,18.970585,72.826843,Mahalaxmi Nallah/Arabian Sea,6.631398762,commercial,420000,3.579240831,4430,Clay,54.4523037,2609.0,43.5,1.8125,1,24.0,High,0.6372759
2025-09-23,Ward E,Madanpura,18.970585,72.826843,Mahalaxmi Nallah/Arabian Sea,6.631398762,commercial,420000,3.579240831,4430,Clay,54.4523037,2609.0,29.8,1.3545454545454545,1,22.0,High,0.63669217
2025-09-24,Ward E,Madanpura,18.970585,72.826843,Mahalaxmi Nallah/Arabian Sea,6.631398762,commercial,420000,3.579240831,4430,Clay,54.4523037,2609.0,3.3,0.1571428571428571,1,21.0,High,0.5222167
2025-09-25,Ward E,Madanpura,18.970585,72.826843,Mahalaxmi Nallah/Arabian Sea,6.631398762,commercial,420000,3.579240831,4430,Clay,54.4523037,2609.0,1.8,0.15,1,12.0,High,0.5222167
2025-09-26,Ward E,Madanpura,18.970585,72.826843,Mahalaxmi Nallah/Arabian Sea,6.631398762,commercial,420000,3.579240831,4430,Clay,54.4523037,2609.0,3.6,0.2,1,18.0,High,0.5222167
2025-09-13,Ward R/S,Mahavir Nagar junction,19.206,72.83,Poinsur River,14.0,"transport, commercial, mixed_use",610000,4.37,7,Urban,90.0,1223.88,8.5,2.4,1,14.0,High,0.65033865
2025-09-14,Ward R/S,Mahavir Nagar junction,19.206,72.83,Poinsur River,14.0,"transport, commercial, mixed_use",610000,4.37,7,Urban,90.0,1223.88,8.0,1.3,1,22.0,High,0.50305706
2025-09-15,Ward R/S,Mahavir Nagar junction,19.206,72.83,Poinsur River,14.0,"transport, commercial, mixed_use",610000,4.37,7,Urban,90.0,1223.88,17.3,4.3,1,20.0,High,0.6041407
2025-09-16,Ward R/S,Mahavir Nagar junction,19.206,72.83,Poinsur River,14.0,"transport, commercial, mixed_use",610000,4.37,7,Urban,90.0,1223.88,10.0,2.4,1,22.0,High,0.65033865
2025-09-17,Ward R/S,Mahavir Nagar junction,19.206,72.83,Poinsur River,14.0,"transport, commercial, mixed_use",610000,4.37,7,Urban,90.0,1223.88,17.9,12.7,1,18.0,High,0.6041407
2025-09-18,Ward R/S,Mahavir Nagar junction,19.206,72.83,Poinsur River,14.0,"transport, commercial, mixed_use",610000,4.37,7,Urban,90.0,1223.88,15.8,4.6,1,21.0,High,0.65033865
2025-09-19,Ward R/S,Mahavir Nagar junction,19.206,72.83,Poinsur River,14.0,"transport, commercial, mixed_use",610000,4.37,7,Urban,90.0,1223.88,0.0,0.3,0,5.0,Moderate,0.48075783
2025-09-20,Ward R/S,Mahavir Nagar junction,19.206,72.83,Poinsur River,14.0,"transport, commercial, mixed_use",610000,4.37,7,Urban,90.0,1223.88,22.1,0.9208333333333334,1,24.0,Moderate,0.40920055
2025-09-21,Ward R/S,Mahavir Nagar junction,19.206,72.83,Poinsur River,14.0,"transport, commercial, mixed_use",610000,4.37,7,Urban,90.0,1223.88,24.3,1.0125,1,24.0,Moderate,0.40920055
2025-09-22,Ward R/S,Mahavir Nagar junction,19.206,72.83,Poinsur River,14.0,"transport, commercial, mixed_use",610000,4.37,7,Urban,90.0,1223.88,52.2,2.1750000000000003,1,24.0,High,0.6284471
2025-09-23,Ward R/S,Mahavir Nagar junction,19.206,72.83,Poinsur River,14.0,"transport, commercial, mixed_use",610000,4.37,7,Urban,90.0,1223.88,31.9,1.3291666666666666,1,24.0,High,0.37820458
2025-09-24,Ward R/S,Mahavir Nagar junction,19.206,72.83,Poinsur River,14.0,"transport, commercial, mixed_use",610000,4.37,7,Urban,90.0,1223.88,1.5,0.1,1,15.0,High,0.39684734
2025-09-25,Ward R/S,Mahavir Nagar junction,19.206,72.83,Poinsur River,14.0,"transport, commercial, mixed_use",610000,4.37,7,Urban,90.0,1223.88,1.8,0.2,1,9.0,High,0.39684734
2025-09-26,Ward R/S,Mahavir Nagar junction,19.206,72.83,Poinsur River,14.0,"transport, commercial, mixed_use",610000,4.37,7,Urban,90.0,1223.88,3.0,0.2,1,15.0,High,0.39684734
2025-09-13,Ward G/N,Mahim,19.0423145,72.8398344,Mahim Creek,7.537038075,park,430000,2.435036502,3988,Sand,50.80712462,2311.0,12.4,2.1,1,18.0,High,0.69030017
2025-09-14,Ward G/N,Mahim,19.0423145,72.8398344,Mahim Creek,7.537038075,park,430000,2.435036502,3988,Sand,50.80712462,2311.0,16.3,3.6,1,24.0,High,0.68803424
2025-09-15,Ward G/N,Mahim,19.0423145,72.8398344,Mahim Creek,7.537038075,park,430000,2.435036502,3988,Sand,50.80712462,2311.0,72.3,13.2,1,18.0,High,0.695147
2025-09-16,Ward G/N,Mahim,19.0423145,72.8398344,Mahim Creek,7.537038075,park,430000,2.435036502,3988,Sand,50.80712462,2311.0,7.8,0.9,1,22.0,High,0.6630894
2025-09-17,Ward G/N,Mahim,19.0423145,72.8398344,Mahim Creek,7.537038075,park,430000,2.435036502,3988,Sand,50.80712462,2311.0,15.2,4.5,1,22.0,High,0.69030017
2025-09-18,Ward G/N,Mahim,19.0423145,72.8398344,Mahim Creek,7.537038075,park,430000,2.435036502,3988,Sand,50.80712462,2311.0,9.9,1.3,1,21.0,High,0.6630894
2025-09-19,Ward G/N,Mahim,19.0423145,72.8398344,Mahim Creek,7.537038075,park,430000,2.435036502,3988,Sand,50.80712462,2311.0,0.0,3.3,0,6.0,High,0.5694748
2025-09-20,Ward G/N,Mahim,19.0423145,72.8398344,Mahim Creek,7.537038075,park,430000,2.435036502,3988,Sand,50.80712462,2311.0,22.4,0.9333333333333332,1,24.0,High,0.6520341
2025-09-21,Ward G/N,Mahim,19.0423145,72.8398344,Mahim Creek,7.537038075,park,430000,2.435036502,3988,Sand,50.80712462,2311.0,23.7,0.9875,1,24.0,High,0.6520341
2025-09-22,Ward G/N,Mahim,19.0423145,72.8398344,Mahim Creek,7.537038075,park,430000,2.435036502,3988,Sand,50.80712462,2311.0,43.5,1.8125,1,24.0,High,0.64841545
2025-09-23,Ward G/N,Mahim,19.0423145,72.8398344,Mahim Creek,7.537038075,park,430000,2.435036502,3988,Sand,50.80712462,2311.0,29.8,1.3545454545454545,1,22.0,High,0.6526718
2025-09-24,Ward G/N,Mahim,19.0423145,72.8398344,Mahim Creek,7.537038075,park,430000,2.435036502,3988,Sand,50.80712462,2311.0,3.3,0.1571428571428571,1,21.0,High,0.53685886
2025-09-25,Ward G/N,Mahim,19.0423145,72.8398344,Mahim Creek,7.537038075,park,430000,2.435036502,3988,Sand,50.80712462,2311.0,1.8,0.15,1,12.0,High,0.53685886
2025-09-26,Ward G/N,Mahim,19.0423145,72.8398344,Mahim Creek,7.537038075,park,430000,2.435036502,3988,Sand,50.80712462,2311.0,3.6,0.2,1,18.0,High,0.53685886
2025-09-13,Ward M/W,Mahul Village,19.0054,72.8841,Chembur Nalla,4.0,"transport, mixed_use",580000,23.35,5,Clayey,90.0,152.33,12.4,2.1,1,18.0,High,0.7001333
2025-09-14,Ward M/W,Mahul Village,19.0054,72.8841,Chembur Nalla,4.0,"transport, mixed_use",580000,23.35,5,Clayey,90.0,152.33,16.3,3.6,1,24.0,High,0.6992117
2025-09-15,Ward M/W,Mahul Village,19.0054,72.8841,Chembur Nalla,4.0,"transport, mixed_use",580000,23.35,5,Clayey,90.0,152.33,72.3,13.2,1,18.0,High,0.71389055
2025-09-16,Ward M/W,Mahul Village,19.0054,72.8841,Chembur Nalla,4.0,"transport, mixed_use",580000,23.35,5,Clayey,90.0,152.33,7.8,0.9,1,22.0,High,0.6635962
2025-09-17,Ward M/W,Mahul Village,19.0054,72.8841,Chembur Nalla,4.0,"transport, mixed_use",580000,23.35,5,Clayey,90.0,152.33,15.2,4.5,1,22.0,High,0.7001333
2025-09-18,Ward M/W,Mahul Village,19.0054,72.8841,Chembur Nalla,4.0,"transport, mixed_use",580000,23.35,5,Clayey,90.0,152.33,9.9,1.3,1,21.0,High,0.6635962
2025-09-19,Ward M/W,Mahul Village,19.0054,72.8841,Chembur Nalla,4.0,"transport, mixed_use",580000,23.35,5,Clayey,90.0,152.33,0.0,3.3,0,6.0,High,0.5688118
2025-09-20,Ward M/W,Mahul Village,19.0054,72.8841,Chembur Nalla,4.0,"transport, mixed_use",580000,23.35,5,Clayey,90.0,152.33,22.4,0.9333333333333332,1,24.0,High,0.6562149
2025-09-21,Ward M/W,Mahul Village,19.0054,72.8841,Chembur Nalla,4.0,"transport, mixed_use",580000,23.35,5,Clayey,90.0,152.33,23.7,0.9875,1,24.0,High,0.6562149
2025-09-22,Ward M/W,Mahul Village,19.0054,72.8841,Chembur Nalla,4.0,"transport, mixed_use",580000,23.35,5,Clayey,90.0,152.33,43.5,1.8125,1,24.0,High,0.65284866
2025-09-23,Ward M/W,Mahul Village,19.0054,72.8841,Chembur Nalla,4.0,"transport, mixed_use",580000,23.35,5,Clayey,90.0,152.33,29.8,1.3545454545454545,1,22.0,High,0.65697163
2025-09-24,Ward M/W,Mahul Village,19.0054,72.8841,Chembur Nalla,4.0,"transport, mixed_use",580000,23.35,5,Clayey,90.0,152.33,3.3,0.1571428571428571,1,21.0,High,0.49785584
2025-09-25,Ward M/W,Mahul Village,19.0054,72.8841,Chembur Nalla,4.0,"transport, mixed_use",580000,23.35,5,Clayey,90.0,152.33,1.8,0.15,1,12.0,High,0.49785584
2025-09-26,Ward M/W,Mahul Village,19.0054,72.8841,Chembur Nalla,4.0,"transport, mixed_use",580000,23.35,5,Clayey,90.0,152.33,3.6,0.2,1,18.0,High,0.49785584
2025-09-13,Ward R/C,Mandapeshwar Creek edge,19.2408,72.8173,Kurla Nalla,2.0,"residential, slum, mixed_use",940000,28.38,67,Clayey,90.0,87.58,8.5,2.4,1,14.0,High,0.69154936
2025-09-14,Ward R/C,Mandapeshwar Creek edge,19.2408,72.8173,Kurla Nalla,2.0,"residential, slum, mixed_use",940000,28.38,67,Clayey,90.0,87.58,8.0,1.3,1,22.0,High,0.6686534
2025-09-15,Ward R/C,Mandapeshwar Creek edge,19.2408,72.8173,Kurla Nalla,2.0,"residential, slum, mixed_use",940000,28.38,67,Clayey,90.0,87.58,17.3,4.3,1,20.0,High,0.68256205
2025-09-16,Ward R/C,Mandapeshwar Creek edge,19.2408,72.8173,Kurla Nalla,2.0,"residential, slum, mixed_use",940000,28.38,67,Clayey,90.0,87.58,10.0,2.4,1,22.0,High,0.69154936
2025-09-17,Ward R/C,Mandapeshwar Creek edge,19.2408,72.8173,Kurla Nalla,2.0,"residential, slum, mixed_use",940000,28.38,67,Clayey,90.0,87.58,17.9,12.7,1,18.0,High,0.68256205
2025-09-18,Ward R/C,Mandapeshwar Creek edge,19.2408,72.8173,Kurla Nalla,2.0,"residential, slum, mixed_use",940000,28.38,67,Clayey,90.0,87.58,15.8,4.6,1,21.0,High,0.69154936
2025-09-19,Ward R/C,Mandapeshwar Creek edge,19.2408,72.8173,Kurla Nalla,2.0,"residential, slum, mixed_use",940000,28.38,67,Clayey,90.0,87.58,0.0,0.3,0,5.0,High,0.5109542
2025-09-20,Ward R/C,Mandapeshwar Creek edge,19.2408,72.8173,Kurla Nalla,2.0,"residential, slum, mixed_use",940000,28.38,67,Clayey,90.0,87.58,22.1,0.9208333333333334,1,24.0,High,0.65277886
2025-09-21,Ward R/C,Mandapeshwar Creek edge,19.2408,72.8173,Kurla Nalla,2.0,"residential, slum, mixed_use",940000,28.38,67,Clayey,90.0,87.58,24.3,1.0125,1,24.0,High,0.65277886
2025-09-22,Ward R/C,Mandapeshwar Creek edge,19.2408,72.8173,Kurla Nalla,2.0,"residential, slum, mixed_use",940000,28.38,67,Clayey,90.0,87.58,52.2,2.1750000000000003,1,24.0,High,0.6861951
2025-09-23,Ward R/C,Mandapeshwar Creek edge,19.2408,72.8173,Kurla Nalla,2.0,"residential, slum, mixed_use",940000,28.38,67,Clayey,90.0,87.58,31.9,1.3291666666666666,1,24.0,High,0.6511892
2025-09-24,Ward R/C,Mandapeshwar Creek edge,19.2408,72.8173,Kurla Nalla,2.0,"residential, slum, mixed_use",940000,28.38,67,Clayey,90.0,87.58,1.5,0.1,1,15.0,High,0.536859
2025-09-25,Ward R/C,Mandapeshwar Creek edge,19.2408,72.8173,Kurla Nalla,2.0,"residential, slum, mixed_use",940000,28.38,67,Clayey,90.0,87.58,1.8,0.2,1,9.0,High,0.536859
2025-09-26,Ward R/C,Mandapeshwar Creek edge,19.2408,72.8173,Kurla Nalla,2.0,"residential, slum, mixed_use",940000,28.38,67,Clayey,90.0,87.58,3.0,0.2,1,15.0,High,0.536859
2025-09-13,Ward C,Marine Lines Subway,18.9458,72.8238,Arabian Sea ,16.0,"transport, mixed_use",190000,30.29,5,Urban,90.0,2265.59,11.8,3.3,1,14.0,Moderate,0.78569514
2025-09-14,Ward C,Marine Lines Subway,18.9458,72.8238,Arabian Sea ,16.0,"transport, mixed_use",190000,30.29,5,Urban,90.0,2265.59,15.1,2.9,1,19.0,Moderate,0.78569514
2025-09-15,Ward C,Marine Lines Subway,18.9458,72.8238,Arabian Sea ,16.0,"transport, mixed_use",190000,30.29,5,Urban,90.0,2265.59,82.8,12.7,1,19.0,Moderate,0.78463393
2025-09-16,Ward C,Marine Lines Subway,18.9458,72.8238,Arabian Sea ,16.0,"transport, mixed_use",190000,30.29,5,Urban,90.0,2265.59,10.6,1.3,1,20.0,Moderate,0.8083053
2025-09-17,Ward C,Marine Lines Subway,18.9458,72.8238,Arabian Sea ,16.0,"transport, mixed_use",190000,30.29,5,Urban,90.0,2265.59,10.4,1.6,1,21.0,Moderate,0.8083053
2025-09-18,Ward C,Marine Lines Subway,18.9458,72.8238,Arabian Sea ,16.0,"transport, mixed_use",190000,30.29,5,Urban,90.0,2265.59,18.7,3.3,1,21.0,Moderate,0.8191544
2025-09-19,Ward C,Marine Lines Subway,18.9458,72.8238,Arabian Sea ,16.0,"transport, mixed_use",190000,30.29,5,Urban,90.0,2265.59,0.0,3.3,0,6.0,Moderate,0.80166435
2025-09-20,Ward C,Marine Lines Subway,18.9458,72.8238,Arabian Sea ,16.0,"transport, mixed_use",190000,30.29,5,Urban,90.0,2265.59,22.4,0.9333333333333332,1,24.0,Moderate,0.86135954
2025-09-21,Ward C,Marine Lines Subway,18.9458,72.8238,Arabian Sea ,16.0,"transport, mixed_use",190000,30.29,5,Urban,90.0,2265.59,23.7,0.9875,1,24.0,Moderate,0.86135954
2025-09-22,Ward C,Marine Lines Subway,18.9458,72.8238,Arabian Sea ,16.0,"transport, mixed_use",190000,30.29,5,Urban,90.0,2265.59,43.5,1.8125,1,24.0,Moderate,0.8427335
2025-09-23,Ward C,Marine Lines Subway,18.9458,72.8238,Arabian Sea ,16.0,"transport, mixed_use",190000,30.29,5,Urban,90.0,2265.59,29.8,1.3545454545454545,1,22.0,Moderate,0.8564735
2025-09-24,Ward C,Marine Lines Subway,18.9458,72.8238,Arabian Sea ,16.0,"transport, mixed_use",190000,30.29,5,Urban,90.0,2265.59,3.3,0.1571428571428571,1,21.0,Moderate,0.79984456
2025-09-25,Ward C,Marine Lines Subway,18.9458,72.8238,Arabian Sea ,16.0,"transport, mixed_use",190000,30.29,5,Urban,90.0,2265.59,1.8,0.15,1,12.0,Moderate,0.79984456
2025-09-26,Ward C,Marine Lines Subway,18.9458,72.8238,Arabian Sea ,16.0,"transport, mixed_use",190000,30.29,5,Urban,90.0,2265.59,3.6,0.2,1,18.0,Moderate,0.79984456
2025-09-13,Ward K/E,Marol Naka,19.1049,72.8837,Powai Lake,11.0,"transport, mixed_use",880000,12.49,8,Urban,90.0,439.32,12.7,3.5,1,17.0,High,0.6293083
2025-09-14,Ward K/E,Marol Naka,19.1049,72.8837,Powai Lake,11.0,"transport, mixed_use",880000,12.49,8,Urban,90.0,439.32,12.2,2.8,1,22.0,High,0.6293083
2025-09-15,Ward K/E,Marol Naka,19.1049,72.8837,Powai Lake,11.0,"transport, mixed_use",880000,12.49,8,Urban,90.0,439.32,65.5,10.6,1,18.0,High,0.6619585
2025-09-16,Ward K/E,Marol Naka,19.1049,72.8837,Powai Lake,11.0,"transport, mixed_use",880000,12.49,8,Urban,90.0,439.32,5.2,0.9,1,23.0,High,0.46216524
2025-09-17,Ward K/E,Marol Naka,19.1049,72.8837,Powai Lake,11.0,"transport, mixed_use",880000,12.49,8,Urban,90.0,439.32,25.7,14.8,1,21.0,High,0.58364284
2025-09-18,Ward K/E,Marol Naka,19.1049,72.8837,Powai Lake,11.0,"transport, mixed_use",880000,12.49,8,Urban,90.0,439.32,10.4,1.9,1,21.0,High,0.4798807
2025-09-19,Ward K/E,Marol Naka,19.1049,72.8837,Powai Lake,11.0,"transport, mixed_use",880000,12.49,8,Urban,90.0,439.32,0.0,0.7,0,3.0,Moderate,0.4906114
2025-09-20,Ward K/E,Marol Naka,19.1049,72.8837,Powai Lake,11.0,"transport, mixed_use",880000,12.49,8,Urban,90.0,439.32,22.4,0.9333333333333332,1,24.0,Moderate,0.41204765
2025-09-21,Ward K/E,Marol Naka,19.1049,72.8837,Powai Lake,11.0,"transport, mixed_use",880000,12.49,8,Urban,90.0,439.32,23.7,0.9875,1,24.0,Moderate,0.41204765
2025-09-22,Ward K/E,Marol Naka,19.1049,72.8837,Powai Lake,11.0,"transport, mixed_use",880000,12.49,8,Urban,90.0,439.32,43.5,1.8125,1,24.0,High,0.3797476
2025-09-23,Ward K/E,Marol Naka,19.1049,72.8837,Powai Lake,11.0,"transport, mixed_use",880000,12.49,8,Urban,90.0,439.32,29.8,1.3545454545454545,1,22.0,Moderate,0.39480004
2025-09-24,Ward K/E,Marol Naka,19.1049,72.8837,Powai Lake,11.0,"transport, mixed_use",880000,12.49,8,Urban,90.0,439.32,3.3,0.1571428571428571,1,21.0,High,0.39085063
2025-09-25,Ward K/E,Marol Naka,19.1049,72.8837,Powai Lake,11.0,"transport, mixed_use",880000,12.49,8,Urban,90.0,439.32,1.8,0.15,1,12.0,High,0.39085063
2025-09-26,Ward K/E,Marol Naka,19.1049,72.8837,Powai Lake,11.0,"transport, mixed_use",880000,12.49,8,Urban,90.0,439.32,3.6,0.2,1,18.0,High,0.39085063
2025-09-13,Ward P/N,Marve,19.1946967,72.7992026,Malad/Marve Creek,5.679746143,residential,820000,4.596799512,2053,Sand,68.46434896,5220.0,8.5,2.4,1,14.0,High,0.66561604
2025-09-14,Ward P/N,Marve,19.1946967,72.7992026,Malad/Marve Creek,5.679746143,residential,820000,4.596799512,2053,Sand,68.46434896,5220.0,8.0,1.3,1,22.0,High,0.64159775
2025-09-15,Ward P/N,Marve,19.1946967,72.7992026,Malad/Marve Creek,5.679746143,residential,820000,4.596799512,2053,Sand,68.46434896,5220.0,17.3,4.3,1,20.0,High,0.65624875
2025-09-16,Ward P/N,Marve,19.1946967,72.7992026,Malad/Marve Creek,5.679746143,residential,820000,4.596799512,2053,Sand,68.46434896,5220.0,10.0,2.4,1,22.0,High,0.66561604
2025-09-17,Ward P/N,Marve,19.1946967,72.7992026,Malad/Marve Creek,5.679746143,residential,820000,4.596799512,2053,Sand,68.46434896,5220.0,17.9,12.7,1,18.0,High,0.65624875
2025-09-18,Ward P/N,Marve,19.1946967,72.7992026,Malad/Marve Creek,5.679746143,residential,820000,4.596799512,2053,Sand,68.46434896,5220.0,15.8,4.6,1,21.0,High,0.66561604
2025-09-19,Ward P/N,Marve,19.1946967,72.7992026,Malad/Marve Creek,5.679746143,residential,820000,4.596799512,2053,Sand,68.46434896,5220.0,0.0,0.3,0,5.0,High,0.49325505
2025-09-20,Ward P/N,Marve,19.1946967,72.7992026,Malad/Marve Creek,5.679746143,residential,820000,4.596799512,2053,Sand,68.46434896,5220.0,22.4,0.9333333333333332,1,24.0,High,0.62515366
2025-09-21,Ward P/N,Marve,19.1946967,72.7992026,Malad/Marve Creek,5.679746143,residential,820000,4.596799512,2053,Sand,68.46434896,5220.0,23.7,0.9875,1,24.0,High,0.62515366
2025-09-22,Ward P/N,Marve,19.1946967,72.7992026,Malad/Marve Creek,5.679746143,residential,820000,4.596799512,2053,Sand,68.46434896,5220.0,43.5,1.8125,1,24.0,High,0.62387097
2025-09-23,Ward P/N,Marve,19.1946967,72.7992026,Malad/Marve Creek,5.679746143,residential,820000,4.596799512,2053,Sand,68.46434896,5220.0,29.8,1.3545454545454545,1,22.0,High,0.62319994
2025-09-24,Ward P/N,Marve,19.1946967,72.7992026,Malad/Marve Creek,5.679746143,residential,820000,4.596799512,2053,Sand,68.46434896,5220.0,3.3,0.1571428571428571,1,21.0,High,0.5188528
2025-09-25,Ward P/N,Marve,19.1946967,72.7992026,Malad/Marve Creek,5.679746143,residential,820000,4.596799512,2053,Sand,68.46434896,5220.0,1.8,0.15,1,12.0,High,0.5188528
2025-09-26,Ward P/N,Marve,19.1946967,72.7992026,Malad/Marve Creek,5.679746143,residential,820000,4.596799512,2053,Sand,68.46434896,5220.0,3.6,0.2,1,18.0,High,0.5188528
2025-09-13,Ward F/N,Matunga,19.0274356,72.8501467,Mahim Creek,8.049331941,residential,530000,4.711813057,1277,Clay,56.44494497,3717.0,12.4,2.1,1,18.0,High,0.69030017
2025-09-14,Ward F/N,Matunga,19.0274356,72.8501467,Mahim Creek,8.049331941,residential,530000,4.711813057,1277,Clay,56.44494497,3717.0,16.3,3.6,1,24.0,High,0.68803424
2025-09-15,Ward F/N,Matunga,19.0274356,72.8501467,Mahim Creek,8.049331941,residential,530000,4.711813057,1277,Clay,56.44494497,3717.0,72.3,13.2,1,18.0,High,0.695147
2025-09-16,Ward F/N,Matunga,19.0274356,72.8501467,Mahim Creek,8.049331941,residential,530000,4.711813057,1277,Clay,56.44494497,3717.0,7.8,0.9,1,22.0,High,0.6630894
2025-09-17,Ward F/N,Matunga,19.0274356,72.8501467,Mahim Creek,8.049331941,residential,530000,4.711813057,1277,Clay,56.44494497,3717.0,15.2,4.5,1,22.0,High,0.69030017
2025-09-18,Ward F/N,Matunga,19.0274356,72.8501467,Mahim Creek,8.049331941,residential,530000,4.711813057,1277,Clay,56.44494497,3717.0,9.9,1.3,1,21.0,High,0.6630894
2025-09-19,Ward F/N,Matunga,19.0274356,72.8501467,Mahim Creek,8.049331941,residential,530000,4.711813057,1277,Clay,56.44494497,3717.0,0.0,3.3,0,6.0,High,0.5673266
2025-09-20,Ward F/N,Matunga,19.0274356,72.8501467,Mahim Creek,8.049331941,residential,530000,4.711813057,1277,Clay,56.44494497,3717.0,22.4,0.9333333333333332,1,24.0,High,0.6520341
2025-09-21,Ward F/N,Matunga,19.0274356,72.8501467,Mahim Creek,8.049331941,residential,530000,4.711813057,1277,Clay,56.44494497,3717.0,23.7,0.9875,1,24.0,High,0.6520341
2025-09-22,Ward F/N,Matunga,19.0274356,72.8501467,Mahim Creek,8.049331941,residential,530000,4.711813057,1277,Clay,56.44494497,3717.0,43.5,1.8125,1,24.0,High,0.64841545
2025-09-23,Ward F/N,Matunga,19.0274356,72.8501467,Mahim Creek,8.049331941,residential,530000,4.711813057,1277,Clay,56.44494497,3717.0,29.8,1.3545454545454545,1,22.0,High,0.6526718
2025-09-24,Ward F/N,Matunga,19.0274356,72.8501467,Mahim Creek,8.049331941,residential,530000,4.711813057,1277,Clay,56.44494497,3717.0,3.3,0.1571428571428571,1,21.0,High,0.5325612
2025-09-25,Ward F/N,Matunga,19.0274356,72.8501467,Mahim Creek,8.049331941,residential,530000,4.711813057,1277,Clay,56.44494497,3717.0,1.8,0.15,1,12.0,High,0.5325612
2025-09-26,Ward F/N,Matunga,19.0274356,72.8501467,Mahim Creek,8.049331941,residential,530000,4.711813057,1277,Clay,56.44494497,3717.0,3.6,0.2,1,18.0,High,0.5325612
2025-09-13,Ward T,Mehul Circle,19.1741,72.9592,Tulsi Lake,5.0,"commercial, residential, mixed_use",640000,18.36,15,Urban,90.0,569.83,9.5,2.4,1,17.0,High,0.7072487
2025-09-14,Ward T,Mehul Circle,19.1741,72.9592,Tulsi Lake,5.0,"commercial, residential, mixed_use",640000,18.36,15,Urban,90.0,569.83,11.9,2.8,1,22.0,High,0.7072487
2025-09-15,Ward T,Mehul Circle,19.1741,72.9592,Tulsi Lake,5.0,"commercial, residential, mixed_use",640000,18.36,15,Urban,90.0,569.83,29.4,5.5,1,17.0,High,0.7033282
2025-09-16,Ward T,Mehul Circle,19.1741,72.9592,Tulsi Lake,5.0,"commercial, residential, mixed_use",640000,18.36,15,Urban,90.0,569.83,12.9,4.6,1,21.0,High,0.7072487
2025-09-17,Ward T,Mehul Circle,19.1741,72.9592,Tulsi Lake,5.0,"commercial, residential, mixed_use",640000,18.36,15,Urban,90.0,569.83,32.2,14.0,1,22.0,High,0.70356035
2025-09-18,Ward T,Mehul Circle,19.1741,72.9592,Tulsi Lake,5.0,"commercial, residential, mixed_use",640000,18.36,15,Urban,90.0,569.83,12.5,2.0,1,20.0,High,0.6743296
2025-09-19,Ward T,Mehul Circle,19.1741,72.9592,Tulsi Lake,5.0,"commercial, residential, mixed_use",640000,18.36,15,Urban,90.0,569.83,0.0,0.1,0,1.0,High,0.38240993
2025-09-20,Ward T,Mehul Circle,19.1741,72.9592,Tulsi Lake,5.0,"commercial, residential, mixed_use",640000,18.36,15,Urban,90.0,569.83,17.6,0.7333333333333334,1,24.0,High,0.6583103
2025-09-21,Ward T,Mehul Circle,19.1741,72.9592,Tulsi Lake,5.0,"commercial, residential, mixed_use",640000,18.36,15,Urban,90.0,569.83,15.6,0.6782608695652174,1,23.0,High,0.6742475
2025-09-22,Ward T,Mehul Circle,19.1741,72.9592,Tulsi Lake,5.0,"commercial, residential, mixed_use",640000,18.36,15,Urban,90.0,569.83,28.1,1.1708333333333334,1,24.0,High,0.6583103
2025-09-23,Ward T,Mehul Circle,19.1741,72.9592,Tulsi Lake,5.0,"commercial, residential, mixed_use",640000,18.36,15,Urban,90.0,569.83,33.2,1.5090909090909093,1,22.0,High,0.6593378
2025-09-24,Ward T,Mehul Circle,19.1741,72.9592,Tulsi Lake,5.0,"commercial, residential, mixed_use",640000,18.36,15,Urban,90.0,569.83,1.5,0.1666666666666666,1,9.0,High,0.51404035
2025-09-25,Ward T,Mehul Circle,19.1741,72.9592,Tulsi Lake,5.0,"commercial, residential, mixed_use",640000,18.36,15,Urban,90.0,569.83,0.0,0.0,0,0.0,Moderate,0.40237737
2025-09-26,Ward T,Mehul Circle,19.1741,72.9592,Tulsi Lake,5.0,"commercial, residential, mixed_use",640000,18.36,15,Urban,90.0,569.83,1.5,0.1666666666666666,1,9.0,High,0.51404035
2025-09-13,Ward A,Metro Cinema Subway,18.9445,72.8279,Arabian Sea ,12.0,"commercial, transport",185000,31.67,10,Urban,90.0,2022.25,11.8,3.3,1,14.0,High,0.72867626
2025-09-14,Ward A,Metro Cinema Subway,18.9445,72.8279,Arabian Sea ,12.0,"commercial, transport",185000,31.67,10,Urban,90.0,2022.25,15.1,2.9,1,19.0,High,0.72867626
2025-09-15,Ward A,Metro Cinema Subway,18.9445,72.8279,Arabian Sea ,12.0,"commercial, transport",185000,31.67,10,Urban,90.0,2022.25,82.8,12.7,1,19.0,High,0.74049526
2025-09-16,Ward A,Metro Cinema Subway,18.9445,72.8279,Arabian Sea ,12.0,"commercial, transport",185000,31.67,10,Urban,90.0,2022.25,10.6,1.3,1,20.0,High,0.62929714
2025-09-17,Ward A,Metro Cinema Subway,18.9445,72.8279,Arabian Sea ,12.0,"commercial, transport",185000,31.67,10,Urban,90.0,2022.25,10.4,1.6,1,21.0,High,0.62929714
2025-09-18,Ward A,Metro Cinema Subway,18.9445,72.8279,Arabian Sea ,12.0,"commercial, transport",185000,31.67,10,Urban,90.0,2022.25,18.7,3.3,1,21.0,High,0.6890335
2025-09-19,Ward A,Metro Cinema Subway,18.9445,72.8279,Arabian Sea ,12.0,"commercial, transport",185000,31.67,10,Urban,90.0,2022.25,0.0,3.3,0,6.0,High,0.5079218
2025-09-20,Ward A,Metro Cinema Subway,18.9445,72.8279,Arabian Sea ,12.0,"commercial, transport",185000,31.67,10,Urban,90.0,2022.25,22.4,0.9333333333333332,1,24.0,High,0.51072526
2025-09-21,Ward A,Metro Cinema Subway,18.9445,72.8279,Arabian Sea ,12.0,"commercial, transport",185000,31.67,10,Urban,90.0,2022.25,23.7,0.9875,1,24.0,High,0.51072526
2025-09-22,Ward A,Metro Cinema Subway,18.9445,72.8279,Arabian Sea ,12.0,"commercial, transport",185000,31.67,10,Urban,90.0,2022.25,43.5,1.8125,1,24.0,High,0.5368417
2025-09-23,Ward A,Metro Cinema Subway,18.9445,72.8279,Arabian Sea ,12.0,"commercial, transport",185000,31.67,10,Urban,90.0,2022.25,29.8,1.3545454545454545,1,22.0,High,0.52141523
2025-09-24,Ward A,Metro Cinema Subway,18.9445,72.8279,Arabian Sea ,12.0,"commercial, transport",185000,31.67,10,Urban,90.0,2022.25,3.3,0.1571428571428571,1,21.0,High,0.40295517
2025-09-25,Ward A,Metro Cinema Subway,18.9445,72.8279,Arabian Sea ,12.0,"commercial, transport",185000,31.67,10,Urban,90.0,2022.25,1.8,0.15,1,12.0,High,0.40295517
2025-09-26,Ward A,Metro Cinema Subway,18.9445,72.8279,Arabian Sea ,12.0,"commercial, transport",185000,31.67,10,Urban,90.0,2022.25,3.6,0.2,1,18.0,High,0.40295517
2025-09-13,Ward P/S,Motilal Nagar,19.1613,72.8407,Goregaon Nalla,11.0,"transport, mixed_use",670000,30.68,10,Sandy,90.0,427.93,10.6,2.2,1,16.0,High,0.63347906
2025-09-14,Ward P/S,Motilal Nagar,19.1613,72.8407,Goregaon Nalla,11.0,"transport, mixed_use",670000,30.68,10,Sandy,90.0,427.93,12.1,2.6,1,21.0,High,0.63347906
2025-09-15,Ward P/S,Motilal Nagar,19.1613,72.8407,Goregaon Nalla,11.0,"transport, mixed_use",670000,30.68,10,Sandy,90.0,427.93,29.1,5.0,1,17.0,High,0.5881598
2025-09-16,Ward P/S,Motilal Nagar,19.1613,72.8407,Goregaon Nalla,11.0,"transport, mixed_use",670000,30.68,10,Sandy,90.0,427.93,6.6,2.4,1,20.0,High,0.61741686
2025-09-17,Ward P/S,Motilal Nagar,19.1613,72.8407,Goregaon Nalla,11.0,"transport, mixed_use",670000,30.68,10,Sandy,90.0,427.93,27.8,19.8,1,23.0,High,0.5881598
2025-09-18,Ward P/S,Motilal Nagar,19.1613,72.8407,Goregaon Nalla,11.0,"transport, mixed_use",670000,30.68,10,Sandy,90.0,427.93,14.8,3.1,1,22.0,High,0.63347906
2025-09-19,Ward P/S,Motilal Nagar,19.1613,72.8407,Goregaon Nalla,11.0,"transport, mixed_use",670000,30.68,10,Sandy,90.0,427.93,0.0,0.1,0,2.0,Moderate,0.5712246
2025-09-20,Ward P/S,Motilal Nagar,19.1613,72.8407,Goregaon Nalla,11.0,"transport, mixed_use",670000,30.68,10,Sandy,90.0,427.93,22.4,0.9333333333333332,1,24.0,Moderate,0.4156018
2025-09-21,Ward P/S,Motilal Nagar,19.1613,72.8407,Goregaon Nalla,11.0,"transport, mixed_use",670000,30.68,10,Sandy,90.0,427.93,23.7,0.9875,1,24.0,Moderate,0.4156018
2025-09-22,Ward P/S,Motilal Nagar,19.1613,72.8407,Goregaon Nalla,11.0,"transport, mixed_use",670000,30.68,10,Sandy,90.0,427.93,43.5,1.8125,1,24.0,High,0.38310164
2025-09-23,Ward P/S,Motilal Nagar,19.1613,72.8407,Goregaon Nalla,11.0,"transport, mixed_use",670000,30.68,10,Sandy,90.0,427.93,29.8,1.3545454545454545,1,22.0,Moderate,0.3983062
2025-09-24,Ward P/S,Motilal Nagar,19.1613,72.8407,Goregaon Nalla,11.0,"transport, mixed_use",670000,30.68,10,Sandy,90.0,427.93,3.3,0.1571428571428571,1,21.0,High,0.38649023
2025-09-25,Ward P/S,Motilal Nagar,19.1613,72.8407,Goregaon Nalla,11.0,"transport, mixed_use",670000,30.68,10,Sandy,90.0,427.93,1.8,0.15,1,12.0,High,0.38649023
2025-09-26,Ward P/S,Motilal Nagar,19.1613,72.8407,Goregaon Nalla,11.0,"transport, mixed_use",670000,30.68,10,Sandy,90.0,427.93,3.6,0.2,1,18.0,High,0.38649023
2025-09-13,Ward T,Mulund,19.1704719,72.9610447,Thane Creek,7.288090036,residential,640000,4.114527708,4629,Urban,66.27593265,4313.0,9.5,2.4,1,17.0,High,0.6850524
2025-09-14,Ward T,Mulund,19.1704719,72.9610447,Thane Creek,7.288090036,residential,640000,4.114527708,4629,Urban,66.27593265,4313.0,11.9,2.8,1,22.0,High,0.6850524
2025-09-15,Ward T,Mulund,19.1704719,72.9610447,Thane Creek,7.288090036,residential,640000,4.114527708,4629,Urban,66.27593265,4313.0,29.4,5.5,1,17.0,High,0.6745898
2025-09-16,Ward T,Mulund,19.1704719,72.9610447,Thane Creek,7.288090036,residential,640000,4.114527708,4629,Urban,66.27593265,4313.0,12.9,4.6,1,21.0,High,0.6850524
2025-09-17,Ward T,Mulund,19.1704719,72.9610447,Thane Creek,7.288090036,residential,640000,4.114527708,4629,Urban,66.27593265,4313.0,32.2,14.0,1,22.0,High,0.67486644
2025-09-18,Ward T,Mulund,19.1704719,72.9610447,Thane Creek,7.288090036,residential,640000,4.114527708,4629,Urban,66.27593265,4313.0,12.5,2.0,1,20.0,High,0.6521218
2025-09-19,Ward T,Mulund,19.1704719,72.9610447,Thane Creek,7.288090036,residential,640000,4.114527708,4629,Urban,66.27593265,4313.0,0.0,0.1,0,1.0,High,0.3863684
2025-09-20,Ward T,Mulund,19.1704719,72.9610447,Thane Creek,7.288090036,residential,640000,4.114527708,4629,Urban,66.27593265,4313.0,17.6,0.7333333333333334,1,24.0,High,0.62721235
2025-09-21,Ward T,Mulund,19.1704719,72.9610447,Thane Creek,7.288090036,residential,640000,4.114527708,4629,Urban,66.27593265,4313.0,15.6,0.6782608695652174,1,23.0,High,0.6541078
2025-09-22,Ward T,Mulund,19.1704719,72.9610447,Thane Creek,7.288090036,residential,640000,4.114527708,4629,Urban,66.27593265,4313.0,28.1,1.1708333333333334,1,24.0,High,0.62721235
2025-09-23,Ward T,Mulund,19.1704719,72.9610447,Thane Creek,7.288090036,residential,640000,4.114527708,4629,Urban,66.27593265,4313.0,33.2,1.5090909090909093,1,22.0,High,0.6283897
2025-09-24,Ward T,Mulund,19.1704719,72.9610447,Thane Creek,7.288090036,residential,640000,4.114527708,4629,Urban,66.27593265,4313.0,1.5,0.1666666666666666,1,9.0,High,0.5044462
2025-09-25,Ward T,Mulund,19.1704719,72.9610447,Thane Creek,7.288090036,residential,640000,4.114527708,4629,Urban,66.27593265,4313.0,0.0,0.0,0,0.0,Moderate,0.3999384
2025-09-26,Ward T,Mulund,19.1704719,72.9610447,Thane Creek,7.288090036,residential,640000,4.114527708,4629,Urban,66.27593265,4313.0,1.5,0.1666666666666666,1,9.0,High,0.5044462
2025-09-13,Ward T,Mulund Railway Subway,19.1728,72.9473,Tulsi Lake,7.0,"transport, mixed_use",640000,24.62,10,Urban,90.0,112.03,9.5,2.4,1,17.0,High,0.69757026
2025-09-14,Ward T,Mulund Railway Subway,19.1728,72.9473,Tulsi Lake,7.0,"transport, mixed_use",640000,24.62,10,Urban,90.0,112.03,11.9,2.8,1,22.0,High,0.69757026
2025-09-15,Ward T,Mulund Railway Subway,19.1728,72.9473,Tulsi Lake,7.0,"transport, mixed_use",640000,24.62,10,Urban,90.0,112.03,29.4,5.5,1,17.0,High,0.6957106
2025-09-16,Ward T,Mulund Railway Subway,19.1728,72.9473,Tulsi Lake,7.0,"transport, mixed_use",640000,24.62,10,Urban,90.0,112.03,12.9,4.6,1,21.0,High,0.69757026
2025-09-17,Ward T,Mulund Railway Subway,19.1728,72.9473,Tulsi Lake,7.0,"transport, mixed_use",640000,24.62,10,Urban,90.0,112.03,32.2,14.0,1,22.0,High,0.6959646
2025-09-18,Ward T,Mulund Railway Subway,19.1728,72.9473,Tulsi Lake,7.0,"transport, mixed_use",640000,24.62,10,Urban,90.0,112.03,12.5,2.0,1,20.0,High,0.6608284
2025-09-19,Ward T,Mulund Railway Subway,19.1728,72.9473,Tulsi Lake,7.0,"transport, mixed_use",640000,24.62,10,Urban,90.0,112.03,0.0,0.1,0,1.0,Moderate,0.43869105
2025-09-20,Ward T,Mulund Railway Subway,19.1728,72.9473,Tulsi Lake,7.0,"transport, mixed_use",640000,24.62,10,Urban,90.0,112.03,17.6,0.7333333333333334,1,24.0,High,0.6492417
2025-09-21,Ward T,Mulund Railway Subway,19.1728,72.9473,Tulsi Lake,7.0,"transport, mixed_use",640000,24.62,10,Urban,90.0,112.03,15.6,0.6782608695652174,1,23.0,High,0.6607345
2025-09-22,Ward T,Mulund Railway Subway,19.1728,72.9473,Tulsi Lake,7.0,"transport, mixed_use",640000,24.62,10,Urban,90.0,112.03,28.1,1.1708333333333334,1,24.0,High,0.6492417
2025-09-23,Ward T,Mulund Railway Subway,19.1728,72.9473,Tulsi Lake,7.0,"transport, mixed_use",640000,24.62,10,Urban,90.0,112.03,33.2,1.5090909090909093,1,22.0,High,0.6503508
2025-09-24,Ward T,Mulund Railway Subway,19.1728,72.9473,Tulsi Lake,7.0,"transport, mixed_use",640000,24.62,10,Urban,90.0,112.03,1.5,0.1666666666666666,1,9.0,High,0.48173004
2025-09-25,Ward T,Mulund Railway Subway,19.1728,72.9473,Tulsi Lake,7.0,"transport, mixed_use",640000,24.62,10,Urban,90.0,112.03,0.0,0.0,0,0.0,Moderate,0.44374087
2025-09-26,Ward T,Mulund Railway Subway,19.1728,72.9473,Tulsi Lake,7.0,"transport, mixed_use",640000,24.62,10,Urban,90.0,112.03,1.5,0.1666666666666666,1,9.0,High,0.48173004
2025-09-13,Ward F/S,Naigaon Cross Road,19.0081,72.8367,Wadala Nalla,10.0,"residential, institutional, mixed_use",470000,25.54,9,Urban,90.0,469.72,12.4,2.1,1,18.0,High,0.6808377
2025-09-14,Ward F/S,Naigaon Cross Road,19.0081,72.8367,Wadala Nalla,10.0,"residential, institutional, mixed_use",470000,25.54,9,Urban,90.0,469.72,16.3,3.6,1,24.0,High,0.6624735
2025-09-15,Ward F/S,Naigaon Cross Road,19.0081,72.8367,Wadala Nalla,10.0,"residential, institutional, mixed_use",470000,25.54,9,Urban,90.0,469.72,72.3,13.2,1,18.0,High,0.7075234
2025-09-16,Ward F/S,Naigaon Cross Road,19.0081,72.8367,Wadala Nalla,10.0,"residential, institutional, mixed_use",470000,25.54,9,Urban,90.0,469.72,7.8,0.9,1,22.0,High,0.5742723
2025-09-17,Ward F/S,Naigaon Cross Road,19.0081,72.8367,Wadala Nalla,10.0,"residential, institutional, mixed_use",470000,25.54,9,Urban,90.0,469.72,15.2,4.5,1,22.0,High,0.6808377
2025-09-18,Ward F/S,Naigaon Cross Road,19.0081,72.8367,Wadala Nalla,10.0,"residential, institutional, mixed_use",470000,25.54,9,Urban,90.0,469.72,9.9,1.3,1,21.0,High,0.5742723
2025-09-19,Ward F/S,Naigaon Cross Road,19.0081,72.8367,Wadala Nalla,10.0,"residential, institutional, mixed_use",470000,25.54,9,Urban,90.0,469.72,0.0,3.3,0,6.0,High,0.47176322
2025-09-20,Ward F/S,Naigaon Cross Road,19.0081,72.8367,Wadala Nalla,10.0,"residential, institutional, mixed_use",470000,25.54,9,Urban,90.0,469.72,22.4,0.9333333333333332,1,24.0,High,0.46433103
2025-09-21,Ward F/S,Naigaon Cross Road,19.0081,72.8367,Wadala Nalla,10.0,"residential, institutional, mixed_use",470000,25.54,9,Urban,90.0,469.72,23.7,0.9875,1,24.0,High,0.46433103
2025-09-22,Ward F/S,Naigaon Cross Road,19.0081,72.8367,Wadala Nalla,10.0,"residential, institutional, mixed_use",470000,25.54,9,Urban,90.0,469.72,43.5,1.8125,1,24.0,High,0.4924552
2025-09-23,Ward F/S,Naigaon Cross Road,19.0081,72.8367,Wadala Nalla,10.0,"residential, institutional, mixed_use",470000,25.54,9,Urban,90.0,469.72,29.8,1.3545454545454545,1,22.0,High,0.47307256
2025-09-24,Ward F/S,Naigaon Cross Road,19.0081,72.8367,Wadala Nalla,10.0,"residential, institutional, mixed_use",470000,25.54,9,Urban,90.0,469.72,3.3,0.1571428571428571,1,21.0,High,0.41978776
2025-09-25,Ward F/S,Naigaon Cross Road,19.0081,72.8367,Wadala Nalla,10.0,"residential, institutional, mixed_use",470000,25.54,9,Urban,90.0,469.72,1.8,0.15,1,12.0,High,0.41978776
2025-09-26,Ward F/S,Naigaon Cross Road,19.0081,72.8367,Wadala Nalla,10.0,"residential, institutional, mixed_use",470000,25.54,9,Urban,90.0,469.72,3.6,0.2,1,18.0,High,0.41978776
2025-09-13,Ward E,Nair Hospital Junction,18.9713,72.8255,Wadala Nalla,8.0,"hospital/institutional, mixed_use",420000,31.93,13,Urban,90.0,1179.12,11.8,3.3,1,14.0,High,0.68918663
2025-09-14,Ward E,Nair Hospital Junction,18.9713,72.8255,Wadala Nalla,8.0,"hospital/institutional, mixed_use",420000,31.93,13,Urban,90.0,1179.12,15.1,2.9,1,19.0,High,0.68918663
2025-09-15,Ward E,Nair Hospital Junction,18.9713,72.8255,Wadala Nalla,8.0,"hospital/institutional, mixed_use",420000,31.93,13,Urban,90.0,1179.12,82.8,12.7,1,19.0,High,0.6916973
2025-09-16,Ward E,Nair Hospital Junction,18.9713,72.8255,Wadala Nalla,8.0,"hospital/institutional, mixed_use",420000,31.93,13,Urban,90.0,1179.12,10.6,1.3,1,20.0,High,0.672089
2025-09-17,Ward E,Nair Hospital Junction,18.9713,72.8255,Wadala Nalla,8.0,"hospital/institutional, mixed_use",420000,31.93,13,Urban,90.0,1179.12,10.4,1.6,1,21.0,High,0.672089
2025-09-18,Ward E,Nair Hospital Junction,18.9713,72.8255,Wadala Nalla,8.0,"hospital/institutional, mixed_use",420000,31.93,13,Urban,90.0,1179.12,18.7,3.3,1,21.0,High,0.68015033
2025-09-19,Ward E,Nair Hospital Junction,18.9713,72.8255,Wadala Nalla,8.0,"hospital/institutional, mixed_use",420000,31.93,13,Urban,90.0,1179.12,0.0,3.3,0,6.0,High,0.5216642
2025-09-20,Ward E,Nair Hospital Junction,18.9713,72.8255,Wadala Nalla,8.0,"hospital/institutional, mixed_use",420000,31.93,13,Urban,90.0,1179.12,22.4,0.9333333333333332,1,24.0,High,0.6607173
2025-09-21,Ward E,Nair Hospital Junction,18.9713,72.8255,Wadala Nalla,8.0,"hospital/institutional, mixed_use",420000,31.93,13,Urban,90.0,1179.12,23.7,0.9875,1,24.0,High,0.6607173
2025-09-22,Ward E,Nair Hospital Junction,18.9713,72.8255,Wadala Nalla,8.0,"hospital/institutional, mixed_use",420000,31.93,13,Urban,90.0,1179.12,43.5,1.8125,1,24.0,High,0.6595856
2025-09-23,Ward E,Nair Hospital Junction,18.9713,72.8255,Wadala Nalla,8.0,"hospital/institutional, mixed_use",420000,31.93,13,Urban,90.0,1179.12,29.8,1.3545454545454545,1,22.0,High,0.65899324
2025-09-24,Ward E,Nair Hospital Junction,18.9713,72.8255,Wadala Nalla,8.0,"hospital/institutional, mixed_use",420000,31.93,13,Urban,90.0,1179.12,3.3,0.1571428571428571,1,21.0,High,0.51940054
2025-09-25,Ward E,Nair Hospital Junction,18.9713,72.8255,Wadala Nalla,8.0,"hospital/institutional, mixed_use",420000,31.93,13,Urban,90.0,1179.12,1.8,0.15,1,12.0,High,0.51940054
2025-09-26,Ward E,Nair Hospital Junction,18.9713,72.8255,Wadala Nalla,8.0,"hospital/institutional, mixed_use",420000,31.93,13,Urban,90.0,1179.12,3.6,0.2,1,18.0,High,0.51940054
2025-09-13,Ward G/N,Near Kirti College,19.0294,72.8371,Mahim Creek,10.0,"education, residential, mixed_use",520000,25.63,8,Sandy,90.0,941.34,12.4,2.1,1,18.0,High,0.6862441
2025-09-14,Ward G/N,Near Kirti College,19.0294,72.8371,Mahim Creek,10.0,"education, residential, mixed_use",520000,25.63,8,Sandy,90.0,941.34,16.3,3.6,1,24.0,High,0.6680393
2025-09-15,Ward G/N,Near Kirti College,19.0294,72.8371,Mahim Creek,10.0,"education, residential, mixed_use",520000,25.63,8,Sandy,90.0,941.34,72.3,13.2,1,18.0,High,0.71266854
2025-09-16,Ward G/N,Near Kirti College,19.0294,72.8371,Mahim Creek,10.0,"education, residential, mixed_use",520000,25.63,8,Sandy,90.0,941.34,7.8,0.9,1,22.0,High,0.5803712
2025-09-17,Ward G/N,Near Kirti College,19.0294,72.8371,Mahim Creek,10.0,"education, residential, mixed_use",520000,25.63,8,Sandy,90.0,941.34,15.2,4.5,1,22.0,High,0.6862441
2025-09-18,Ward G/N,Near Kirti College,19.0294,72.8371,Mahim Creek,10.0,"education, residential, mixed_use",520000,25.63,8,Sandy,90.0,941.34,9.9,1.3,1,21.0,High,0.5803712
2025-09-19,Ward G/N,Near Kirti College,19.0294,72.8371,Mahim Creek,10.0,"education, residential, mixed_use",520000,25.63,8,Sandy,90.0,941.34,0.0,3.3,0,6.0,High,0.49217874
2025-09-20,Ward G/N,Near Kirti College,19.0294,72.8371,Mahim Creek,10.0,"education, residential, mixed_use",520000,25.63,8,Sandy,90.0,941.34,22.4,0.9333333333333332,1,24.0,High,0.47055292
2025-09-21,Ward G/N,Near Kirti College,19.0294,72.8371,Mahim Creek,10.0,"education, residential, mixed_use",520000,25.63,8,Sandy,90.0,941.34,23.7,0.9875,1,24.0,High,0.47055292
2025-09-22,Ward G/N,Near Kirti College,19.0294,72.8371,Mahim Creek,10.0,"education, residential, mixed_use",520000,25.63,8,Sandy,90.0,941.34,43.5,1.8125,1,24.0,High,0.4987031
2025-09-23,Ward G/N,Near Kirti College,19.0294,72.8371,Mahim Creek,10.0,"education, residential, mixed_use",520000,25.63,8,Sandy,90.0,941.34,29.8,1.3545454545454545,1,22.0,High,0.4793068
2025-09-24,Ward G/N,Near Kirti College,19.0294,72.8371,Mahim Creek,10.0,"education, residential, mixed_use",520000,25.63,8,Sandy,90.0,941.34,3.3,0.1571428571428571,1,21.0,High,0.43373084
2025-09-25,Ward G/N,Near Kirti College,19.0294,72.8371,Mahim Creek,10.0,"education, residential, mixed_use",520000,25.63,8,Sandy,90.0,941.34,1.8,0.15,1,12.0,High,0.43373084
2025-09-26,Ward G/N,Near Kirti College,19.0294,72.8371,Mahim Creek,10.0,"education, residential, mixed_use",520000,25.63,8,Sandy,90.0,941.34,3.6,0.2,1,18.0,High,0.43373084
2025-09-13,Ward K/W,Oshiwara Nullah stretch,19.1482,72.8273,Oshiwara River,10.0,"residential, industrial, mixed_use",750000,22.06,4,Clayey,90.0,1035.43,10.6,2.2,1,16.0,High,0.6258655
2025-09-14,Ward K/W,Oshiwara Nullah stretch,19.1482,72.8273,Oshiwara River,10.0,"residential, industrial, mixed_use",750000,22.06,4,Clayey,90.0,1035.43,12.1,2.6,1,21.0,High,0.6258655
2025-09-15,Ward K/W,Oshiwara Nullah stretch,19.1482,72.8273,Oshiwara River,10.0,"residential, industrial, mixed_use",750000,22.06,4,Clayey,90.0,1035.43,29.1,5.0,1,17.0,High,0.58176434
2025-09-16,Ward K/W,Oshiwara Nullah stretch,19.1482,72.8273,Oshiwara River,10.0,"residential, industrial, mixed_use",750000,22.06,4,Clayey,90.0,1035.43,6.6,2.4,1,20.0,High,0.60502243
2025-09-17,Ward K/W,Oshiwara Nullah stretch,19.1482,72.8273,Oshiwara River,10.0,"residential, industrial, mixed_use",750000,22.06,4,Clayey,90.0,1035.43,27.8,19.8,1,23.0,High,0.58176434
2025-09-18,Ward K/W,Oshiwara Nullah stretch,19.1482,72.8273,Oshiwara River,10.0,"residential, industrial, mixed_use",750000,22.06,4,Clayey,90.0,1035.43,14.8,3.1,1,22.0,High,0.6258655
2025-09-19,Ward K/W,Oshiwara Nullah stretch,19.1482,72.8273,Oshiwara River,10.0,"residential, industrial, mixed_use",750000,22.06,4,Clayey,90.0,1035.43,0.0,0.1,0,2.0,Moderate,0.5637614
2025-09-20,Ward K/W,Oshiwara Nullah stretch,19.1482,72.8273,Oshiwara River,10.0,"residential, industrial, mixed_use",750000,22.06,4,Clayey,90.0,1035.43,22.4,0.9333333333333332,1,24.0,High,0.38709268
2025-09-21,Ward K/W,Oshiwara Nullah stretch,19.1482,72.8273,Oshiwara River,10.0,"residential, industrial, mixed_use",750000,22.06,4,Clayey,90.0,1035.43,23.7,0.9875,1,24.0,High,0.38709268
2025-09-22,Ward K/W,Oshiwara Nullah stretch,19.1482,72.8273,Oshiwara River,10.0,"residential, industrial, mixed_use",750000,22.06,4,Clayey,90.0,1035.43,43.5,1.8125,1,24.0,High,0.4195839
2025-09-23,Ward K/W,Oshiwara Nullah stretch,19.1482,72.8273,Oshiwara River,10.0,"residential, industrial, mixed_use",750000,22.06,4,Clayey,90.0,1035.43,29.8,1.3545454545454545,1,22.0,High,0.3923714
2025-09-24,Ward K/W,Oshiwara Nullah stretch,19.1482,72.8273,Oshiwara River,10.0,"residential, industrial, mixed_use",750000,22.06,4,Clayey,90.0,1035.43,3.3,0.1571428571428571,1,21.0,High,0.3987076
2025-09-25,Ward K/W,Oshiwara Nullah stretch,19.1482,72.8273,Oshiwara River,10.0,"residential, industrial, mixed_use",750000,22.06,4,Clayey,90.0,1035.43,1.8,0.15,1,12.0,High,0.3987076
2025-09-26,Ward K/W,Oshiwara Nullah stretch,19.1482,72.8273,Oshiwara River,10.0,"residential, industrial, mixed_use",750000,22.06,4,Clayey,90.0,1035.43,3.6,0.2,1,18.0,High,0.3987076
2025-09-13,Ward R/N,Ovaripada slum slope,19.2536,72.8682,Poinsur River,22.0,"residential, institutional, mixed_use",670000,24.12,10,Clayey,90.0,14.6,7.5,2.4,1,10.0,High,0.65009737
2025-09-14,Ward R/N,Ovaripada slum slope,19.2536,72.8682,Poinsur River,22.0,"residential, institutional, mixed_use",670000,24.12,10,Clayey,90.0,14.6,12.1,3.2,1,21.0,High,0.65009737
2025-09-15,Ward R/N,Ovaripada slum slope,19.2536,72.8682,Poinsur River,22.0,"residential, institutional, mixed_use",670000,24.12,10,Clayey,90.0,14.6,19.2,4.8,1,18.0,High,0.6036268
2025-09-16,Ward R/N,Ovaripada slum slope,19.2536,72.8682,Poinsur River,22.0,"residential, institutional, mixed_use",670000,24.12,10,Clayey,90.0,14.6,15.5,2.4,1,19.0,High,0.65009737
2025-09-17,Ward R/N,Ovaripada slum slope,19.2536,72.8682,Poinsur River,22.0,"residential, institutional, mixed_use",670000,24.12,10,Clayey,90.0,14.6,24.2,14.2,1,21.0,High,0.6036268
2025-09-18,Ward R/N,Ovaripada slum slope,19.2536,72.8682,Poinsur River,22.0,"residential, institutional, mixed_use",670000,24.12,10,Clayey,90.0,14.6,18.5,3.8,1,21.0,High,0.6036268
2025-09-19,Ward R/N,Ovaripada slum slope,19.2536,72.8682,Poinsur River,22.0,"residential, institutional, mixed_use",670000,24.12,10,Clayey,90.0,14.6,0.0,0.3,0,3.0,Moderate,0.46261445
2025-09-20,Ward R/N,Ovaripada slum slope,19.2536,72.8682,Poinsur River,22.0,"residential, institutional, mixed_use",670000,24.12,10,Clayey,90.0,14.6,22.1,0.9208333333333334,1,24.0,Moderate,0.41170993
2025-09-21,Ward R/N,Ovaripada slum slope,19.2536,72.8682,Poinsur River,22.0,"residential, institutional, mixed_use",670000,24.12,10,Clayey,90.0,14.6,24.3,1.0125,1,24.0,Moderate,0.41170993
2025-09-22,Ward R/N,Ovaripada slum slope,19.2536,72.8682,Poinsur River,22.0,"residential, institutional, mixed_use",670000,24.12,10,Clayey,90.0,14.6,52.2,2.1750000000000003,1,24.0,High,0.62313247
2025-09-23,Ward R/N,Ovaripada slum slope,19.2536,72.8682,Poinsur River,22.0,"residential, institutional, mixed_use",670000,24.12,10,Clayey,90.0,14.6,31.9,1.3291666666666666,1,24.0,Moderate,0.37984198
2025-09-24,Ward R/N,Ovaripada slum slope,19.2536,72.8682,Poinsur River,22.0,"residential, institutional, mixed_use",670000,24.12,10,Clayey,90.0,14.6,1.5,0.1,1,15.0,High,0.41095373
2025-09-25,Ward R/N,Ovaripada slum slope,19.2536,72.8682,Poinsur River,22.0,"residential, institutional, mixed_use",670000,24.12,10,Clayey,90.0,14.6,1.8,0.2,1,9.0,High,0.41095373
2025-09-26,Ward R/N,Ovaripada slum slope,19.2536,72.8682,Poinsur River,22.0,"residential, institutional, mixed_use",670000,24.12,10,Clayey,90.0,14.6,3.0,0.2,1,15.0,High,0.41095373
2025-09-13,Ward B,P D'Mello Road (near Masjid Bunder),18.9556,72.8412,Arabian Sea ,6.0,"transport, commercial, mixed_use",195000,7.61,17,Urban,90.0,1689.21,11.8,3.3,1,14.0,High,0.71400565
2025-09-14,Ward B,P D'Mello Road (near Masjid Bunder),18.9556,72.8412,Arabian Sea ,6.0,"transport, commercial, mixed_use",195000,7.61,17,Urban,90.0,1689.21,15.1,2.9,1,19.0,High,0.71400565
2025-09-15,Ward B,P D'Mello Road (near Masjid Bunder),18.9556,72.8412,Arabian Sea ,6.0,"transport, commercial, mixed_use",195000,7.61,17,Urban,90.0,1689.21,82.8,12.7,1,19.0,High,0.7188672
2025-09-16,Ward B,P D'Mello Road (near Masjid Bunder),18.9556,72.8412,Arabian Sea ,6.0,"transport, commercial, mixed_use",195000,7.61,17,Urban,90.0,1689.21,10.6,1.3,1,20.0,High,0.68531364
2025-09-17,Ward B,P D'Mello Road (near Masjid Bunder),18.9556,72.8412,Arabian Sea ,6.0,"transport, commercial, mixed_use",195000,7.61,17,Urban,90.0,1689.21,10.4,1.6,1,21.0,High,0.68531364
2025-09-18,Ward B,P D'Mello Road (near Masjid Bunder),18.9556,72.8412,Arabian Sea ,6.0,"transport, commercial, mixed_use",195000,7.61,17,Urban,90.0,1689.21,18.7,3.3,1,21.0,High,0.71030015
2025-09-19,Ward B,P D'Mello Road (near Masjid Bunder),18.9556,72.8412,Arabian Sea ,6.0,"transport, commercial, mixed_use",195000,7.61,17,Urban,90.0,1689.21,0.0,3.3,0,6.0,High,0.5832127
2025-09-20,Ward B,P D'Mello Road (near Masjid Bunder),18.9556,72.8412,Arabian Sea ,6.0,"transport, commercial, mixed_use",195000,7.61,17,Urban,90.0,1689.21,22.4,0.9333333333333332,1,24.0,High,0.674204
2025-09-21,Ward B,P D'Mello Road (near Masjid Bunder),18.9556,72.8412,Arabian Sea ,6.0,"transport, commercial, mixed_use",195000,7.61,17,Urban,90.0,1689.21,23.7,0.9875,1,24.0,High,0.674204
2025-09-22,Ward B,P D'Mello Road (near Masjid Bunder),18.9556,72.8412,Arabian Sea ,6.0,"transport, commercial, mixed_use",195000,7.61,17,Urban,90.0,1689.21,43.5,1.8125,1,24.0,High,0.6707493
2025-09-23,Ward B,P D'Mello Road (near Masjid Bunder),18.9556,72.8412,Arabian Sea ,6.0,"transport, commercial, mixed_use",195000,7.61,17,Urban,90.0,1689.21,29.8,1.3545454545454545,1,22.0,High,0.67484766
2025-09-24,Ward B,P D'Mello Road (near Masjid Bunder),18.9556,72.8412,Arabian Sea ,6.0,"transport, commercial, mixed_use",195000,7.61,17,Urban,90.0,1689.21,3.3,0.1571428571428571,1,21.0,High,0.5439004
2025-09-25,Ward B,P D'Mello Road (near Masjid Bunder),18.9556,72.8412,Arabian Sea ,6.0,"transport, commercial, mixed_use",195000,7.61,17,Urban,90.0,1689.21,1.8,0.15,1,12.0,High,0.5439004
2025-09-26,Ward B,P D'Mello Road (near Masjid Bunder),18.9556,72.8412,Arabian Sea ,6.0,"transport, commercial, mixed_use",195000,7.61,17,Urban,90.0,1689.21,3.6,0.2,1,18.0,High,0.5439004
2025-09-13,Ward T,Panch Rasta,19.1735,72.9478,Tulsi Lake,7.0,"commercial, residential, mixed_use",640000,24.62,23,Sandy,90.0,112.03,9.5,2.4,1,17.0,High,0.70911306
2025-09-14,Ward T,Panch Rasta,19.1735,72.9478,Tulsi Lake,7.0,"commercial, residential, mixed_use",640000,24.62,23,Sandy,90.0,112.03,11.9,2.8,1,22.0,High,0.70911306
2025-09-15,Ward T,Panch Rasta,19.1735,72.9478,Tulsi Lake,7.0,"commercial, residential, mixed_use",640000,24.62,23,Sandy,90.0,112.03,29.4,5.5,1,17.0,High,0.70528966
2025-09-16,Ward T,Panch Rasta,19.1735,72.9478,Tulsi Lake,7.0,"commercial, residential, mixed_use",640000,24.62,23,Sandy,90.0,112.03,12.9,4.6,1,21.0,High,0.70911306
2025-09-17,Ward T,Panch Rasta,19.1735,72.9478,Tulsi Lake,7.0,"commercial, residential, mixed_use",640000,24.62,23,Sandy,90.0,112.03,32.2,14.0,1,22.0,High,0.7055161
2025-09-18,Ward T,Panch Rasta,19.1735,72.9478,Tulsi Lake,7.0,"commercial, residential, mixed_use",640000,24.62,23,Sandy,90.0,112.03,12.5,2.0,1,20.0,High,0.67799616
2025-09-19,Ward T,Panch Rasta,19.1735,72.9478,Tulsi Lake,7.0,"commercial, residential, mixed_use",640000,24.62,23,Sandy,90.0,112.03,0.0,0.1,0,1.0,Moderate,0.40241307
2025-09-20,Ward T,Panch Rasta,19.1735,72.9478,Tulsi Lake,7.0,"commercial, residential, mixed_use",640000,24.62,23,Sandy,90.0,112.03,17.6,0.7333333333333334,1,24.0,High,0.6625991
2025-09-21,Ward T,Panch Rasta,19.1735,72.9478,Tulsi Lake,7.0,"commercial, residential, mixed_use",640000,24.62,23,Sandy,90.0,112.03,15.6,0.6782608695652174,1,23.0,High,0.6779174
2025-09-22,Ward T,Panch Rasta,19.1735,72.9478,Tulsi Lake,7.0,"commercial, residential, mixed_use",640000,24.62,23,Sandy,90.0,112.03,28.1,1.1708333333333334,1,24.0,High,0.6625991
2025-09-23,Ward T,Panch Rasta,19.1735,72.9478,Tulsi Lake,7.0,"commercial, residential, mixed_use",640000,24.62,23,Sandy,90.0,112.03,33.2,1.5090909090909093,1,22.0,High,0.66358703
2025-09-24,Ward T,Panch Rasta,19.1735,72.9478,Tulsi Lake,7.0,"commercial, residential, mixed_use",640000,24.62,23,Sandy,90.0,112.03,1.5,0.1666666666666666,1,9.0,High,0.5234154
2025-09-25,Ward T,Panch Rasta,19.1735,72.9478,Tulsi Lake,7.0,"commercial, residential, mixed_use",640000,24.62,23,Sandy,90.0,112.03,0.0,0.0,0,0.0,Moderate,0.45602173
2025-09-26,Ward T,Panch Rasta,19.1735,72.9478,Tulsi Lake,7.0,"commercial, residential, mixed_use",640000,24.62,23,Sandy,90.0,112.03,1.5,0.1666666666666666,1,9.0,High,0.5234154
2025-09-13,Ward N,Pant Nagar,19.0845,72.9107,Chembur Nalla,10.0,"recreation_ground, residential, mixed_use",520000,13.93,8,Sandy,90.0,89.81,10.7,2.8,1,17.0,High,0.67752665
2025-09-14,Ward N,Pant Nagar,19.0845,72.9107,Chembur Nalla,10.0,"recreation_ground, residential, mixed_use",520000,13.93,8,Sandy,90.0,89.81,14.2,2.8,1,22.0,High,0.67752665
2025-09-15,Ward N,Pant Nagar,19.0845,72.9107,Chembur Nalla,10.0,"recreation_ground, residential, mixed_use",520000,13.93,8,Sandy,90.0,89.81,56.1,8.9,1,18.0,High,0.70900387
2025-09-16,Ward N,Pant Nagar,19.0845,72.9107,Chembur Nalla,10.0,"recreation_ground, residential, mixed_use",520000,13.93,8,Sandy,90.0,89.81,14.5,7.3,1,22.0,High,0.67752665
2025-09-17,Ward N,Pant Nagar,19.0845,72.9107,Chembur Nalla,10.0,"recreation_ground, residential, mixed_use",520000,13.93,8,Sandy,90.0,89.81,22.3,13.7,1,22.0,High,0.6411139
2025-09-18,Ward N,Pant Nagar,19.0845,72.9107,Chembur Nalla,10.0,"recreation_ground, residential, mixed_use",520000,13.93,8,Sandy,90.0,89.81,16.0,3.9,1,21.0,High,0.67752665
2025-09-19,Ward N,Pant Nagar,19.0845,72.9107,Chembur Nalla,10.0,"recreation_ground, residential, mixed_use",520000,13.93,8,Sandy,90.0,89.81,0.0,0.1,0,4.0,Moderate,0.5256128
2025-09-20,Ward N,Pant Nagar,19.0845,72.9107,Chembur Nalla,10.0,"recreation_ground, residential, mixed_use",520000,13.93,8,Sandy,90.0,89.81,22.4,0.9333333333333332,1,24.0,High,0.45065734
2025-09-21,Ward N,Pant Nagar,19.0845,72.9107,Chembur Nalla,10.0,"recreation_ground, residential, mixed_use",520000,13.93,8,Sandy,90.0,89.81,23.7,0.9875,1,24.0,High,0.45065734
2025-09-22,Ward N,Pant Nagar,19.0845,72.9107,Chembur Nalla,10.0,"recreation_ground, residential, mixed_use",520000,13.93,8,Sandy,90.0,89.81,43.5,1.8125,1,24.0,High,0.48056242
2025-09-23,Ward N,Pant Nagar,19.0845,72.9107,Chembur Nalla,10.0,"recreation_ground, residential, mixed_use",520000,13.93,8,Sandy,90.0,89.81,29.8,1.3545454545454545,1,22.0,High,0.45982462
2025-09-24,Ward N,Pant Nagar,19.0845,72.9107,Chembur Nalla,10.0,"recreation_ground, residential, mixed_use",520000,13.93,8,Sandy,90.0,89.81,3.3,0.1571428571428571,1,21.0,High,0.41994366
2025-09-25,Ward N,Pant Nagar,19.0845,72.9107,Chembur Nalla,10.0,"recreation_ground, residential, mixed_use",520000,13.93,8,Sandy,90.0,89.81,1.8,0.15,1,12.0,High,0.41994366
2025-09-26,Ward N,Pant Nagar,19.0845,72.9107,Chembur Nalla,10.0,"recreation_ground, residential, mixed_use",520000,13.93,8,Sandy,90.0,89.81,3.6,0.2,1,18.0,High,0.41994366
2025-09-13,Ward P/N,Pathanwadi,19.1834,72.8701,Goregaon Nalla,67.0,"commercial, residential, mixed_use",900000,26.8,11,Sandy,90.0,337.58,10.6,2.2,1,16.0,High,0.64075625
2025-09-14,Ward P/N,Pathanwadi,19.1834,72.8701,Goregaon Nalla,67.0,"commercial, residential, mixed_use",900000,26.8,11,Sandy,90.0,337.58,12.1,2.6,1,21.0,High,0.64075625
2025-09-15,Ward P/N,Pathanwadi,19.1834,72.8701,Goregaon Nalla,67.0,"commercial, residential, mixed_use",900000,26.8,11,Sandy,90.0,337.58,29.1,5.0,1,17.0,High,0.593029
2025-09-16,Ward P/N,Pathanwadi,19.1834,72.8701,Goregaon Nalla,67.0,"commercial, residential, mixed_use",900000,26.8,11,Sandy,90.0,337.58,6.6,2.4,1,20.0,High,0.6189593
2025-09-17,Ward P/N,Pathanwadi,19.1834,72.8701,Goregaon Nalla,67.0,"commercial, residential, mixed_use",900000,26.8,11,Sandy,90.0,337.58,27.8,19.8,1,23.0,High,0.593029
2025-09-18,Ward P/N,Pathanwadi,19.1834,72.8701,Goregaon Nalla,67.0,"commercial, residential, mixed_use",900000,26.8,11,Sandy,90.0,337.58,14.8,3.1,1,22.0,High,0.64075625
2025-09-19,Ward P/N,Pathanwadi,19.1834,72.8701,Goregaon Nalla,67.0,"commercial, residential, mixed_use",900000,26.8,11,Sandy,90.0,337.58,0.0,0.1,0,2.0,Moderate,0.5642125
2025-09-20,Ward P/N,Pathanwadi,19.1834,72.8701,Goregaon Nalla,67.0,"commercial, residential, mixed_use",900000,26.8,11,Sandy,90.0,337.58,22.4,0.9333333333333332,1,24.0,Moderate,0.4247938
2025-09-21,Ward P/N,Pathanwadi,19.1834,72.8701,Goregaon Nalla,67.0,"commercial, residential, mixed_use",900000,26.8,11,Sandy,90.0,337.58,23.7,0.9875,1,24.0,Moderate,0.4247938
2025-09-22,Ward P/N,Pathanwadi,19.1834,72.8701,Goregaon Nalla,67.0,"commercial, residential, mixed_use",900000,26.8,11,Sandy,90.0,337.58,43.5,1.8125,1,24.0,High,0.3823706
2025-09-23,Ward P/N,Pathanwadi,19.1834,72.8701,Goregaon Nalla,67.0,"commercial, residential, mixed_use",900000,26.8,11,Sandy,90.0,337.58,29.8,1.3545454545454545,1,22.0,Moderate,0.4073823
2025-09-24,Ward P/N,Pathanwadi,19.1834,72.8701,Goregaon Nalla,67.0,"commercial, residential, mixed_use",900000,26.8,11,Sandy,90.0,337.58,3.3,0.1571428571428571,1,21.0,High,0.38673
2025-09-25,Ward P/N,Pathanwadi,19.1834,72.8701,Goregaon Nalla,67.0,"commercial, residential, mixed_use",900000,26.8,11,Sandy,90.0,337.58,1.8,0.15,1,12.0,High,0.38673
2025-09-26,Ward P/N,Pathanwadi,19.1834,72.8701,Goregaon Nalla,67.0,"commercial, residential, mixed_use",900000,26.8,11,Sandy,90.0,337.58,3.6,0.2,1,18.0,High,0.38673
2025-09-13,Ward R/S,Poinsur Depot,19.2083,72.8361,Poinsur River,15.0,"residential, mixed_use",610000,32.09,6,Urban,90.0,630.74,8.5,2.4,1,14.0,High,0.65106624
2025-09-14,Ward R/S,Poinsur Depot,19.2083,72.8361,Poinsur River,15.0,"residential, mixed_use",610000,32.09,6,Urban,90.0,630.74,8.0,1.3,1,22.0,High,0.5038574
2025-09-15,Ward R/S,Poinsur Depot,19.2083,72.8361,Poinsur River,15.0,"residential, mixed_use",610000,32.09,6,Urban,90.0,630.74,17.3,4.3,1,20.0,High,0.6049061
2025-09-16,Ward R/S,Poinsur Depot,19.2083,72.8361,Poinsur River,15.0,"residential, mixed_use",610000,32.09,6,Urban,90.0,630.74,10.0,2.4,1,22.0,High,0.65106624
2025-09-17,Ward R/S,Poinsur Depot,19.2083,72.8361,Poinsur River,15.0,"residential, mixed_use",610000,32.09,6,Urban,90.0,630.74,17.9,12.7,1,18.0,High,0.6049061
2025-09-18,Ward R/S,Poinsur Depot,19.2083,72.8361,Poinsur River,15.0,"residential, mixed_use",610000,32.09,6,Urban,90.0,630.74,15.8,4.6,1,21.0,High,0.65106624
2025-09-19,Ward R/S,Poinsur Depot,19.2083,72.8361,Poinsur River,15.0,"residential, mixed_use",610000,32.09,6,Urban,90.0,630.74,0.0,0.3,0,5.0,Moderate,0.46991143
2025-09-20,Ward R/S,Poinsur Depot,19.2083,72.8361,Poinsur River,15.0,"residential, mixed_use",610000,32.09,6,Urban,90.0,630.74,22.1,0.9208333333333334,1,24.0,Moderate,0.40873018
2025-09-21,Ward R/S,Poinsur Depot,19.2083,72.8361,Poinsur River,15.0,"residential, mixed_use",610000,32.09,6,Urban,90.0,630.74,24.3,1.0125,1,24.0,Moderate,0.40873018
2025-09-22,Ward R/S,Poinsur Depot,19.2083,72.8361,Poinsur River,15.0,"residential, mixed_use",610000,32.09,6,Urban,90.0,630.74,52.2,2.1750000000000003,1,24.0,High,0.62423617
2025-09-23,Ward R/S,Poinsur Depot,19.2083,72.8361,Poinsur River,15.0,"residential, mixed_use",610000,32.09,6,Urban,90.0,630.74,31.9,1.3291666666666666,1,24.0,High,0.37895775
2025-09-24,Ward R/S,Poinsur Depot,19.2083,72.8361,Poinsur River,15.0,"residential, mixed_use",610000,32.09,6,Urban,90.0,630.74,1.5,0.1,1,15.0,High,0.39761388
2025-09-25,Ward R/S,Poinsur Depot,19.2083,72.8361,Poinsur River,15.0,"residential, mixed_use",610000,32.09,6,Urban,90.0,630.74,1.8,0.2,1,9.0,High,0.39761388
2025-09-26,Ward R/S,Poinsur Depot,19.2083,72.8361,Poinsur River,15.0,"residential, mixed_use",610000,32.09,6,Urban,90.0,630.74,3.0,0.2,1,15.0,High,0.39761388
2025-09-13,Ward G/S,Prabhadevi,19.0148811,72.8279556,Arabian Sea,11.84725164,commercial,430000,2.716993041,2695,Sand,60.15520638,3238.0,12.4,2.1,1,18.0,High,0.64330447
2025-09-14,Ward G/S,Prabhadevi,19.0148811,72.8279556,Arabian Sea,11.84725164,commercial,430000,2.716993041,2695,Sand,60.15520638,3238.0,16.3,3.6,1,24.0,High,0.6209933
2025-09-15,Ward G/S,Prabhadevi,19.0148811,72.8279556,Arabian Sea,11.84725164,commercial,430000,2.716993041,2695,Sand,60.15520638,3238.0,72.3,13.2,1,18.0,High,0.6689022
2025-09-16,Ward G/S,Prabhadevi,19.0148811,72.8279556,Arabian Sea,11.84725164,commercial,430000,2.716993041,2695,Sand,60.15520638,3238.0,7.8,0.9,1,22.0,High,0.54307956
2025-09-17,Ward G/S,Prabhadevi,19.0148811,72.8279556,Arabian Sea,11.84725164,commercial,430000,2.716993041,2695,Sand,60.15520638,3238.0,15.2,4.5,1,22.0,High,0.64330447
2025-09-18,Ward G/S,Prabhadevi,19.0148811,72.8279556,Arabian Sea,11.84725164,commercial,430000,2.716993041,2695,Sand,60.15520638,3238.0,9.9,1.3,1,21.0,High,0.54307956
2025-09-19,Ward G/S,Prabhadevi,19.0148811,72.8279556,Arabian Sea,11.84725164,commercial,430000,2.716993041,2695,Sand,60.15520638,3238.0,0.0,3.3,0,6.0,High,0.47353414
2025-09-20,Ward G/S,Prabhadevi,19.0148811,72.8279556,Arabian Sea,11.84725164,commercial,430000,2.716993041,2695,Sand,60.15520638,3238.0,22.4,0.9333333333333332,1,24.0,High,0.4396145
2025-09-21,Ward G/S,Prabhadevi,19.0148811,72.8279556,Arabian Sea,11.84725164,commercial,430000,2.716993041,2695,Sand,60.15520638,3238.0,23.7,0.9875,1,24.0,High,0.4396145
2025-09-22,Ward G/S,Prabhadevi,19.0148811,72.8279556,Arabian Sea,11.84725164,commercial,430000,2.716993041,2695,Sand,60.15520638,3238.0,43.5,1.8125,1,24.0,High,0.46886647
2025-09-23,Ward G/S,Prabhadevi,19.0148811,72.8279556,Arabian Sea,11.84725164,commercial,430000,2.716993041,2695,Sand,60.15520638,3238.0,29.8,1.3545454545454545,1,22.0,High,0.4472941
2025-09-24,Ward G/S,Prabhadevi,19.0148811,72.8279556,Arabian Sea,11.84725164,commercial,430000,2.716993041,2695,Sand,60.15520638,3238.0,3.3,0.1571428571428571,1,21.0,High,0.4410388
2025-09-25,Ward G/S,Prabhadevi,19.0148811,72.8279556,Arabian Sea,11.84725164,commercial,430000,2.716993041,2695,Sand,60.15520638,3238.0,1.8,0.15,1,12.0,High,0.4410388
2025-09-26,Ward G/S,Prabhadevi,19.0148811,72.8279556,Arabian Sea,11.84725164,commercial,430000,2.716993041,2695,Sand,60.15520638,3238.0,3.6,0.2,1,18.0,High,0.4410388
2025-09-13,Ward C,Princess Street corner (Marine Lines Junction),18.9494,72.8278,Arabian Sea ,16.0,"commercial, residential, mixed_use",190000,33.49,16,Urban,90.0,2274.63,11.8,3.3,1,14.0,High,0.5992732
2025-09-14,Ward C,Princess Street corner (Marine Lines Junction),18.9494,72.8278,Arabian Sea ,16.0,"commercial, residential, mixed_use",190000,33.49,16,Urban,90.0,2274.63,15.1,2.9,1,19.0,High,0.5992732
2025-09-15,Ward C,Princess Street corner (Marine Lines Junction),18.9494,72.8278,Arabian Sea ,16.0,"commercial, residential, mixed_use",190000,33.49,16,Urban,90.0,2274.63,82.8,12.7,1,19.0,High,0.63790625
2025-09-16,Ward C,Princess Street corner (Marine Lines Junction),18.9494,72.8278,Arabian Sea ,16.0,"commercial, residential, mixed_use",190000,33.49,16,Urban,90.0,2274.63,10.6,1.3,1,20.0,High,0.47130892
2025-09-17,Ward C,Princess Street corner (Marine Lines Junction),18.9494,72.8278,Arabian Sea ,16.0,"commercial, residential, mixed_use",190000,33.49,16,Urban,90.0,2274.63,10.4,1.6,1,21.0,High,0.47130892
2025-09-18,Ward C,Princess Street corner (Marine Lines Junction),18.9494,72.8278,Arabian Sea ,16.0,"commercial, residential, mixed_use",190000,33.49,16,Urban,90.0,2274.63,18.7,3.3,1,21.0,High,0.54595846
2025-09-19,Ward C,Princess Street corner (Marine Lines Junction),18.9494,72.8278,Arabian Sea ,16.0,"commercial, residential, mixed_use",190000,33.49,16,Urban,90.0,2274.63,0.0,3.3,0,6.0,High,0.41884515
2025-09-20,Ward C,Princess Street corner (Marine Lines Junction),18.9494,72.8278,Arabian Sea ,16.0,"commercial, residential, mixed_use",190000,33.49,16,Urban,90.0,2274.63,22.4,0.9333333333333332,1,24.0,Moderate,0.41746214
2025-09-21,Ward C,Princess Street corner (Marine Lines Junction),18.9494,72.8278,Arabian Sea ,16.0,"commercial, residential, mixed_use",190000,33.49,16,Urban,90.0,2274.63,23.7,0.9875,1,24.0,Moderate,0.41746214
2025-09-22,Ward C,Princess Street corner (Marine Lines Junction),18.9494,72.8278,Arabian Sea ,16.0,"commercial, residential, mixed_use",190000,33.49,16,Urban,90.0,2274.63,43.5,1.8125,1,24.0,High,0.378697
2025-09-23,Ward C,Princess Street corner (Marine Lines Junction),18.9494,72.8278,Arabian Sea ,16.0,"commercial, residential, mixed_use",190000,33.49,16,Urban,90.0,2274.63,29.8,1.3545454545454545,1,22.0,Moderate,0.40014213
2025-09-24,Ward C,Princess Street corner (Marine Lines Junction),18.9494,72.8278,Arabian Sea ,16.0,"commercial, residential, mixed_use",190000,33.49,16,Urban,90.0,2274.63,3.3,0.1571428571428571,1,21.0,High,0.34950137
2025-09-25,Ward C,Princess Street corner (Marine Lines Junction),18.9494,72.8278,Arabian Sea ,16.0,"commercial, residential, mixed_use",190000,33.49,16,Urban,90.0,2274.63,1.8,0.15,1,12.0,High,0.34950137
2025-09-26,Ward C,Princess Street corner (Marine Lines Junction),18.9494,72.8278,Arabian Sea ,16.0,"commercial, residential, mixed_use",190000,33.49,16,Urban,90.0,2274.63,3.6,0.2,1,18.0,High,0.34950137
2025-09-13,Ward P/N,Pushpa Park,19.1853,72.8623,Poinsur River,40.0,"commercial, retail, mixed_use",900000,17.72,5,Sandy,90.0,23.84,10.6,2.2,1,16.0,High,0.6472032
2025-09-14,Ward P/N,Pushpa Park,19.1853,72.8623,Poinsur River,40.0,"commercial, retail, mixed_use",900000,17.72,5,Sandy,90.0,23.84,12.1,2.6,1,21.0,High,0.6472032
2025-09-15,Ward P/N,Pushpa Park,19.1853,72.8623,Poinsur River,40.0,"commercial, retail, mixed_use",900000,17.72,5,Sandy,90.0,23.84,29.1,5.0,1,17.0,High,0.600925
2025-09-16,Ward P/N,Pushpa Park,19.1853,72.8623,Poinsur River,40.0,"commercial, retail, mixed_use",900000,17.72,5,Sandy,90.0,23.84,6.6,2.4,1,20.0,High,0.62564087
2025-09-17,Ward P/N,Pushpa Park,19.1853,72.8623,Poinsur River,40.0,"commercial, retail, mixed_use",900000,17.72,5,Sandy,90.0,23.84,27.8,19.8,1,23.0,High,0.600925
2025-09-18,Ward P/N,Pushpa Park,19.1853,72.8623,Poinsur River,40.0,"commercial, retail, mixed_use",900000,17.72,5,Sandy,90.0,23.84,14.8,3.1,1,22.0,High,0.6472032
2025-09-19,Ward P/N,Pushpa Park,19.1853,72.8623,Poinsur River,40.0,"commercial, retail, mixed_use",900000,17.72,5,Sandy,90.0,23.84,0.0,0.1,0,2.0,Moderate,0.55093586
2025-09-20,Ward P/N,Pushpa Park,19.1853,72.8623,Poinsur River,40.0,"commercial, retail, mixed_use",900000,17.72,5,Sandy,90.0,23.84,22.4,0.9333333333333332,1,24.0,Moderate,0.4104937
2025-09-21,Ward P/N,Pushpa Park,19.1853,72.8623,Poinsur River,40.0,"commercial, retail, mixed_use",900000,17.72,5,Sandy,90.0,23.84,23.7,0.9875,1,24.0,Moderate,0.4104937
2025-09-22,Ward P/N,Pushpa Park,19.1853,72.8623,Poinsur River,40.0,"commercial, retail, mixed_use",900000,17.72,5,Sandy,90.0,23.84,43.5,1.8125,1,24.0,High,0.39187157
2025-09-23,Ward P/N,Pushpa Park,19.1853,72.8623,Poinsur River,40.0,"commercial, retail, mixed_use",900000,17.72,5,Sandy,90.0,23.84,29.8,1.3545454545454545,1,22.0,Moderate,0.3932676
2025-09-24,Ward P/N,Pushpa Park,19.1853,72.8623,Poinsur River,40.0,"commercial, retail, mixed_use",900000,17.72,5,Sandy,90.0,23.84,3.3,0.1571428571428571,1,21.0,High,0.3980791
2025-09-25,Ward P/N,Pushpa Park,19.1853,72.8623,Poinsur River,40.0,"commercial, retail, mixed_use",900000,17.72,5,Sandy,90.0,23.84,1.8,0.15,1,12.0,High,0.3980791
2025-09-26,Ward P/N,Pushpa Park,19.1853,72.8623,Poinsur River,40.0,"commercial, retail, mixed_use",900000,17.72,5,Sandy,90.0,23.84,3.6,0.2,1,18.0,High,0.3980791
2025-09-13,Ward N,RB Kadam Marg,19.0898,72.9156,Powai Lake,11.0,"recreation_ground, residential, mixed_use",780000,8.73,10,Sandy,90.0,260.13,10.7,2.8,1,17.0,High,0.61575735
2025-09-14,Ward N,RB Kadam Marg,19.0898,72.9156,Powai Lake,11.0,"recreation_ground, residential, mixed_use",780000,8.73,10,Sandy,90.0,260.13,14.2,2.8,1,22.0,High,0.61575735
2025-09-15,Ward N,RB Kadam Marg,19.0898,72.9156,Powai Lake,11.0,"recreation_ground, residential, mixed_use",780000,8.73,10,Sandy,90.0,260.13,56.1,8.9,1,18.0,High,0.6578747
2025-09-16,Ward N,RB Kadam Marg,19.0898,72.9156,Powai Lake,11.0,"recreation_ground, residential, mixed_use",780000,8.73,10,Sandy,90.0,260.13,14.5,7.3,1,22.0,High,0.61575735
2025-09-17,Ward N,RB Kadam Marg,19.0898,72.9156,Powai Lake,11.0,"recreation_ground, residential, mixed_use",780000,8.73,10,Sandy,90.0,260.13,22.3,13.7,1,22.0,High,0.56609195
2025-09-18,Ward N,RB Kadam Marg,19.0898,72.9156,Powai Lake,11.0,"recreation_ground, residential, mixed_use",780000,8.73,10,Sandy,90.0,260.13,16.0,3.9,1,21.0,High,0.61575735
2025-09-19,Ward N,RB Kadam Marg,19.0898,72.9156,Powai Lake,11.0,"recreation_ground, residential, mixed_use",780000,8.73,10,Sandy,90.0,260.13,0.0,0.1,0,4.0,Moderate,0.5144787
2025-09-20,Ward N,RB Kadam Marg,19.0898,72.9156,Powai Lake,11.0,"recreation_ground, residential, mixed_use",780000,8.73,10,Sandy,90.0,260.13,22.4,0.9333333333333332,1,24.0,Moderate,0.46947986
2025-09-21,Ward N,RB Kadam Marg,19.0898,72.9156,Powai Lake,11.0,"recreation_ground, residential, mixed_use",780000,8.73,10,Sandy,90.0,260.13,23.7,0.9875,1,24.0,Moderate,0.46947986
2025-09-22,Ward N,RB Kadam Marg,19.0898,72.9156,Powai Lake,11.0,"recreation_ground, residential, mixed_use",780000,8.73,10,Sandy,90.0,260.13,43.5,1.8125,1,24.0,Moderate,0.40147823
2025-09-23,Ward N,RB Kadam Marg,19.0898,72.9156,Powai Lake,11.0,"recreation_ground, residential, mixed_use",780000,8.73,10,Sandy,90.0,260.13,29.8,1.3545454545454545,1,22.0,Moderate,0.45167503
2025-09-24,Ward N,RB Kadam Marg,19.0898,72.9156,Powai Lake,11.0,"recreation_ground, residential, mixed_use",780000,8.73,10,Sandy,90.0,260.13,3.3,0.1571428571428571,1,21.0,High,0.3767941
2025-09-25,Ward N,RB Kadam Marg,19.0898,72.9156,Powai Lake,11.0,"recreation_ground, residential, mixed_use",780000,8.73,10,Sandy,90.0,260.13,1.8,0.15,1,12.0,High,0.3767941
2025-09-26,Ward N,RB Kadam Marg,19.0898,72.9156,Powai Lake,11.0,"recreation_ground, residential, mixed_use",780000,8.73,10,Sandy,90.0,260.13,3.6,0.2,1,18.0,High,0.3767941
2025-09-13,Ward M/W,RC Marg,19.0443,72.8943,Chembur Nalla,7.0,"residential, slum, mixed_use",710000,10.16,5,Sandy,90.0,416.73,12.4,2.1,1,18.0,High,0.7071092
2025-09-14,Ward M/W,RC Marg,19.0443,72.8943,Chembur Nalla,7.0,"residential, slum, mixed_use",710000,10.16,5,Sandy,90.0,416.73,16.3,3.6,1,24.0,High,0.7051455
2025-09-15,Ward M/W,RC Marg,19.0443,72.8943,Chembur Nalla,7.0,"residential, slum, mixed_use",710000,10.16,5,Sandy,90.0,416.73,72.3,13.2,1,18.0,High,0.7172742
2025-09-16,Ward M/W,RC Marg,19.0443,72.8943,Chembur Nalla,7.0,"residential, slum, mixed_use",710000,10.16,5,Sandy,90.0,416.73,7.8,0.9,1,22.0,High,0.6718363
2025-09-17,Ward M/W,RC Marg,19.0443,72.8943,Chembur Nalla,7.0,"residential, slum, mixed_use",710000,10.16,5,Sandy,90.0,416.73,15.2,4.5,1,22.0,High,0.7071092
2025-09-18,Ward M/W,RC Marg,19.0443,72.8943,Chembur Nalla,7.0,"residential, slum, mixed_use",710000,10.16,5,Sandy,90.0,416.73,9.9,1.3,1,21.0,High,0.6718363
2025-09-19,Ward M/W,RC Marg,19.0443,72.8943,Chembur Nalla,7.0,"residential, slum, mixed_use",710000,10.16,5,Sandy,90.0,416.73,0.0,3.3,0,6.0,High,0.57146376
2025-09-20,Ward M/W,RC Marg,19.0443,72.8943,Chembur Nalla,7.0,"residential, slum, mixed_use",710000,10.16,5,Sandy,90.0,416.73,22.4,0.9333333333333332,1,24.0,High,0.6603141
2025-09-21,Ward M/W,RC Marg,19.0443,72.8943,Chembur Nalla,7.0,"residential, slum, mixed_use",710000,10.16,5,Sandy,90.0,416.73,23.7,0.9875,1,24.0,High,0.6603141
2025-09-22,Ward M/W,RC Marg,19.0443,72.8943,Chembur Nalla,7.0,"residential, slum, mixed_use",710000,10.16,5,Sandy,90.0,416.73,43.5,1.8125,1,24.0,High,0.6569252
2025-09-23,Ward M/W,RC Marg,19.0443,72.8943,Chembur Nalla,7.0,"residential, slum, mixed_use",710000,10.16,5,Sandy,90.0,416.73,29.8,1.3545454545454545,1,22.0,High,0.66104436
2025-09-24,Ward M/W,RC Marg,19.0443,72.8943,Chembur Nalla,7.0,"residential, slum, mixed_use",710000,10.16,5,Sandy,90.0,416.73,3.3,0.1571428571428571,1,21.0,High,0.51485425
2025-09-25,Ward M/W,RC Marg,19.0443,72.8943,Chembur Nalla,7.0,"residential, slum, mixed_use",710000,10.16,5,Sandy,90.0,416.73,1.8,0.15,1,12.0,High,0.51485425
2025-09-26,Ward M/W,RC Marg,19.0443,72.8943,Chembur Nalla,7.0,"residential, slum, mixed_use",710000,10.16,5,Sandy,90.0,416.73,3.6,0.2,1,18.0,High,0.51485425
2025-09-13,Ward A,Regal Circle,18.9225,72.8312,Arabian Sea ,16.0,"commercial, mixed_use",185000,17.36,9,Urban,90.0,1872.23,11.8,3.3,1,14.0,High,0.7102285
2025-09-14,Ward A,Regal Circle,18.9225,72.8312,Arabian Sea ,16.0,"commercial, mixed_use",185000,17.36,9,Urban,90.0,1872.23,15.1,2.9,1,19.0,High,0.7102285
2025-09-15,Ward A,Regal Circle,18.9225,72.8312,Arabian Sea ,16.0,"commercial, mixed_use",185000,17.36,9,Urban,90.0,1872.23,82.8,12.7,1,19.0,High,0.72189164
2025-09-16,Ward A,Regal Circle,18.9225,72.8312,Arabian Sea ,16.0,"commercial, mixed_use",185000,17.36,9,Urban,90.0,1872.23,10.6,1.3,1,20.0,High,0.60296404
2025-09-17,Ward A,Regal Circle,18.9225,72.8312,Arabian Sea ,16.0,"commercial, mixed_use",185000,17.36,9,Urban,90.0,1872.23,10.4,1.6,1,21.0,High,0.60296404
2025-09-18,Ward A,Regal Circle,18.9225,72.8312,Arabian Sea ,16.0,"commercial, mixed_use",185000,17.36,9,Urban,90.0,1872.23,18.7,3.3,1,21.0,High,0.665813
2025-09-19,Ward A,Regal Circle,18.9225,72.8312,Arabian Sea ,16.0,"commercial, mixed_use",185000,17.36,9,Urban,90.0,1872.23,0.0,3.3,0,6.0,High,0.50898075
2025-09-20,Ward A,Regal Circle,18.9225,72.8312,Arabian Sea ,16.0,"commercial, mixed_use",185000,17.36,9,Urban,90.0,1872.23,20.0,0.8333333333333334,1,24.0,High,0.4761285
2025-09-21,Ward A,Regal Circle,18.9225,72.8312,Arabian Sea ,16.0,"commercial, mixed_use",185000,17.36,9,Urban,90.0,1872.23,22.4,0.9333333333333332,1,24.0,High,0.4761285
2025-09-22,Ward A,Regal Circle,18.9225,72.8312,Arabian Sea ,16.0,"commercial, mixed_use",185000,17.36,9,Urban,90.0,1872.23,33.1,1.5761904761904764,1,21.0,High,0.49172857
2025-09-23,Ward A,Regal Circle,18.9225,72.8312,Arabian Sea ,16.0,"commercial, mixed_use",185000,17.36,9,Urban,90.0,1872.23,18.1,0.8227272727272728,1,22.0,High,0.4761285
2025-09-24,Ward A,Regal Circle,18.9225,72.8312,Arabian Sea ,16.0,"commercial, mixed_use",185000,17.36,9,Urban,90.0,1872.23,2.7,0.18,1,15.0,Moderate,0.37924683
2025-09-25,Ward A,Regal Circle,18.9225,72.8312,Arabian Sea ,16.0,"commercial, mixed_use",185000,17.36,9,Urban,90.0,1872.23,2.4,0.1999999999999999,1,12.0,Moderate,0.37924683
2025-09-26,Ward A,Regal Circle,18.9225,72.8312,Arabian Sea ,16.0,"commercial, mixed_use",185000,17.36,9,Urban,90.0,1872.23,3.9,0.2166666666666666,1,18.0,Moderate,0.37924683
2025-09-13,Ward K/W,SV Road (Andheri Subway),19.1182,72.8463,Oshiwara River,14.0,"transport, commercial, mixed_use",750000,26.92,14,Urban,90.0,774.49,12.7,3.5,1,17.0,High,0.6554459
2025-09-14,Ward K/W,SV Road (Andheri Subway),19.1182,72.8463,Oshiwara River,14.0,"transport, commercial, mixed_use",750000,26.92,14,Urban,90.0,774.49,12.2,2.8,1,22.0,High,0.6554459
2025-09-15,Ward K/W,SV Road (Andheri Subway),19.1182,72.8463,Oshiwara River,14.0,"transport, commercial, mixed_use",750000,26.92,14,Urban,90.0,774.49,65.5,10.6,1,18.0,High,0.68037415
2025-09-16,Ward K/W,SV Road (Andheri Subway),19.1182,72.8463,Oshiwara River,14.0,"transport, commercial, mixed_use",750000,26.92,14,Urban,90.0,774.49,5.2,0.9,1,23.0,High,0.51107883
2025-09-17,Ward K/W,SV Road (Andheri Subway),19.1182,72.8463,Oshiwara River,14.0,"transport, commercial, mixed_use",750000,26.92,14,Urban,90.0,774.49,25.7,14.8,1,21.0,High,0.61274016
2025-09-18,Ward K/W,SV Road (Andheri Subway),19.1182,72.8463,Oshiwara River,14.0,"transport, commercial, mixed_use",750000,26.92,14,Urban,90.0,774.49,10.4,1.9,1,21.0,High,0.52827936
2025-09-19,Ward K/W,SV Road (Andheri Subway),19.1182,72.8463,Oshiwara River,14.0,"transport, commercial, mixed_use",750000,26.92,14,Urban,90.0,774.49,0.0,0.7,0,3.0,Moderate,0.43216497
2025-09-20,Ward K/W,SV Road (Andheri Subway),19.1182,72.8463,Oshiwara River,14.0,"transport, commercial, mixed_use",750000,26.92,14,Urban,90.0,774.49,22.4,0.9333333333333332,1,24.0,High,0.39646366
2025-09-21,Ward K/W,SV Road (Andheri Subway),19.1182,72.8463,Oshiwara River,14.0,"transport, commercial, mixed_use",750000,26.92,14,Urban,90.0,774.49,23.7,0.9875,1,24.0,High,0.39646366
2025-09-22,Ward K/W,SV Road (Andheri Subway),19.1182,72.8463,Oshiwara River,14.0,"transport, commercial, mixed_use",750000,26.92,14,Urban,90.0,774.49,43.5,1.8125,1,24.0,High,0.42793941
2025-09-23,Ward K/W,SV Road (Andheri Subway),19.1182,72.8463,Oshiwara River,14.0,"transport, commercial, mixed_use",750000,26.92,14,Urban,90.0,774.49,29.8,1.3545454545454545,1,22.0,High,0.4059215
2025-09-24,Ward K/W,SV Road (Andheri Subway),19.1182,72.8463,Oshiwara River,14.0,"transport, commercial, mixed_use",750000,26.92,14,Urban,90.0,774.49,3.3,0.1571428571428571,1,21.0,High,0.4400586
2025-09-25,Ward K/W,SV Road (Andheri Subway),19.1182,72.8463,Oshiwara River,14.0,"transport, commercial, mixed_use",750000,26.92,14,Urban,90.0,774.49,1.8,0.15,1,12.0,High,0.4400586
2025-09-26,Ward K/W,SV Road (Andheri Subway),19.1182,72.8463,Oshiwara River,14.0,"transport, commercial, mixed_use",750000,26.92,14,Urban,90.0,774.49,3.6,0.2,1,18.0,High,0.4400586
2025-09-13,Ward H/W,SV Road (Khar Subway),19.0717,72.8391,Mithi River,5.0,"transport, commercial, mixed_use",410000,21.37,9,Urban,90.0,793.94,12.7,3.5,1,17.0,High,0.7075883
2025-09-14,Ward H/W,SV Road (Khar Subway),19.0717,72.8391,Mithi River,5.0,"transport, commercial, mixed_use",410000,21.37,9,Urban,90.0,793.94,12.2,2.8,1,22.0,High,0.7075883
2025-09-15,Ward H/W,SV Road (Khar Subway),19.0717,72.8391,Mithi River,5.0,"transport, commercial, mixed_use",410000,21.37,9,Urban,90.0,793.94,65.5,10.6,1,18.0,High,0.717343
2025-09-16,Ward H/W,SV Road (Khar Subway),19.0717,72.8391,Mithi River,5.0,"transport, commercial, mixed_use",410000,21.37,9,Urban,90.0,793.94,5.2,0.9,1,23.0,High,0.62277377
2025-09-17,Ward H/W,SV Road (Khar Subway),19.0717,72.8391,Mithi River,5.0,"transport, commercial, mixed_use",410000,21.37,9,Urban,90.0,793.94,25.7,14.8,1,21.0,High,0.7041217
2025-09-18,Ward H/W,SV Road (Khar Subway),19.0717,72.8391,Mithi River,5.0,"transport, commercial, mixed_use",410000,21.37,9,Urban,90.0,793.94,10.4,1.9,1,21.0,High,0.6749115
2025-09-19,Ward H/W,SV Road (Khar Subway),19.0717,72.8391,Mithi River,5.0,"transport, commercial, mixed_use",410000,21.37,9,Urban,90.0,793.94,0.0,0.7,0,3.0,High,0.5096461
2025-09-20,Ward H/W,SV Road (Khar Subway),19.0717,72.8391,Mithi River,5.0,"transport, commercial, mixed_use",410000,21.37,9,Urban,90.0,793.94,22.4,0.9333333333333332,1,24.0,High,0.66321933
2025-09-21,Ward H/W,SV Road (Khar Subway),19.0717,72.8391,Mithi River,5.0,"transport, commercial, mixed_use",410000,21.37,9,Urban,90.0,793.94,23.7,0.9875,1,24.0,High,0.66321933
2025-09-22,Ward H/W,SV Road (Khar Subway),19.0717,72.8391,Mithi River,5.0,"transport, commercial, mixed_use",410000,21.37,9,Urban,90.0,793.94,43.5,1.8125,1,24.0,High,0.6598143
2025-09-23,Ward H/W,SV Road (Khar Subway),19.0717,72.8391,Mithi River,5.0,"transport, commercial, mixed_use",410000,21.37,9,Urban,90.0,793.94,29.8,1.3545454545454545,1,22.0,High,0.6639306
2025-09-24,Ward H/W,SV Road (Khar Subway),19.0717,72.8391,Mithi River,5.0,"transport, commercial, mixed_use",410000,21.37,9,Urban,90.0,793.94,3.3,0.1571428571428571,1,21.0,High,0.5190301
2025-09-25,Ward H/W,SV Road (Khar Subway),19.0717,72.8391,Mithi River,5.0,"transport, commercial, mixed_use",410000,21.37,9,Urban,90.0,793.94,1.8,0.15,1,12.0,High,0.5190301
2025-09-26,Ward H/W,SV Road (Khar Subway),19.0717,72.8391,Mithi River,5.0,"transport, commercial, mixed_use",410000,21.37,9,Urban,90.0,793.94,3.6,0.2,1,18.0,High,0.5190301
2025-09-13,Ward E,Saat Rasta Junction,18.9754,72.8226,Wadala Nalla,5.0,"commercial, recreation_ground, mixed_use",420000,30.38,6,Urban,90.0,1072.41,11.8,3.3,1,14.0,High,0.6943831
2025-09-14,Ward E,Saat Rasta Junction,18.9754,72.8226,Wadala Nalla,5.0,"commercial, recreation_ground, mixed_use",420000,30.38,6,Urban,90.0,1072.41,15.1,2.9,1,19.0,High,0.6943831
2025-09-15,Ward E,Saat Rasta Junction,18.9754,72.8226,Wadala Nalla,5.0,"commercial, recreation_ground, mixed_use",420000,30.38,6,Urban,90.0,1072.41,82.8,12.7,1,19.0,High,0.699648
2025-09-16,Ward E,Saat Rasta Junction,18.9754,72.8226,Wadala Nalla,5.0,"commercial, recreation_ground, mixed_use",420000,30.38,6,Urban,90.0,1072.41,10.6,1.3,1,20.0,High,0.67540956
2025-09-17,Ward E,Saat Rasta Junction,18.9754,72.8226,Wadala Nalla,5.0,"commercial, recreation_ground, mixed_use",420000,30.38,6,Urban,90.0,1072.41,10.4,1.6,1,21.0,High,0.67540956
2025-09-18,Ward E,Saat Rasta Junction,18.9754,72.8226,Wadala Nalla,5.0,"commercial, recreation_ground, mixed_use",420000,30.38,6,Urban,90.0,1072.41,18.7,3.3,1,21.0,High,0.6856712
2025-09-19,Ward E,Saat Rasta Junction,18.9754,72.8226,Wadala Nalla,5.0,"commercial, recreation_ground, mixed_use",420000,30.38,6,Urban,90.0,1072.41,0.0,3.3,0,6.0,High,0.52999663
2025-09-20,Ward E,Saat Rasta Junction,18.9754,72.8226,Wadala Nalla,5.0,"commercial, recreation_ground, mixed_use",420000,30.38,6,Urban,90.0,1072.41,22.4,0.9333333333333332,1,24.0,High,0.6640882
2025-09-21,Ward E,Saat Rasta Junction,18.9754,72.8226,Wadala Nalla,5.0,"commercial, recreation_ground, mixed_use",420000,30.38,6,Urban,90.0,1072.41,23.7,0.9875,1,24.0,High,0.6640882
2025-09-22,Ward E,Saat Rasta Junction,18.9754,72.8226,Wadala Nalla,5.0,"commercial, recreation_ground, mixed_use",420000,30.38,6,Urban,90.0,1072.41,43.5,1.8125,1,24.0,High,0.6629049
2025-09-23,Ward E,Saat Rasta Junction,18.9754,72.8226,Wadala Nalla,5.0,"commercial, recreation_ground, mixed_use",420000,30.38,6,Urban,90.0,1072.41,29.8,1.3545454545454545,1,22.0,High,0.66228557
2025-09-24,Ward E,Saat Rasta Junction,18.9754,72.8226,Wadala Nalla,5.0,"commercial, recreation_ground, mixed_use",420000,30.38,6,Urban,90.0,1072.41,3.3,0.1571428571428571,1,21.0,High,0.49549088
2025-09-25,Ward E,Saat Rasta Junction,18.9754,72.8226,Wadala Nalla,5.0,"commercial, recreation_ground, mixed_use",420000,30.38,6,Urban,90.0,1072.41,1.8,0.15,1,12.0,High,0.49549088
2025-09-26,Ward E,Saat Rasta Junction,18.9754,72.8226,Wadala Nalla,5.0,"commercial, recreation_ground, mixed_use",420000,30.38,6,Urban,90.0,1072.41,3.6,0.2,1,18.0,High,0.49549088
2025-09-13,Ward K/E,Saki Naka Junction,19.1031,72.8882,Kurla Nalla,12.0,"commercial, transport, mixed_use",880000,18.81,3,Urban,90.0,56.67,12.7,3.5,1,17.0,High,0.65160626
2025-09-14,Ward K/E,Saki Naka Junction,19.1031,72.8882,Kurla Nalla,12.0,"commercial, transport, mixed_use",880000,18.81,3,Urban,90.0,56.67,12.2,2.8,1,22.0,High,0.65160626
2025-09-15,Ward K/E,Saki Naka Junction,19.1031,72.8882,Kurla Nalla,12.0,"commercial, transport, mixed_use",880000,18.81,3,Urban,90.0,56.67,65.5,10.6,1,18.0,High,0.6797699
2025-09-16,Ward K/E,Saki Naka Junction,19.1031,72.8882,Kurla Nalla,12.0,"commercial, transport, mixed_use",880000,18.81,3,Urban,90.0,56.67,5.2,0.9,1,23.0,High,0.48221132
2025-09-17,Ward K/E,Saki Naka Junction,19.1031,72.8882,Kurla Nalla,12.0,"commercial, transport, mixed_use",880000,18.81,3,Urban,90.0,56.67,25.7,14.8,1,21.0,High,0.60675114
2025-09-18,Ward K/E,Saki Naka Junction,19.1031,72.8882,Kurla Nalla,12.0,"commercial, transport, mixed_use",880000,18.81,3,Urban,90.0,56.67,10.4,1.9,1,21.0,High,0.5061117
2025-09-19,Ward K/E,Saki Naka Junction,19.1031,72.8882,Kurla Nalla,12.0,"commercial, transport, mixed_use",880000,18.81,3,Urban,90.0,56.67,0.0,0.7,0,3.0,Moderate,0.4508984
2025-09-20,Ward K/E,Saki Naka Junction,19.1031,72.8882,Kurla Nalla,12.0,"commercial, transport, mixed_use",880000,18.81,3,Urban,90.0,56.67,22.4,0.9333333333333332,1,24.0,Moderate,0.39669764
2025-09-21,Ward K/E,Saki Naka Junction,19.1031,72.8882,Kurla Nalla,12.0,"commercial, transport, mixed_use",880000,18.81,3,Urban,90.0,56.67,23.7,0.9875,1,24.0,Moderate,0.39669764
2025-09-22,Ward K/E,Saki Naka Junction,19.1031,72.8882,Kurla Nalla,12.0,"commercial, transport, mixed_use",880000,18.81,3,Urban,90.0,56.67,43.5,1.8125,1,24.0,High,0.39956313
2025-09-23,Ward K/E,Saki Naka Junction,19.1031,72.8882,Kurla Nalla,12.0,"commercial, transport, mixed_use",880000,18.81,3,Urban,90.0,56.67,29.8,1.3545454545454545,1,22.0,Moderate,0.37967762
2025-09-24,Ward K/E,Saki Naka Junction,19.1031,72.8882,Kurla Nalla,12.0,"commercial, transport, mixed_use",880000,18.81,3,Urban,90.0,56.67,3.3,0.1571428571428571,1,21.0,High,0.41009122
2025-09-25,Ward K/E,Saki Naka Junction,19.1031,72.8882,Kurla Nalla,12.0,"commercial, transport, mixed_use",880000,18.81,3,Urban,90.0,56.67,1.8,0.15,1,12.0,High,0.41009122
2025-09-26,Ward K/E,Saki Naka Junction,19.1031,72.8882,Kurla Nalla,12.0,"commercial, transport, mixed_use",880000,18.81,3,Urban,90.0,56.67,3.6,0.2,1,18.0,High,0.41009122
2025-09-13,Ward H/W,Santacruz West,19.0844004,72.8372899,Mithi River,10.61446384,park,880000,2.01427712,1305,Urban,63.48310326,5375.0,12.7,3.5,1,17.0,High,0.6527065
2025-09-14,Ward H/W,Santacruz West,19.0844004,72.8372899,Mithi River,10.61446384,park,880000,2.01427712,1305,Urban,63.48310326,5375.0,12.2,2.8,1,22.0,High,0.6527065
2025-09-15,Ward H/W,Santacruz West,19.0844004,72.8372899,Mithi River,10.61446384,park,880000,2.01427712,1305,Urban,63.48310326,5375.0,65.5,10.6,1,18.0,High,0.6750637
2025-09-16,Ward H/W,Santacruz West,19.0844004,72.8372899,Mithi River,10.61446384,park,880000,2.01427712,1305,Urban,63.48310326,5375.0,5.2,0.9,1,23.0,High,0.54579496
2025-09-17,Ward H/W,Santacruz West,19.0844004,72.8372899,Mithi River,10.61446384,park,880000,2.01427712,1305,Urban,63.48310326,5375.0,25.7,14.8,1,21.0,High,0.6200409
2025-09-18,Ward H/W,Santacruz West,19.0844004,72.8372899,Mithi River,10.61446384,park,880000,2.01427712,1305,Urban,63.48310326,5375.0,10.4,1.9,1,21.0,High,0.5590768
2025-09-19,Ward H/W,Santacruz West,19.0844004,72.8372899,Mithi River,10.61446384,park,880000,2.01427712,1305,Urban,63.48310326,5375.0,0.0,0.7,0,3.0,High,0.42191285
2025-09-20,Ward H/W,Santacruz West,19.0844004,72.8372899,Mithi River,10.61446384,park,880000,2.01427712,1305,Urban,63.48310326,5375.0,22.4,0.9333333333333332,1,24.0,High,0.463082
2025-09-21,Ward H/W,Santacruz West,19.0844004,72.8372899,Mithi River,10.61446384,park,880000,2.01427712,1305,Urban,63.48310326,5375.0,23.7,0.9875,1,24.0,High,0.463082
2025-09-22,Ward H/W,Santacruz West,19.0844004,72.8372899,Mithi River,10.61446384,park,880000,2.01427712,1305,Urban,63.48310326,5375.0,43.5,1.8125,1,24.0,High,0.4867421
2025-09-23,Ward H/W,Santacruz West,19.0844004,72.8372899,Mithi River,10.61446384,park,880000,2.01427712,1305,Urban,63.48310326,5375.0,29.8,1.3545454545454545,1,22.0,High,0.47070512
2025-09-24,Ward H/W,Santacruz West,19.0844004,72.8372899,Mithi River,10.61446384,park,880000,2.01427712,1305,Urban,63.48310326,5375.0,3.3,0.1571428571428571,1,21.0,High,0.45317483
2025-09-25,Ward H/W,Santacruz West,19.0844004,72.8372899,Mithi River,10.61446384,park,880000,2.01427712,1305,Urban,63.48310326,5375.0,1.8,0.15,1,12.0,High,0.45317483
2025-09-26,Ward H/W,Santacruz West,19.0844004,72.8372899,Mithi River,10.61446384,park,880000,2.01427712,1305,Urban,63.48310326,5375.0,3.6,0.2,1,18.0,High,0.45317483
2025-09-13,Ward T,Sarojini Naidu Road,19.172,72.9554,Tulsi Lake,6.0,"residential, commercial, mixed_use",640000,15.77,7,Urban,90.0,196.31,9.5,2.4,1,17.0,High,0.69797313
2025-09-14,Ward T,Sarojini Naidu Road,19.172,72.9554,Tulsi Lake,6.0,"residential, commercial, mixed_use",640000,15.77,7,Urban,90.0,196.31,11.9,2.8,1,22.0,High,0.69797313
2025-09-15,Ward T,Sarojini Naidu Road,19.172,72.9554,Tulsi Lake,6.0,"residential, commercial, mixed_use",640000,15.77,7,Urban,90.0,196.31,29.4,5.5,1,17.0,High,0.6947277
2025-09-16,Ward T,Sarojini Naidu Road,19.172,72.9554,Tulsi Lake,6.0,"residential, commercial, mixed_use",640000,15.77,7,Urban,90.0,196.31,12.9,4.6,1,21.0,High,0.69797313
2025-09-17,Ward T,Sarojini Naidu Road,19.172,72.9554,Tulsi Lake,6.0,"residential, commercial, mixed_use",640000,15.77,7,Urban,90.0,196.31,32.2,14.0,1,22.0,High,0.69497705
2025-09-18,Ward T,Sarojini Naidu Road,19.172,72.9554,Tulsi Lake,6.0,"residential, commercial, mixed_use",640000,15.77,7,Urban,90.0,196.31,12.5,2.0,1,20.0,High,0.6616668
2025-09-19,Ward T,Sarojini Naidu Road,19.172,72.9554,Tulsi Lake,6.0,"residential, commercial, mixed_use",640000,15.77,7,Urban,90.0,196.31,0.0,0.1,0,1.0,Moderate,0.45975128
2025-09-20,Ward T,Sarojini Naidu Road,19.172,72.9554,Tulsi Lake,6.0,"residential, commercial, mixed_use",640000,15.77,7,Urban,90.0,196.31,17.6,0.7333333333333334,1,24.0,High,0.64534813
2025-09-21,Ward T,Sarojini Naidu Road,19.172,72.9554,Tulsi Lake,6.0,"residential, commercial, mixed_use",640000,15.77,7,Urban,90.0,196.31,15.6,0.6782608695652174,1,23.0,High,0.6615761
2025-09-22,Ward T,Sarojini Naidu Road,19.172,72.9554,Tulsi Lake,6.0,"residential, commercial, mixed_use",640000,15.77,7,Urban,90.0,196.31,28.1,1.1708333333333334,1,24.0,High,0.64534813
2025-09-23,Ward T,Sarojini Naidu Road,19.172,72.9554,Tulsi Lake,6.0,"residential, commercial, mixed_use",640000,15.77,7,Urban,90.0,196.31,33.2,1.5090909090909093,1,22.0,High,0.6464665
2025-09-24,Ward T,Sarojini Naidu Road,19.172,72.9554,Tulsi Lake,6.0,"residential, commercial, mixed_use",640000,15.77,7,Urban,90.0,196.31,1.5,0.1666666666666666,1,9.0,High,0.48017582
2025-09-25,Ward T,Sarojini Naidu Road,19.172,72.9554,Tulsi Lake,6.0,"residential, commercial, mixed_use",640000,15.77,7,Urban,90.0,196.31,0.0,0.0,0,0.0,Moderate,0.47131053
2025-09-26,Ward T,Sarojini Naidu Road,19.172,72.9554,Tulsi Lake,6.0,"residential, commercial, mixed_use",640000,15.77,7,Urban,90.0,196.31,1.5,0.1666666666666666,1,9.0,High,0.48017582
2025-09-13,Ward F/S,Sewri,19.001418,72.8542575,Thane Creek,5.999749158,park,470000,2.428600454,2215,Urban,68.52444529,5385.0,12.4,2.1,1,18.0,High,0.69030017
2025-09-14,Ward F/S,Sewri,19.001418,72.8542575,Thane Creek,5.999749158,park,470000,2.428600454,2215,Urban,68.52444529,5385.0,16.3,3.6,1,24.0,High,0.68803424
2025-09-15,Ward F/S,Sewri,19.001418,72.8542575,Thane Creek,5.999749158,park,470000,2.428600454,2215,Urban,68.52444529,5385.0,72.3,13.2,1,18.0,High,0.695147
2025-09-16,Ward F/S,Sewri,19.001418,72.8542575,Thane Creek,5.999749158,park,470000,2.428600454,2215,Urban,68.52444529,5385.0,7.8,0.9,1,22.0,High,0.6630894
2025-09-17,Ward F/S,Sewri,19.001418,72.8542575,Thane Creek,5.999749158,park,470000,2.428600454,2215,Urban,68.52444529,5385.0,15.2,4.5,1,22.0,High,0.69030017
2025-09-18,Ward F/S,Sewri,19.001418,72.8542575,Thane Creek,5.999749158,park,470000,2.428600454,2215,Urban,68.52444529,5385.0,9.9,1.3,1,21.0,High,0.6630894
2025-09-19,Ward F/S,Sewri,19.001418,72.8542575,Thane Creek,5.999749158,park,470000,2.428600454,2215,Urban,68.52444529,5385.0,0.0,3.3,0,6.0,High,0.5550746
2025-09-20,Ward F/S,Sewri,19.001418,72.8542575,Thane Creek,5.999749158,park,470000,2.428600454,2215,Urban,68.52444529,5385.0,22.4,0.9333333333333332,1,24.0,High,0.6520341
2025-09-21,Ward F/S,Sewri,19.001418,72.8542575,Thane Creek,5.999749158,park,470000,2.428600454,2215,Urban,68.52444529,5385.0,23.7,0.9875,1,24.0,High,0.6520341
2025-09-22,Ward F/S,Sewri,19.001418,72.8542575,Thane Creek,5.999749158,park,470000,2.428600454,2215,Urban,68.52444529,5385.0,43.5,1.8125,1,24.0,High,0.64841545
2025-09-23,Ward F/S,Sewri,19.001418,72.8542575,Thane Creek,5.999749158,park,470000,2.428600454,2215,Urban,68.52444529,5385.0,29.8,1.3545454545454545,1,22.0,High,0.6526718
2025-09-24,Ward F/S,Sewri,19.001418,72.8542575,Thane Creek,5.999749158,park,470000,2.428600454,2215,Urban,68.52444529,5385.0,3.3,0.1571428571428571,1,21.0,High,0.5198683
2025-09-25,Ward F/S,Sewri,19.001418,72.8542575,Thane Creek,5.999749158,park,470000,2.428600454,2215,Urban,68.52444529,5385.0,1.8,0.15,1,12.0,High,0.5198683
2025-09-26,Ward F/S,Sewri,19.001418,72.8542575,Thane Creek,5.999749158,park,470000,2.428600454,2215,Urban,68.52444529,5385.0,3.6,0.2,1,18.0,High,0.5198683
2025-09-13,Ward M/W,Shell Colony,19.0431,72.8995,Wadala Nalla,8.0,"commercial, residential, mixed_use",710000,Error: Found no graph nodes within the requested polygon.,12,Sandy,90.0,1497.8,12.4,2.1,1,18.0,High,0.7041674
2025-09-14,Ward M/W,Shell Colony,19.0431,72.8995,Wadala Nalla,8.0,"commercial, residential, mixed_use",710000,Error: Found no graph nodes within the requested polygon.,12,Sandy,90.0,1497.8,16.3,3.6,1,24.0,High,0.7016694
2025-09-15,Ward M/W,Shell Colony,19.0431,72.8995,Wadala Nalla,8.0,"commercial, residential, mixed_use",710000,Error: Found no graph nodes within the requested polygon.,12,Sandy,90.0,1497.8,72.3,13.2,1,18.0,High,0.71854025
2025-09-16,Ward M/W,Shell Colony,19.0431,72.8995,Wadala Nalla,8.0,"commercial, residential, mixed_use",710000,Error: Found no graph nodes within the requested polygon.,12,Sandy,90.0,1497.8,7.8,0.9,1,22.0,High,0.6674904
2025-09-17,Ward M/W,Shell Colony,19.0431,72.8995,Wadala Nalla,8.0,"commercial, residential, mixed_use",710000,Error: Found no graph nodes within the requested polygon.,12,Sandy,90.0,1497.8,15.2,4.5,1,22.0,High,0.7041674
2025-09-18,Ward M/W,Shell Colony,19.0431,72.8995,Wadala Nalla,8.0,"commercial, residential, mixed_use",710000,Error: Found no graph nodes within the requested polygon.,12,Sandy,90.0,1497.8,9.9,1.3,1,21.0,High,0.6674904
2025-09-19,Ward M/W,Shell Colony,19.0431,72.8995,Wadala Nalla,8.0,"commercial, residential, mixed_use",710000,Error: Found no graph nodes within the requested polygon.,12,Sandy,90.0,1497.8,0.0,3.3,0,6.0,High,0.5699293
2025-09-20,Ward M/W,Shell Colony,19.0431,72.8995,Wadala Nalla,8.0,"commercial, residential, mixed_use",710000,Error: Found no graph nodes within the requested polygon.,12,Sandy,90.0,1497.8,22.4,0.9333333333333332,1,24.0,High,0.6554953
2025-09-21,Ward M/W,Shell Colony,19.0431,72.8995,Wadala Nalla,8.0,"commercial, residential, mixed_use",710000,Error: Found no graph nodes within the requested polygon.,12,Sandy,90.0,1497.8,23.7,0.9875,1,24.0,High,0.6554953
2025-09-22,Ward M/W,Shell Colony,19.0431,72.8995,Wadala Nalla,8.0,"commercial, residential, mixed_use",710000,Error: Found no graph nodes within the requested polygon.,12,Sandy,90.0,1497.8,43.5,1.8125,1,24.0,High,0.65214384
2025-09-23,Ward M/W,Shell Colony,19.0431,72.8995,Wadala Nalla,8.0,"commercial, residential, mixed_use",710000,Error: Found no graph nodes within the requested polygon.,12,Sandy,90.0,1497.8,29.8,1.3545454545454545,1,22.0,High,0.65626234
2025-09-24,Ward M/W,Shell Colony,19.0431,72.8995,Wadala Nalla,8.0,"commercial, residential, mixed_use",710000,Error: Found no graph nodes within the requested polygon.,12,Sandy,90.0,1497.8,3.3,0.1571428571428571,1,21.0,High,0.50707084
2025-09-25,Ward M/W,Shell Colony,19.0431,72.8995,Wadala Nalla,8.0,"commercial, residential, mixed_use",710000,Error: Found no graph nodes within the requested polygon.,12,Sandy,90.0,1497.8,1.8,0.15,1,12.0,High,0.50707084
2025-09-26,Ward M/W,Shell Colony,19.0431,72.8995,Wadala Nalla,8.0,"commercial, residential, mixed_use",710000,Error: Found no graph nodes within the requested polygon.,12,Sandy,90.0,1497.8,3.6,0.2,1,18.0,High,0.50707084
2025-09-13,Ward R/S,Shimpoli Road,19.2064,72.8376,Poinsur River,14.0,"industrial, residential, mixed_use",610000,23.07,22,Urban,90.0,247.69,8.5,2.4,1,14.0,High,0.6735041
2025-09-14,Ward R/S,Shimpoli Road,19.2064,72.8376,Poinsur River,14.0,"industrial, residential, mixed_use",610000,23.07,22,Urban,90.0,247.69,8.0,1.3,1,22.0,High,0.55656075
2025-09-15,Ward R/S,Shimpoli Road,19.2064,72.8376,Poinsur River,14.0,"industrial, residential, mixed_use",610000,23.07,22,Urban,90.0,247.69,17.3,4.3,1,20.0,High,0.63262683
2025-09-16,Ward R/S,Shimpoli Road,19.2064,72.8376,Poinsur River,14.0,"industrial, residential, mixed_use",610000,23.07,22,Urban,90.0,247.69,10.0,2.4,1,22.0,High,0.6735041
2025-09-17,Ward R/S,Shimpoli Road,19.2064,72.8376,Poinsur River,14.0,"industrial, residential, mixed_use",610000,23.07,22,Urban,90.0,247.69,17.9,12.7,1,18.0,High,0.63262683
2025-09-18,Ward R/S,Shimpoli Road,19.2064,72.8376,Poinsur River,14.0,"industrial, residential, mixed_use",610000,23.07,22,Urban,90.0,247.69,15.8,4.6,1,21.0,High,0.6735041
2025-09-19,Ward R/S,Shimpoli Road,19.2064,72.8376,Poinsur River,14.0,"industrial, residential, mixed_use",610000,23.07,22,Urban,90.0,247.69,0.0,0.3,0,5.0,High,0.40764126
2025-09-20,Ward R/S,Shimpoli Road,19.2064,72.8376,Poinsur River,14.0,"industrial, residential, mixed_use",610000,23.07,22,Urban,90.0,247.69,22.1,0.9208333333333334,1,24.0,High,0.42985895
2025-09-21,Ward R/S,Shimpoli Road,19.2064,72.8376,Poinsur River,14.0,"industrial, residential, mixed_use",610000,23.07,22,Urban,90.0,247.69,24.3,1.0125,1,24.0,High,0.42985895
2025-09-22,Ward R/S,Shimpoli Road,19.2064,72.8376,Poinsur River,14.0,"industrial, residential, mixed_use",610000,23.07,22,Urban,90.0,247.69,52.2,2.1750000000000003,1,24.0,High,0.64872265
2025-09-23,Ward R/S,Shimpoli Road,19.2064,72.8376,Poinsur River,14.0,"industrial, residential, mixed_use",610000,23.07,22,Urban,90.0,247.69,31.9,1.3291666666666666,1,24.0,High,0.446586
2025-09-24,Ward R/S,Shimpoli Road,19.2064,72.8376,Poinsur River,14.0,"industrial, residential, mixed_use",610000,23.07,22,Urban,90.0,247.69,1.5,0.1,1,15.0,High,0.4488898
2025-09-25,Ward R/S,Shimpoli Road,19.2064,72.8376,Poinsur River,14.0,"industrial, residential, mixed_use",610000,23.07,22,Urban,90.0,247.69,1.8,0.2,1,9.0,High,0.4488898
2025-09-26,Ward R/S,Shimpoli Road,19.2064,72.8376,Poinsur River,14.0,"industrial, residential, mixed_use",610000,23.07,22,Urban,90.0,247.69,3.0,0.2,1,15.0,High,0.4488898
2025-09-13,Ward M/E,Shivaji Nagar,19.0572,72.8999,Chembur Nalla,10.0,"hospital/institutional, mixed_use",690000,29.15,7,Sandy,90.0,287.57,10.7,2.8,1,17.0,High,0.68574804
2025-09-14,Ward M/E,Shivaji Nagar,19.0572,72.8999,Chembur Nalla,10.0,"hospital/institutional, mixed_use",690000,29.15,7,Sandy,90.0,287.57,14.2,2.8,1,22.0,High,0.68574804
2025-09-15,Ward M/E,Shivaji Nagar,19.0572,72.8999,Chembur Nalla,10.0,"hospital/institutional, mixed_use",690000,29.15,7,Sandy,90.0,287.57,56.1,8.9,1,18.0,High,0.7141559
2025-09-16,Ward M/E,Shivaji Nagar,19.0572,72.8999,Chembur Nalla,10.0,"hospital/institutional, mixed_use",690000,29.15,7,Sandy,90.0,287.57,14.5,7.3,1,22.0,High,0.68574804
2025-09-17,Ward M/E,Shivaji Nagar,19.0572,72.8999,Chembur Nalla,10.0,"hospital/institutional, mixed_use",690000,29.15,7,Sandy,90.0,287.57,22.3,13.7,1,22.0,High,0.6498792
2025-09-18,Ward M/E,Shivaji Nagar,19.0572,72.8999,Chembur Nalla,10.0,"hospital/institutional, mixed_use",690000,29.15,7,Sandy,90.0,287.57,16.0,3.9,1,21.0,High,0.68574804
2025-09-19,Ward M/E,Shivaji Nagar,19.0572,72.8999,Chembur Nalla,10.0,"hospital/institutional, mixed_use",690000,29.15,7,Sandy,90.0,287.57,0.0,0.1,0,4.0,Moderate,0.5079458
2025-09-20,Ward M/E,Shivaji Nagar,19.0572,72.8999,Chembur Nalla,10.0,"hospital/institutional, mixed_use",690000,29.15,7,Sandy,90.0,287.57,22.4,0.9333333333333332,1,24.0,High,0.46131733
2025-09-21,Ward M/E,Shivaji Nagar,19.0572,72.8999,Chembur Nalla,10.0,"hospital/institutional, mixed_use",690000,29.15,7,Sandy,90.0,287.57,23.7,0.9875,1,24.0,High,0.46131733
2025-09-22,Ward M/E,Shivaji Nagar,19.0572,72.8999,Chembur Nalla,10.0,"hospital/institutional, mixed_use",690000,29.15,7,Sandy,90.0,287.57,43.5,1.8125,1,24.0,High,0.49067396
2025-09-23,Ward M/E,Shivaji Nagar,19.0572,72.8999,Chembur Nalla,10.0,"hospital/institutional, mixed_use",690000,29.15,7,Sandy,90.0,287.57,29.8,1.3545454545454545,1,22.0,High,0.47036153
2025-09-24,Ward M/E,Shivaji Nagar,19.0572,72.8999,Chembur Nalla,10.0,"hospital/institutional, mixed_use",690000,29.15,7,Sandy,90.0,287.57,3.3,0.1571428571428571,1,21.0,High,0.42884484
2025-09-25,Ward M/E,Shivaji Nagar,19.0572,72.8999,Chembur Nalla,10.0,"hospital/institutional, mixed_use",690000,29.15,7,Sandy,90.0,287.57,1.8,0.15,1,12.0,High,0.42884484
2025-09-26,Ward M/E,Shivaji Nagar,19.0572,72.8999,Chembur Nalla,10.0,"hospital/institutional, mixed_use",690000,29.15,7,Sandy,90.0,287.57,3.6,0.2,1,18.0,High,0.42884484
2025-09-13,Ward P/S,Siddharth Hospital area,19.1639,72.8433,Goregaon Nalla,16.0,"slum, residential, mixed_use",820000,41.76,7,Urban,90.0,188.27,10.6,2.2,1,16.0,High,0.63869566
2025-09-14,Ward P/S,Siddharth Hospital area,19.1639,72.8433,Goregaon Nalla,16.0,"slum, residential, mixed_use",820000,41.76,7,Urban,90.0,188.27,12.1,2.6,1,21.0,High,0.63869566
2025-09-15,Ward P/S,Siddharth Hospital area,19.1639,72.8433,Goregaon Nalla,16.0,"slum, residential, mixed_use",820000,41.76,7,Urban,90.0,188.27,29.1,5.0,1,17.0,High,0.5918506
2025-09-16,Ward P/S,Siddharth Hospital area,19.1639,72.8433,Goregaon Nalla,16.0,"slum, residential, mixed_use",820000,41.76,7,Urban,90.0,188.27,6.6,2.4,1,20.0,High,0.62280065
2025-09-17,Ward P/S,Siddharth Hospital area,19.1639,72.8433,Goregaon Nalla,16.0,"slum, residential, mixed_use",820000,41.76,7,Urban,90.0,188.27,27.8,19.8,1,23.0,High,0.5918506
2025-09-18,Ward P/S,Siddharth Hospital area,19.1639,72.8433,Goregaon Nalla,16.0,"slum, residential, mixed_use",820000,41.76,7,Urban,90.0,188.27,14.8,3.1,1,22.0,High,0.63869566
2025-09-19,Ward P/S,Siddharth Hospital area,19.1639,72.8433,Goregaon Nalla,16.0,"slum, residential, mixed_use",820000,41.76,7,Urban,90.0,188.27,0.0,0.1,0,2.0,Moderate,0.55273837
2025-09-20,Ward P/S,Siddharth Hospital area,19.1639,72.8433,Goregaon Nalla,16.0,"slum, residential, mixed_use",820000,41.76,7,Urban,90.0,188.27,22.4,0.9333333333333332,1,24.0,Moderate,0.42655405
2025-09-21,Ward P/S,Siddharth Hospital area,19.1639,72.8433,Goregaon Nalla,16.0,"slum, residential, mixed_use",820000,41.76,7,Urban,90.0,188.27,23.7,0.9875,1,24.0,Moderate,0.42655405
2025-09-22,Ward P/S,Siddharth Hospital area,19.1639,72.8433,Goregaon Nalla,16.0,"slum, residential, mixed_use",820000,41.76,7,Urban,90.0,188.27,43.5,1.8125,1,24.0,High,0.37754318
2025-09-23,Ward P/S,Siddharth Hospital area,19.1639,72.8433,Goregaon Nalla,16.0,"slum, residential, mixed_use",820000,41.76,7,Urban,90.0,188.27,29.8,1.3545454545454545,1,22.0,Moderate,0.40912175
2025-09-24,Ward P/S,Siddharth Hospital area,19.1639,72.8433,Goregaon Nalla,16.0,"slum, residential, mixed_use",820000,41.76,7,Urban,90.0,188.27,3.3,0.1571428571428571,1,21.0,High,0.39430782
2025-09-25,Ward P/S,Siddharth Hospital area,19.1639,72.8433,Goregaon Nalla,16.0,"slum, residential, mixed_use",820000,41.76,7,Urban,90.0,188.27,1.8,0.15,1,12.0,High,0.39430782
2025-09-26,Ward P/S,Siddharth Hospital area,19.1639,72.8433,Goregaon Nalla,16.0,"slum, residential, mixed_use",820000,41.76,7,Urban,90.0,188.27,3.6,0.2,1,18.0,High,0.39430782
2025-09-13,Ward F/N,Sion Circle,19.0373,72.8555,Wadala Nalla,8.0,"transport, commercial, mixed_use",530000,24.29,18,Urban,90.0,513.27,12.4,2.1,1,18.0,High,0.7148999
2025-09-14,Ward F/N,Sion Circle,19.0373,72.8555,Wadala Nalla,8.0,"transport, commercial, mixed_use",530000,24.29,18,Urban,90.0,513.27,16.3,3.6,1,24.0,High,0.7127326
2025-09-15,Ward F/N,Sion Circle,19.0373,72.8555,Wadala Nalla,8.0,"transport, commercial, mixed_use",530000,24.29,18,Urban,90.0,513.27,72.3,13.2,1,18.0,High,0.71977746
2025-09-16,Ward F/N,Sion Circle,19.0373,72.8555,Wadala Nalla,8.0,"transport, commercial, mixed_use",530000,24.29,18,Urban,90.0,513.27,7.8,0.9,1,22.0,High,0.6887239
2025-09-17,Ward F/N,Sion Circle,19.0373,72.8555,Wadala Nalla,8.0,"transport, commercial, mixed_use",530000,24.29,18,Urban,90.0,513.27,15.2,4.5,1,22.0,High,0.7148999
2025-09-18,Ward F/N,Sion Circle,19.0373,72.8555,Wadala Nalla,8.0,"transport, commercial, mixed_use",530000,24.29,18,Urban,90.0,513.27,9.9,1.3,1,21.0,High,0.6887239
2025-09-19,Ward F/N,Sion Circle,19.0373,72.8555,Wadala Nalla,8.0,"transport, commercial, mixed_use",530000,24.29,18,Urban,90.0,513.27,0.0,3.3,0,6.0,High,0.5668104
2025-09-20,Ward F/N,Sion Circle,19.0373,72.8555,Wadala Nalla,8.0,"transport, commercial, mixed_use",530000,24.29,18,Urban,90.0,513.27,22.4,0.9333333333333332,1,24.0,High,0.678069
2025-09-21,Ward F/N,Sion Circle,19.0373,72.8555,Wadala Nalla,8.0,"transport, commercial, mixed_use",530000,24.29,18,Urban,90.0,513.27,23.7,0.9875,1,24.0,High,0.678069
2025-09-22,Ward F/N,Sion Circle,19.0373,72.8555,Wadala Nalla,8.0,"transport, commercial, mixed_use",530000,24.29,18,Urban,90.0,513.27,43.5,1.8125,1,24.0,High,0.674593
2025-09-23,Ward F/N,Sion Circle,19.0373,72.8555,Wadala Nalla,8.0,"transport, commercial, mixed_use",530000,24.29,18,Urban,90.0,513.27,29.8,1.3545454545454545,1,22.0,High,0.6786862
2025-09-24,Ward F/N,Sion Circle,19.0373,72.8555,Wadala Nalla,8.0,"transport, commercial, mixed_use",530000,24.29,18,Urban,90.0,513.27,3.3,0.1571428571428571,1,21.0,High,0.5376042
2025-09-25,Ward F/N,Sion Circle,19.0373,72.8555,Wadala Nalla,8.0,"transport, commercial, mixed_use",530000,24.29,18,Urban,90.0,513.27,1.8,0.15,1,12.0,High,0.5376042
2025-09-26,Ward F/N,Sion Circle,19.0373,72.8555,Wadala Nalla,8.0,"transport, commercial, mixed_use",530000,24.29,18,Urban,90.0,513.27,3.6,0.2,1,18.0,High,0.5376042
2025-09-13,Ward M/W,Trombay Road Sectors,19.0005,72.8873,Kurla Nalla,3.0,"transport, mixed_use",710000,27.64,6,Urban,90.0,399.93,12.4,2.1,1,18.0,High,0.7037531
2025-09-14,Ward M/W,Trombay Road Sectors,19.0005,72.8873,Kurla Nalla,3.0,"transport, mixed_use",710000,27.64,6,Urban,90.0,399.93,16.3,3.6,1,24.0,High,0.70287037
2025-09-15,Ward M/W,Trombay Road Sectors,19.0005,72.8873,Kurla Nalla,3.0,"transport, mixed_use",710000,27.64,6,Urban,90.0,399.93,72.3,13.2,1,18.0,High,0.7171848
2025-09-16,Ward M/W,Trombay Road Sectors,19.0005,72.8873,Kurla Nalla,3.0,"transport, mixed_use",710000,27.64,6,Urban,90.0,399.93,7.8,0.9,1,22.0,High,0.66786695
2025-09-17,Ward M/W,Trombay Road Sectors,19.0005,72.8873,Kurla Nalla,3.0,"transport, mixed_use",710000,27.64,6,Urban,90.0,399.93,15.2,4.5,1,22.0,High,0.7037531
2025-09-18,Ward M/W,Trombay Road Sectors,19.0005,72.8873,Kurla Nalla,3.0,"transport, mixed_use",710000,27.64,6,Urban,90.0,399.93,9.9,1.3,1,21.0,High,0.66786695
2025-09-19,Ward M/W,Trombay Road Sectors,19.0005,72.8873,Kurla Nalla,3.0,"transport, mixed_use",710000,27.64,6,Urban,90.0,399.93,0.0,3.3,0,6.0,High,0.58108675
2025-09-20,Ward M/W,Trombay Road Sectors,19.0005,72.8873,Kurla Nalla,3.0,"transport, mixed_use",710000,27.64,6,Urban,90.0,399.93,22.4,0.9333333333333332,1,24.0,High,0.6607664
2025-09-21,Ward M/W,Trombay Road Sectors,19.0005,72.8873,Kurla Nalla,3.0,"transport, mixed_use",710000,27.64,6,Urban,90.0,399.93,23.7,0.9875,1,24.0,High,0.6607664
2025-09-22,Ward M/W,Trombay Road Sectors,19.0005,72.8873,Kurla Nalla,3.0,"transport, mixed_use",710000,27.64,6,Urban,90.0,399.93,43.5,1.8125,1,24.0,High,0.65737504
2025-09-23,Ward M/W,Trombay Road Sectors,19.0005,72.8873,Kurla Nalla,3.0,"transport, mixed_use",710000,27.64,6,Urban,90.0,399.93,29.8,1.3545454545454545,1,22.0,High,0.6614938
2025-09-24,Ward M/W,Trombay Road Sectors,19.0005,72.8873,Kurla Nalla,3.0,"transport, mixed_use",710000,27.64,6,Urban,90.0,399.93,3.3,0.1571428571428571,1,21.0,High,0.50672626
2025-09-25,Ward M/W,Trombay Road Sectors,19.0005,72.8873,Kurla Nalla,3.0,"transport, mixed_use",710000,27.64,6,Urban,90.0,399.93,1.8,0.15,1,12.0,High,0.50672626
2025-09-26,Ward M/W,Trombay Road Sectors,19.0005,72.8873,Kurla Nalla,3.0,"transport, mixed_use",710000,27.64,6,Urban,90.0,399.93,3.6,0.2,1,18.0,High,0.50672626
2025-09-13,Ward G/S,Tulsi Pipe Road near station,19.0098,72.8319,Wadala Nalla,15.0,"transport, industrial, mixed_use",430000,11.25,9,Urban,90.0,732.0,12.4,2.1,1,18.0,High,0.65286994
2025-09-14,Ward G/S,Tulsi Pipe Road near station,19.0098,72.8319,Wadala Nalla,15.0,"transport, industrial, mixed_use",430000,11.25,9,Urban,90.0,732.0,16.3,3.6,1,24.0,High,0.627287
2025-09-15,Ward G/S,Tulsi Pipe Road near station,19.0098,72.8319,Wadala Nalla,15.0,"transport, industrial, mixed_use",430000,11.25,9,Urban,90.0,732.0,72.3,13.2,1,18.0,High,0.68447995
2025-09-16,Ward G/S,Tulsi Pipe Road near station,19.0098,72.8319,Wadala Nalla,15.0,"transport, industrial, mixed_use",430000,11.25,9,Urban,90.0,732.0,7.8,0.9,1,22.0,High,0.5131485
2025-09-17,Ward G/S,Tulsi Pipe Road near station,19.0098,72.8319,Wadala Nalla,15.0,"transport, industrial, mixed_use",430000,11.25,9,Urban,90.0,732.0,15.2,4.5,1,22.0,High,0.65286994
2025-09-18,Ward G/S,Tulsi Pipe Road near station,19.0098,72.8319,Wadala Nalla,15.0,"transport, industrial, mixed_use",430000,11.25,9,Urban,90.0,732.0,9.9,1.3,1,21.0,High,0.5131485
2025-09-19,Ward G/S,Tulsi Pipe Road near station,19.0098,72.8319,Wadala Nalla,15.0,"transport, industrial, mixed_use",430000,11.25,9,Urban,90.0,732.0,0.0,3.3,0,6.0,High,0.44841236
2025-09-20,Ward G/S,Tulsi Pipe Road near station,19.0098,72.8319,Wadala Nalla,15.0,"transport, industrial, mixed_use",430000,11.25,9,Urban,90.0,732.0,22.4,0.9333333333333332,1,24.0,High,0.38506225
2025-09-21,Ward G/S,Tulsi Pipe Road near station,19.0098,72.8319,Wadala Nalla,15.0,"transport, industrial, mixed_use",430000,11.25,9,Urban,90.0,732.0,23.7,0.9875,1,24.0,High,0.38506225
2025-09-22,Ward G/S,Tulsi Pipe Road near station,19.0098,72.8319,Wadala Nalla,15.0,"transport, industrial, mixed_use",430000,11.25,9,Urban,90.0,732.0,43.5,1.8125,1,24.0,High,0.4193606
2025-09-23,Ward G/S,Tulsi Pipe Road near station,19.0098,72.8319,Wadala Nalla,15.0,"transport, industrial, mixed_use",430000,11.25,9,Urban,90.0,732.0,29.8,1.3545454545454545,1,22.0,High,0.3951725
2025-09-24,Ward G/S,Tulsi Pipe Road near station,19.0098,72.8319,Wadala Nalla,15.0,"transport, industrial, mixed_use",430000,11.25,9,Urban,90.0,732.0,3.3,0.1571428571428571,1,21.0,High,0.38917795
2025-09-25,Ward G/S,Tulsi Pipe Road near station,19.0098,72.8319,Wadala Nalla,15.0,"transport, industrial, mixed_use",430000,11.25,9,Urban,90.0,732.0,1.8,0.15,1,12.0,High,0.38917795
2025-09-26,Ward G/S,Tulsi Pipe Road near station,19.0098,72.8319,Wadala Nalla,15.0,"transport, industrial, mixed_use",430000,11.25,9,Urban,90.0,732.0,3.6,0.2,1,18.0,High,0.38917795
2025-09-13,Ward H/E,Vakola Nala stretch,19.0754,72.8517,Mithi River,7.0,"industrial, transport, mixed_use",410000,20.43,6,Sandy,90.0,165.04,12.7,3.5,1,17.0,High,0.7075963
2025-09-14,Ward H/E,Vakola Nala stretch,19.0754,72.8517,Mithi River,7.0,"industrial, transport, mixed_use",410000,20.43,6,Sandy,90.0,165.04,12.2,2.8,1,22.0,High,0.7075963
2025-09-15,Ward H/E,Vakola Nala stretch,19.0754,72.8517,Mithi River,7.0,"industrial, transport, mixed_use",410000,20.43,6,Sandy,90.0,165.04,65.5,10.6,1,18.0,High,0.71735054
2025-09-16,Ward H/E,Vakola Nala stretch,19.0754,72.8517,Mithi River,7.0,"industrial, transport, mixed_use",410000,20.43,6,Sandy,90.0,165.04,5.2,0.9,1,23.0,High,0.62560785
2025-09-17,Ward H/E,Vakola Nala stretch,19.0754,72.8517,Mithi River,7.0,"industrial, transport, mixed_use",410000,20.43,6,Sandy,90.0,165.04,25.7,14.8,1,21.0,High,0.70413005
2025-09-18,Ward H/E,Vakola Nala stretch,19.0754,72.8517,Mithi River,7.0,"industrial, transport, mixed_use",410000,20.43,6,Sandy,90.0,165.04,10.4,1.9,1,21.0,High,0.6773746
2025-09-19,Ward H/E,Vakola Nala stretch,19.0754,72.8517,Mithi River,7.0,"industrial, transport, mixed_use",410000,20.43,6,Sandy,90.0,165.04,0.0,0.7,0,3.0,High,0.4876538
2025-09-20,Ward H/E,Vakola Nala stretch,19.0754,72.8517,Mithi River,7.0,"industrial, transport, mixed_use",410000,20.43,6,Sandy,90.0,165.04,22.4,0.9333333333333332,1,24.0,High,0.66598165
2025-09-21,Ward H/E,Vakola Nala stretch,19.0754,72.8517,Mithi River,7.0,"industrial, transport, mixed_use",410000,20.43,6,Sandy,90.0,165.04,23.7,0.9875,1,24.0,High,0.66598165
2025-09-22,Ward H/E,Vakola Nala stretch,19.0754,72.8517,Mithi River,7.0,"industrial, transport, mixed_use",410000,20.43,6,Sandy,90.0,165.04,43.5,1.8125,1,24.0,High,0.6625613
2025-09-23,Ward H/E,Vakola Nala stretch,19.0754,72.8517,Mithi River,7.0,"industrial, transport, mixed_use",410000,20.43,6,Sandy,90.0,165.04,29.8,1.3545454545454545,1,22.0,High,0.6666747
2025-09-24,Ward H/E,Vakola Nala stretch,19.0754,72.8517,Mithi River,7.0,"industrial, transport, mixed_use",410000,20.43,6,Sandy,90.0,165.04,3.3,0.1571428571428571,1,21.0,High,0.52069706
2025-09-25,Ward H/E,Vakola Nala stretch,19.0754,72.8517,Mithi River,7.0,"industrial, transport, mixed_use",410000,20.43,6,Sandy,90.0,165.04,1.8,0.15,1,12.0,High,0.52069706
2025-09-26,Ward H/E,Vakola Nala stretch,19.0754,72.8517,Mithi River,7.0,"industrial, transport, mixed_use",410000,20.43,6,Sandy,90.0,165.04,3.6,0.2,1,18.0,High,0.52069706
2025-09-13,Ward K/W,Vile Parle West,19.103908,72.840301,Arabian Sea,9.106762483,park,750000,3.829172143,2360,Sand,76.86714437,4226.0,12.7,3.5,1,17.0,High,0.67191887
2025-09-14,Ward K/W,Vile Parle West,19.103908,72.840301,Arabian Sea,9.106762483,park,750000,3.829172143,2360,Sand,76.86714437,4226.0,12.2,2.8,1,22.0,High,0.67191887
2025-09-15,Ward K/W,Vile Parle West,19.103908,72.840301,Arabian Sea,9.106762483,park,750000,3.829172143,2360,Sand,76.86714437,4226.0,65.5,10.6,1,18.0,High,0.67680705
2025-09-16,Ward K/W,Vile Parle West,19.103908,72.840301,Arabian Sea,9.106762483,park,750000,3.829172143,2360,Sand,76.86714437,4226.0,5.2,0.9,1,23.0,High,0.60475445
2025-09-17,Ward K/W,Vile Parle West,19.103908,72.840301,Arabian Sea,9.106762483,park,750000,3.829172143,2360,Sand,76.86714437,4226.0,25.7,14.8,1,21.0,High,0.66778356
2025-09-18,Ward K/W,Vile Parle West,19.103908,72.840301,Arabian Sea,9.106762483,park,750000,3.829172143,2360,Sand,76.86714437,4226.0,10.4,1.9,1,21.0,High,0.63334435
2025-09-19,Ward K/W,Vile Parle West,19.103908,72.840301,Arabian Sea,9.106762483,park,750000,3.829172143,2360,Sand,76.86714437,4226.0,0.0,0.7,0,3.0,High,0.49107942
2025-09-20,Ward K/W,Vile Parle West,19.103908,72.840301,Arabian Sea,9.106762483,park,750000,3.829172143,2360,Sand,76.86714437,4226.0,22.4,0.9333333333333332,1,24.0,High,0.6116686
2025-09-21,Ward K/W,Vile Parle West,19.103908,72.840301,Arabian Sea,9.106762483,park,750000,3.829172143,2360,Sand,76.86714437,4226.0,23.7,0.9875,1,24.0,High,0.6116686
2025-09-22,Ward K/W,Vile Parle West,19.103908,72.840301,Arabian Sea,9.106762483,park,750000,3.829172143,2360,Sand,76.86714437,4226.0,43.5,1.8125,1,24.0,High,0.60803276
2025-09-23,Ward K/W,Vile Parle West,19.103908,72.840301,Arabian Sea,9.106762483,park,750000,3.829172143,2360,Sand,76.86714437,4226.0,29.8,1.3545454545454545,1,22.0,High,0.6124158
2025-09-24,Ward K/W,Vile Parle West,19.103908,72.840301,Arabian Sea,9.106762483,park,750000,3.829172143,2360,Sand,76.86714437,4226.0,3.3,0.1571428571428571,1,21.0,High,0.5209886
2025-09-25,Ward K/W,Vile Parle West,19.103908,72.840301,Arabian Sea,9.106762483,park,750000,3.829172143,2360,Sand,76.86714437,4226.0,1.8,0.15,1,12.0,High,0.5209886
2025-09-26,Ward K/W,Vile Parle West,19.103908,72.840301,Arabian Sea,9.106762483,park,750000,3.829172143,2360,Sand,76.86714437,4226.0,3.6,0.2,1,18.0,High,0.5209886
2025-09-13,Ward F/N,Wadala,19.0269192,72.8759337,Mithi River,12.45338912,commercial,530000,2.913895467,2646,Sand,69.60650731,3503.0,12.4,2.1,1,18.0,High,0.65404993
2025-09-14,Ward F/N,Wadala,19.0269192,72.8759337,Mithi River,12.45338912,commercial,530000,2.913895467,2646,Sand,69.60650731,3503.0,16.3,3.6,1,24.0,High,0.6320265
2025-09-15,Ward F/N,Wadala,19.0269192,72.8759337,Mithi River,12.45338912,commercial,530000,2.913895467,2646,Sand,69.60650731,3503.0,72.3,13.2,1,18.0,High,0.6764729
2025-09-16,Ward F/N,Wadala,19.0269192,72.8759337,Mithi River,12.45338912,commercial,530000,2.913895467,2646,Sand,69.60650731,3503.0,7.8,0.9,1,22.0,High,0.5547546
2025-09-17,Ward F/N,Wadala,19.0269192,72.8759337,Mithi River,12.45338912,commercial,530000,2.913895467,2646,Sand,69.60650731,3503.0,15.2,4.5,1,22.0,High,0.65404993
2025-09-18,Ward F/N,Wadala,19.0269192,72.8759337,Mithi River,12.45338912,commercial,530000,2.913895467,2646,Sand,69.60650731,3503.0,9.9,1.3,1,21.0,High,0.5547546
2025-09-19,Ward F/N,Wadala,19.0269192,72.8759337,Mithi River,12.45338912,commercial,530000,2.913895467,2646,Sand,69.60650731,3503.0,0.0,3.3,0,6.0,High,0.5024565
2025-09-20,Ward F/N,Wadala,19.0269192,72.8759337,Mithi River,12.45338912,commercial,530000,2.913895467,2646,Sand,69.60650731,3503.0,22.4,0.9333333333333332,1,24.0,High,0.45126197
2025-09-21,Ward F/N,Wadala,19.0269192,72.8759337,Mithi River,12.45338912,commercial,530000,2.913895467,2646,Sand,69.60650731,3503.0,23.7,0.9875,1,24.0,High,0.45126197
2025-09-22,Ward F/N,Wadala,19.0269192,72.8759337,Mithi River,12.45338912,commercial,530000,2.913895467,2646,Sand,69.60650731,3503.0,43.5,1.8125,1,24.0,High,0.475336
2025-09-23,Ward F/N,Wadala,19.0269192,72.8759337,Mithi River,12.45338912,commercial,530000,2.913895467,2646,Sand,69.60650731,3503.0,29.8,1.3545454545454545,1,22.0,High,0.4589784
2025-09-24,Ward F/N,Wadala,19.0269192,72.8759337,Mithi River,12.45338912,commercial,530000,2.913895467,2646,Sand,69.60650731,3503.0,3.3,0.1571428571428571,1,21.0,High,0.4484485
2025-09-25,Ward F/N,Wadala,19.0269192,72.8759337,Mithi River,12.45338912,commercial,530000,2.913895467,2646,Sand,69.60650731,3503.0,1.8,0.15,1,12.0,High,0.4484485
2025-09-26,Ward F/N,Wadala,19.0269192,72.8759337,Mithi River,12.45338912,commercial,530000,2.913895467,2646,Sand,69.60650731,3503.0,3.6,0.2,1,18.0,High,0.4484485
2025-09-13,Ward H/W,Waterfield Road,19.0605,72.8335,Mahim Creek,13.0,"residential, commercial, mixed_use",880000,22.6,1,Urban,90.0,396.25,12.7,3.5,1,17.0,High,0.6425065
2025-09-14,Ward H/W,Waterfield Road,19.0605,72.8335,Mahim Creek,13.0,"residential, commercial, mixed_use",880000,22.6,1,Urban,90.0,396.25,12.2,2.8,1,22.0,High,0.6425065
2025-09-15,Ward H/W,Waterfield Road,19.0605,72.8335,Mahim Creek,13.0,"residential, commercial, mixed_use",880000,22.6,1,Urban,90.0,396.25,65.5,10.6,1,18.0,High,0.6711928
2025-09-16,Ward H/W,Waterfield Road,19.0605,72.8335,Mahim Creek,13.0,"residential, commercial, mixed_use",880000,22.6,1,Urban,90.0,396.25,5.2,0.9,1,23.0,High,0.47709063
2025-09-17,Ward H/W,Waterfield Road,19.0605,72.8335,Mahim Creek,13.0,"residential, commercial, mixed_use",880000,22.6,1,Urban,90.0,396.25,25.7,14.8,1,21.0,High,0.5955255
2025-09-18,Ward H/W,Waterfield Road,19.0605,72.8335,Mahim Creek,13.0,"residential, commercial, mixed_use",880000,22.6,1,Urban,90.0,396.25,10.4,1.9,1,21.0,High,0.49784562
2025-09-19,Ward H/W,Waterfield Road,19.0605,72.8335,Mahim Creek,13.0,"residential, commercial, mixed_use",880000,22.6,1,Urban,90.0,396.25,0.0,0.7,0,3.0,Moderate,0.46203604
2025-09-20,Ward H/W,Waterfield Road,19.0605,72.8335,Mahim Creek,13.0,"residential, commercial, mixed_use",880000,22.6,1,Urban,90.0,396.25,22.4,0.9333333333333332,1,24.0,Moderate,0.39827514
2025-09-21,Ward H/W,Waterfield Road,19.0605,72.8335,Mahim Creek,13.0,"residential, commercial, mixed_use",880000,22.6,1,Urban,90.0,396.25,23.7,0.9875,1,24.0,Moderate,0.39827514
2025-09-22,Ward H/W,Waterfield Road,19.0605,72.8335,Mahim Creek,13.0,"residential, commercial, mixed_use",880000,22.6,1,Urban,90.0,396.25,43.5,1.8125,1,24.0,High,0.39663953
2025-09-23,Ward H/W,Waterfield Road,19.0605,72.8335,Mahim Creek,13.0,"residential, commercial, mixed_use",880000,22.6,1,Urban,90.0,396.25,29.8,1.3545454545454545,1,22.0,Moderate,0.3812302
2025-09-24,Ward H/W,Waterfield Road,19.0605,72.8335,Mahim Creek,13.0,"residential, commercial, mixed_use",880000,22.6,1,Urban,90.0,396.25,3.3,0.1571428571428571,1,21.0,High,0.4029471
2025-09-25,Ward H/W,Waterfield Road,19.0605,72.8335,Mahim Creek,13.0,"residential, commercial, mixed_use",880000,22.6,1,Urban,90.0,396.25,1.8,0.15,1,12.0,High,0.4029471
2025-09-26,Ward H/W,Waterfield Road,19.0605,72.8335,Mahim Creek,13.0,"residential, commercial, mixed_use",880000,22.6,1,Urban,90.0,396.25,3.6,0.2,1,18.0,High,0.4029471
2025-09-13,Ward P/N,Western Express Highway slope,19.1906,72.8636,Goregaon Nalla,23.0,"transport, industrial, mixed_use",820000,42.64,12,Sandy,90.0,245.08,10.6,2.2,1,16.0,High,0.64505094
2025-09-14,Ward P/N,Western Express Highway slope,19.1906,72.8636,Goregaon Nalla,23.0,"transport, industrial, mixed_use",820000,42.64,12,Sandy,90.0,245.08,12.1,2.6,1,21.0,High,0.64505094
2025-09-15,Ward P/N,Western Express Highway slope,19.1906,72.8636,Goregaon Nalla,23.0,"transport, industrial, mixed_use",820000,42.64,12,Sandy,90.0,245.08,29.1,5.0,1,17.0,High,0.60214245
2025-09-16,Ward P/N,Western Express Highway slope,19.1906,72.8636,Goregaon Nalla,23.0,"transport, industrial, mixed_use",820000,42.64,12,Sandy,90.0,245.08,6.6,2.4,1,20.0,High,0.62938255
2025-09-17,Ward P/N,Western Express Highway slope,19.1906,72.8636,Goregaon Nalla,23.0,"transport, industrial, mixed_use",820000,42.64,12,Sandy,90.0,245.08,27.8,19.8,1,23.0,High,0.60214245
2025-09-18,Ward P/N,Western Express Highway slope,19.1906,72.8636,Goregaon Nalla,23.0,"transport, industrial, mixed_use",820000,42.64,12,Sandy,90.0,245.08,14.8,3.1,1,22.0,High,0.64505094
2025-09-19,Ward P/N,Western Express Highway slope,19.1906,72.8636,Goregaon Nalla,23.0,"transport, industrial, mixed_use",820000,42.64,12,Sandy,90.0,245.08,0.0,0.1,0,2.0,Moderate,0.53920454
2025-09-20,Ward P/N,Western Express Highway slope,19.1906,72.8636,Goregaon Nalla,23.0,"transport, industrial, mixed_use",820000,42.64,12,Sandy,90.0,245.08,22.1,0.9208333333333334,1,24.0,High,0.3872781
2025-09-21,Ward P/N,Western Express Highway slope,19.1906,72.8636,Goregaon Nalla,23.0,"transport, industrial, mixed_use",820000,42.64,12,Sandy,90.0,245.08,24.3,1.0125,1,24.0,High,0.3872781
2025-09-22,Ward P/N,Western Express Highway slope,19.1906,72.8636,Goregaon Nalla,23.0,"transport, industrial, mixed_use",820000,42.64,12,Sandy,90.0,245.08,52.2,2.1750000000000003,1,24.0,High,0.62276554
2025-09-23,Ward P/N,Western Express Highway slope,19.1906,72.8636,Goregaon Nalla,23.0,"transport, industrial, mixed_use",820000,42.64,12,Sandy,90.0,245.08,31.9,1.3291666666666666,1,24.0,High,0.404955
2025-09-24,Ward P/N,Western Express Highway slope,19.1906,72.8636,Goregaon Nalla,23.0,"transport, industrial, mixed_use",820000,42.64,12,Sandy,90.0,245.08,1.5,0.1,1,15.0,High,0.4155572
2025-09-25,Ward P/N,Western Express Highway slope,19.1906,72.8636,Goregaon Nalla,23.0,"transport, industrial, mixed_use",820000,42.64,12,Sandy,90.0,245.08,1.8,0.2,1,9.0,High,0.4155572
2025-09-26,Ward P/N,Western Express Highway slope,19.1906,72.8636,Goregaon Nalla,23.0,"transport, industrial, mixed_use",820000,42.64,12,Sandy,90.0,245.08,3.0,0.2,1,15.0,High,0.4155572
2025-09-13, Ward G/S,Worli,19.0086178,72.8192495,Arabian Sea,11.08684221,park,430000,3.935029446,3350,Urban,73.81152277,5603.0,12.4,2.1,1,18.0,Low,0.932575
2025-09-14, Ward G/S,Worli,19.0086178,72.8192495,Arabian Sea,11.08684221,park,430000,3.935029446,3350,Urban,73.81152277,5603.0,16.3,3.6,1,24.0,Low,0.91844314
2025-09-15, Ward G/S,Worli,19.0086178,72.8192495,Arabian Sea,11.08684221,park,430000,3.935029446,3350,Urban,73.81152277,5603.0,72.3,13.2,1,18.0,Low,0.92874336
2025-09-16, Ward G/S,Worli,19.0086178,72.8192495,Arabian Sea,11.08684221,park,430000,3.935029446,3350,Urban,73.81152277,5603.0,7.8,0.9,1,22.0,Low,0.932575
2025-09-17, Ward G/S,Worli,19.0086178,72.8192495,Arabian Sea,11.08684221,park,430000,3.935029446,3350,Urban,73.81152277,5603.0,15.2,4.5,1,22.0,Low,0.932575
2025-09-18, Ward G/S,Worli,19.0086178,72.8192495,Arabian Sea,11.08684221,park,430000,3.935029446,3350,Urban,73.81152277,5603.0,9.9,1.3,1,21.0,Low,0.932575
2025-09-19, Ward G/S,Worli,19.0086178,72.8192495,Arabian Sea,11.08684221,park,430000,3.935029446,3350,Urban,73.81152277,5603.0,0.0,3.3,0,6.0,Low,0.81010693
2025-09-20, Ward G/S,Worli,19.0086178,72.8192495,Arabian Sea,11.08684221,park,430000,3.935029446,3350,Urban,73.81152277,5603.0,22.4,0.9333333333333332,1,24.0,Low,0.9079158
2025-09-21, Ward G/S,Worli,19.0086178,72.8192495,Arabian Sea,11.08684221,park,430000,3.935029446,3350,Urban,73.81152277,5603.0,23.7,0.9875,1,24.0,Low,0.9079158
2025-09-22, Ward G/S,Worli,19.0086178,72.8192495,Arabian Sea,11.08684221,park,430000,3.935029446,3350,Urban,73.81152277,5603.0,43.5,1.8125,1,24.0,Low,0.92031384
2025-09-23, Ward G/S,Worli,19.0086178,72.8192495,Arabian Sea,11.08684221,park,430000,3.935029446,3350,Urban,73.81152277,5603.0,29.8,1.3545454545454545,1,22.0,Low,0.9100457
2025-09-24, Ward G/S,Worli,19.0086178,72.8192495,Arabian Sea,11.08684221,park,430000,3.935029446,3350,Urban,73.81152277,5603.0,3.3,0.1571428571428571,1,21.0,Low,0.932575
2025-09-25, Ward G/S,Worli,19.0086178,72.8192495,Arabian Sea,11.08684221,park,430000,3.935029446,3350,Urban,73.81152277,5603.0,1.8,0.15,1,12.0,Low,0.932575
2025-09-26, Ward G/S,Worli,19.0086178,72.8192495,Arabian Sea,11.08684221,park,430000,3.935029446,3350,Urban,73.81152277,5603.0,3.6,0.2,1,18.0,Low,0.932575
2025-09-13,Ward G/S,Worli Naka (coastal backflow),19.0056,72.8199,Wadala Nalla,10.0,"commercial, residential, mixed_use",600000,19.87,9,Urban,90.0,770.75,12.4,2.1,1,18.0,High,0.65716636
2025-09-14,Ward G/S,Worli Naka (coastal backflow),19.0056,72.8199,Wadala Nalla,10.0,"commercial, residential, mixed_use",600000,19.87,9,Urban,90.0,770.75,16.3,3.6,1,24.0,High,0.6316195
2025-09-15,Ward G/S,Worli Naka (coastal backflow),19.0056,72.8199,Wadala Nalla,10.0,"commercial, residential, mixed_use",600000,19.87,9,Urban,90.0,770.75,72.3,13.2,1,18.0,High,0.6799291
2025-09-16,Ward G/S,Worli Naka (coastal backflow),19.0056,72.8199,Wadala Nalla,10.0,"commercial, residential, mixed_use",600000,19.87,9,Urban,90.0,770.75,7.8,0.9,1,22.0,High,0.55701536
2025-09-17,Ward G/S,Worli Naka (coastal backflow),19.0056,72.8199,Wadala Nalla,10.0,"commercial, residential, mixed_use",600000,19.87,9,Urban,90.0,770.75,15.2,4.5,1,22.0,High,0.65716636
2025-09-18,Ward G/S,Worli Naka (coastal backflow),19.0056,72.8199,Wadala Nalla,10.0,"commercial, residential, mixed_use",600000,19.87,9,Urban,90.0,770.75,9.9,1.3,1,21.0,High,0.55701536
2025-09-19,Ward G/S,Worli Naka (coastal backflow),19.0056,72.8199,Wadala Nalla,10.0,"commercial, residential, mixed_use",600000,19.87,9,Urban,90.0,770.75,0.0,3.3,0,6.0,High,0.4507111
2025-09-20,Ward G/S,Worli Naka (coastal backflow),19.0056,72.8199,Wadala Nalla,10.0,"commercial, residential, mixed_use",600000,19.87,9,Urban,90.0,770.75,22.4,0.9333333333333332,1,24.0,High,0.44777697
2025-09-21,Ward G/S,Worli Naka (coastal backflow),19.0056,72.8199,Wadala Nalla,10.0,"commercial, residential, mixed_use",600000,19.87,9,Urban,90.0,770.75,23.7,0.9875,1,24.0,High,0.44777697
2025-09-22,Ward G/S,Worli Naka (coastal backflow),19.0056,72.8199,Wadala Nalla,10.0,"commercial, residential, mixed_use",600000,19.87,9,Urban,90.0,770.75,43.5,1.8125,1,24.0,High,0.4773323
2025-09-23,Ward G/S,Worli Naka (coastal backflow),19.0056,72.8199,Wadala Nalla,10.0,"commercial, residential, mixed_use",600000,19.87,9,Urban,90.0,770.75,29.8,1.3545454545454545,1,22.0,High,0.45264617
2025-09-24,Ward G/S,Worli Naka (coastal backflow),19.0056,72.8199,Wadala Nalla,10.0,"commercial, residential, mixed_use",600000,19.87,9,Urban,90.0,770.75,3.3,0.1571428571428571,1,21.0,Low,0.38322398
2025-09-25,Ward G/S,Worli Naka (coastal backflow),19.0056,72.8199,Wadala Nalla,10.0,"commercial, residential, mixed_use",600000,19.87,9,Urban,90.0,770.75,1.8,0.15,1,12.0,Low,0.38322398
2025-09-26,Ward G/S,Worli Naka (coastal backflow),19.0056,72.8199,Wadala Nalla,10.0,"commercial, residential, mixed_use",600000,19.87,9,Urban,90.0,770.75,3.6,0.2,1,18.0,Low,0.38322398
