DATE,Ward Code,Areas,Latitude,Longitude,Nearest Station,Elevation,Land Use Classes,Population,Road Density_m,Distance_to_water_m,Soil Type,Built_up%,True_nearest_distance_m,Rainfall_mm,Rainfall_Intensity_mm_hr,Rainfall Days Count,Rainfall_Hours
2025-09-13,Ward H/E,Air India Colony,19.084,72.87,Kurla Nalla,9.0,"residential, institutional",600000,15.18,10,Sandy,70.0,400.56,12.7,3.5,1,17.0
2025-09-14,Ward H/E,Air India Colony,19.084,72.87,Kurla Nalla,9.0,"residential, institutional",600000,15.18,10,Sandy,70.0,400.56,12.2,2.8,1,22.0
2025-09-15,Ward H/E,Air India Colony,19.084,72.87,Kurla Nalla,9.0,"residential, institutional",600000,15.18,10,Sandy,70.0,400.56,65.5,10.6,1,18.0
2025-09-16,Ward H/E,Air India Colony,19.084,72.87,Kurla Nalla,9.0,"residential, institutional",600000,15.18,10,Sandy,70.0,400.56,5.2,0.9,1,23.0
2025-09-17,Ward H/E,Air India Colony,19.084,72.87,Kurla Nalla,9.0,"residential, institutional",600000,15.18,10,Sandy,70.0,400.56,25.7,14.8,1,21.0
2025-09-18,Ward H/E,Air India Colony,19.084,72.87,Kurla Nalla,9.0,"residential, institutional",600000,15.18,10,Sandy,70.0,400.56,10.4,1.9,1,21.0
2025-09-19,Ward H/E,Air India Colony,19.084,72.87,Kurla Nalla,9.0,"residential, institutional",600000,15.18,10,Sandy,70.0,400.56,0.0,0.7,0,3.0
2025-09-20,Ward H/E,Air India Colony,19.084,72.87,Kurla Nalla,9.0,"residential, institutional",600000,15.18,10,Sandy,70.0,400.56,22.4,0.9333333333333332,1,24.0
2025-09-21,Ward H/E,Air India Colony,19.084,72.87,Kurla Nalla,9.0,"residential, institutional",600000,15.18,10,Sandy,70.0,400.56,23.7,0.9874999999999999,1,24.0
2025-09-22,Ward H/E,Air India Colony,19.084,72.87,Kurla Nalla,9.0,"residential, institutional",600000,15.18,10,Sandy,70.0,400.56,43.5,1.8125,1,24.0
2025-09-23,Ward H/E,Air India Colony,19.084,72.87,Kurla Nalla,9.0,"residential, institutional",600000,15.18,10,Sandy,70.0,400.56,29.8,1.3545454545454545,1,22.0
2025-09-24,Ward H/E,Air India Colony,19.084,72.87,Kurla Nalla,9.0,"residential, institutional",600000,15.18,10,Sandy,70.0,400.56,3.3,0.15714285714285714,1,21.0
2025-09-25,Ward H/E,Air India Colony,19.084,72.87,Kurla Nalla,9.0,"residential, institutional",600000,15.18,10,Sandy,70.0,400.56,1.8,0.15,1,12.0
2025-09-26,Ward H/E,Air India Colony,19.084,72.87,Kurla Nalla,9.0,"residential, institutional",600000,15.18,10,Sandy,70.0,400.56,3.6,0.2,1,18.0
2025-09-13,Ward K/E,Airport Gate 8 Road,19.0995,72.8662,Mithi River,14.0,"industrial, transport, mixed_use",750000,17.61,13,Urban,90.0,414.18,12.7,3.5,1,17.0
2025-09-14,Ward K/E,Airport Gate 8 Road,19.0995,72.8662,Mithi River,14.0,"industrial, transport, mixed_use",750000,17.61,13,Urban,90.0,414.18,12.2,2.8,1,22.0
2025-09-15,Ward K/E,Airport Gate 8 Road,19.0995,72.8662,Mithi River,14.0,"industrial, transport, mixed_use",750000,17.61,13,Urban,90.0,414.18,65.5,10.6,1,18.0
2025-09-16,Ward K/E,Airport Gate 8 Road,19.0995,72.8662,Mithi River,14.0,"industrial, transport, mixed_use",750000,17.61,13,Urban,90.0,414.18,5.2,0.9,1,23.0
2025-09-17,Ward K/E,Airport Gate 8 Road,19.0995,72.8662,Mithi River,14.0,"industrial, transport, mixed_use",750000,17.61,13,Urban,90.0,414.18,25.7,14.8,1,21.0
2025-09-18,Ward K/E,Airport Gate 8 Road,19.0995,72.8662,Mithi River,14.0,"industrial, transport, mixed_use",750000,17.61,13,Urban,90.0,414.18,10.4,1.9,1,21.0
2025-09-19,Ward K/E,Airport Gate 8 Road,19.0995,72.8662,Mithi River,14.0,"industrial, transport, mixed_use",750000,17.61,13,Urban,90.0,414.18,0.0,0.7,0,3.0
2025-09-20,Ward K/E,Airport Gate 8 Road,19.0995,72.8662,Mithi River,14.0,"industrial, transport, mixed_use",750000,17.61,13,Urban,90.0,414.18,22.4,0.9333333333333332,1,24.0
2025-09-21,Ward K/E,Airport Gate 8 Road,19.0995,72.8662,Mithi River,14.0,"industrial, transport, mixed_use",750000,17.61,13,Urban,90.0,414.18,23.7,0.9874999999999999,1,24.0
2025-09-22,Ward K/E,Airport Gate 8 Road,19.0995,72.8662,Mithi River,14.0,"industrial, transport, mixed_use",750000,17.61,13,Urban,90.0,414.18,43.5,1.8125,1,24.0
2025-09-23,Ward K/E,Airport Gate 8 Road,19.0995,72.8662,Mithi River,14.0,"industrial, transport, mixed_use",750000,17.61,13,Urban,90.0,414.18,29.8,1.3545454545454545,1,22.0
2025-09-24,Ward K/E,Airport Gate 8 Road,19.0995,72.8662,Mithi River,14.0,"industrial, transport, mixed_use",750000,17.61,13,Urban,90.0,414.18,3.3,0.15714285714285714,1,21.0
2025-09-25,Ward K/E,Airport Gate 8 Road,19.0995,72.8662,Mithi River,14.0,"industrial, transport, mixed_use",750000,17.61,13,Urban,90.0,414.18,1.8,0.15,1,12.0
2025-09-26,Ward K/E,Airport Gate 8 Road,19.0995,72.8662,Mithi River,14.0,"industrial, transport, mixed_use",750000,17.61,13,Urban,90.0,414.18,3.6,0.2,1,18.0
2025-09-13,Ward N,Amar Mahal Junction,19.0594,72.9084,Powai Lake,9.0,"transport, residential, mixed_use",520000,23.63,14,Urban,90.0,48.44,10.7,2.8,1,17.0
2025-09-14,Ward N,Amar Mahal Junction,19.0594,72.9084,Powai Lake,9.0,"transport, residential, mixed_use",520000,23.63,14,Urban,90.0,48.44,14.2,2.8,1,22.0
2025-09-15,Ward N,Amar Mahal Junction,19.0594,72.9084,Powai Lake,9.0,"transport, residential, mixed_use",520000,23.63,14,Urban,90.0,48.44,56.1,8.9,1,18.0
2025-09-16,Ward N,Amar Mahal Junction,19.0594,72.9084,Powai Lake,9.0,"transport, residential, mixed_use",520000,23.63,14,Urban,90.0,48.44,14.5,7.3,1,22.0
2025-09-17,Ward N,Amar Mahal Junction,19.0594,72.9084,Powai Lake,9.0,"transport, residential, mixed_use",520000,23.63,14,Urban,90.0,48.44,22.3,13.7,1,22.0
2025-09-18,Ward N,Amar Mahal Junction,19.0594,72.9084,Powai Lake,9.0,"transport, residential, mixed_use",520000,23.63,14,Urban,90.0,48.44,16.0,3.9,1,21.0
2025-09-19,Ward N,Amar Mahal Junction,19.0594,72.9084,Powai Lake,9.0,"transport, residential, mixed_use",520000,23.63,14,Urban,90.0,48.44,0.0,0.1,0,4.0
2025-09-20,Ward N,Amar Mahal Junction,19.0594,72.9084,Powai Lake,9.0,"transport, residential, mixed_use",520000,23.63,14,Urban,90.0,48.44,22.4,0.9333333333333332,1,24.0
2025-09-21,Ward N,Amar Mahal Junction,19.0594,72.9084,Powai Lake,9.0,"transport, residential, mixed_use",520000,23.63,14,Urban,90.0,48.44,23.7,0.9874999999999999,1,24.0
2025-09-22,Ward N,Amar Mahal Junction,19.0594,72.9084,Powai Lake,9.0,"transport, residential, mixed_use",520000,23.63,14,Urban,90.0,48.44,43.5,1.8125,1,24.0
2025-09-23,Ward N,Amar Mahal Junction,19.0594,72.9084,Powai Lake,9.0,"transport, residential, mixed_use",520000,23.63,14,Urban,90.0,48.44,29.8,1.3545454545454545,1,22.0
2025-09-24,Ward N,Amar Mahal Junction,19.0594,72.9084,Powai Lake,9.0,"transport, residential, mixed_use",520000,23.63,14,Urban,90.0,48.44,3.3,0.15714285714285714,1,21.0
2025-09-25,Ward N,Amar Mahal Junction,19.0594,72.9084,Powai Lake,9.0,"transport, residential, mixed_use",520000,23.63,14,Urban,90.0,48.44,1.8,0.15,1,12.0
2025-09-26,Ward N,Amar Mahal Junction,19.0594,72.9084,Powai Lake,9.0,"transport, residential, mixed_use",520000,23.63,14,Urban,90.0,48.44,3.6,0.2,1,18.0
2025-09-13,Ward K/E,Andheri East,19.1158835,72.854202,Mithi River,7.156397627,commercial,880000,2.432311889,4898,Urban,69.58978195,3528.0,12.7,3.5,1,17.0
2025-09-14,Ward K/E,Andheri East,19.1158835,72.854202,Mithi River,7.156397627,commercial,880000,2.432311889,4898,Urban,69.58978195,3528.0,12.2,2.8,1,22.0
2025-09-15,Ward K/E,Andheri East,19.1158835,72.854202,Mithi River,7.156397627,commercial,880000,2.432311889,4898,Urban,69.58978195,3528.0,65.5,10.6,1,18.0
2025-09-16,Ward K/E,Andheri East,19.1158835,72.854202,Mithi River,7.156397627,commercial,880000,2.432311889,4898,Urban,69.58978195,3528.0,5.2,0.9,1,23.0
2025-09-17,Ward K/E,Andheri East,19.1158835,72.854202,Mithi River,7.156397627,commercial,880000,2.432311889,4898,Urban,69.58978195,3528.0,25.7,14.8,1,21.0
2025-09-18,Ward K/E,Andheri East,19.1158835,72.854202,Mithi River,7.156397627,commercial,880000,2.432311889,4898,Urban,69.58978195,3528.0,10.4,1.9,1,21.0
2025-09-19,Ward K/E,Andheri East,19.1158835,72.854202,Mithi River,7.156397627,commercial,880000,2.432311889,4898,Urban,69.58978195,3528.0,0.0,0.7,0,3.0
2025-09-20,Ward K/E,Andheri East,19.1158835,72.854202,Mithi River,7.156397627,commercial,880000,2.432311889,4898,Urban,69.58978195,3528.0,22.4,0.9333333333333332,1,24.0
2025-09-21,Ward K/E,Andheri East,19.1158835,72.854202,Mithi River,7.156397627,commercial,880000,2.432311889,4898,Urban,69.58978195,3528.0,23.7,0.9874999999999999,1,24.0
2025-09-22,Ward K/E,Andheri East,19.1158835,72.854202,Mithi River,7.156397627,commercial,880000,2.432311889,4898,Urban,69.58978195,3528.0,43.5,1.8125,1,24.0
2025-09-23,Ward K/E,Andheri East,19.1158835,72.854202,Mithi River,7.156397627,commercial,880000,2.432311889,4898,Urban,69.58978195,3528.0,29.8,1.3545454545454545,1,22.0
2025-09-24,Ward K/E,Andheri East,19.1158835,72.854202,Mithi River,7.156397627,commercial,880000,2.432311889,4898,Urban,69.58978195,3528.0,3.3,0.15714285714285714,1,21.0
2025-09-25,Ward K/E,Andheri East,19.1158835,72.854202,Mithi River,7.156397627,commercial,880000,2.432311889,4898,Urban,69.58978195,3528.0,1.8,0.15,1,12.0
2025-09-26,Ward K/E,Andheri East,19.1158835,72.854202,Mithi River,7.156397627,commercial,880000,2.432311889,4898,Urban,69.58978195,3528.0,3.6,0.2,1,18.0
2025-09-13,Ward M/E,Baiganwadi,19.0566,72.9021,Chembur Nalla,10.0,"residential, mixed_use",690000,17.54,16,Sandy,90.0,351.07,10.7,2.8,1,17.0
2025-09-14,Ward M/E,Baiganwadi,19.0566,72.9021,Chembur Nalla,10.0,"residential, mixed_use",690000,17.54,16,Sandy,90.0,351.07,14.2,2.8,1,22.0
2025-09-15,Ward M/E,Baiganwadi,19.0566,72.9021,Chembur Nalla,10.0,"residential, mixed_use",690000,17.54,16,Sandy,90.0,351.07,56.1,8.9,1,18.0
2025-09-16,Ward M/E,Baiganwadi,19.0566,72.9021,Chembur Nalla,10.0,"residential, mixed_use",690000,17.54,16,Sandy,90.0,351.07,14.5,7.3,1,22.0
2025-09-17,Ward M/E,Baiganwadi,19.0566,72.9021,Chembur Nalla,10.0,"residential, mixed_use",690000,17.54,16,Sandy,90.0,351.07,22.3,13.7,1,22.0
2025-09-18,Ward M/E,Baiganwadi,19.0566,72.9021,Chembur Nalla,10.0,"residential, mixed_use",690000,17.54,16,Sandy,90.0,351.07,16.0,3.9,1,21.0
2025-09-19,Ward M/E,Baiganwadi,19.0566,72.9021,Chembur Nalla,10.0,"residential, mixed_use",690000,17.54,16,Sandy,90.0,351.07,0.0,0.1,0,4.0
2025-09-20,Ward M/E,Baiganwadi,19.0566,72.9021,Chembur Nalla,10.0,"residential, mixed_use",690000,17.54,16,Sandy,90.0,351.07,22.4,0.9333333333333332,1,24.0
2025-09-21,Ward M/E,Baiganwadi,19.0566,72.9021,Chembur Nalla,10.0,"residential, mixed_use",690000,17.54,16,Sandy,90.0,351.07,23.7,0.9874999999999999,1,24.0
2025-09-22,Ward M/E,Baiganwadi,19.0566,72.9021,Chembur Nalla,10.0,"residential, mixed_use",690000,17.54,16,Sandy,90.0,351.07,43.5,1.8125,1,24.0
2025-09-23,Ward M/E,Baiganwadi,19.0566,72.9021,Chembur Nalla,10.0,"residential, mixed_use",690000,17.54,16,Sandy,90.0,351.07,29.8,1.3545454545454545,1,22.0
2025-09-24,Ward M/E,Baiganwadi,19.0566,72.9021,Chembur Nalla,10.0,"residential, mixed_use",690000,17.54,16,Sandy,90.0,351.07,3.3,0.15714285714285714,1,21.0
2025-09-25,Ward M/E,Baiganwadi,19.0566,72.9021,Chembur Nalla,10.0,"residential, mixed_use",690000,17.54,16,Sandy,90.0,351.07,1.8,0.15,1,12.0
2025-09-26,Ward M/E,Baiganwadi,19.0566,72.9021,Chembur Nalla,10.0,"residential, mixed_use",690000,17.54,16,Sandy,90.0,351.07,3.6,0.2,1,18.0
2025-09-13,Ward L,Bail Bazaar,19.0722,72.8771,Kurla Nalla,7.0,"recreational_ground, residential",940000,21.75,16,Sandy,70.0,708.7,12.7,3.5,1,17.0
2025-09-14,Ward L,Bail Bazaar,19.0722,72.8771,Kurla Nalla,7.0,"recreational_ground, residential",940000,21.75,16,Sandy,70.0,708.7,12.2,2.8,1,22.0
2025-09-15,Ward L,Bail Bazaar,19.0722,72.8771,Kurla Nalla,7.0,"recreational_ground, residential",940000,21.75,16,Sandy,70.0,708.7,65.5,10.6,1,18.0
2025-09-16,Ward L,Bail Bazaar,19.0722,72.8771,Kurla Nalla,7.0,"recreational_ground, residential",940000,21.75,16,Sandy,70.0,708.7,5.2,0.9,1,23.0
2025-09-17,Ward L,Bail Bazaar,19.0722,72.8771,Kurla Nalla,7.0,"recreational_ground, residential",940000,21.75,16,Sandy,70.0,708.7,25.7,14.8,1,21.0
2025-09-18,Ward L,Bail Bazaar,19.0722,72.8771,Kurla Nalla,7.0,"recreational_ground, residential",940000,21.75,16,Sandy,70.0,708.7,10.4,1.9,1,21.0
2025-09-19,Ward L,Bail Bazaar,19.0722,72.8771,Kurla Nalla,7.0,"recreational_ground, residential",940000,21.75,16,Sandy,70.0,708.7,0.0,0.7,0,3.0
2025-09-20,Ward L,Bail Bazaar,19.0722,72.8771,Kurla Nalla,7.0,"recreational_ground, residential",940000,21.75,16,Sandy,70.0,708.7,22.4,0.9333333333333332,1,24.0
2025-09-21,Ward L,Bail Bazaar,19.0722,72.8771,Kurla Nalla,7.0,"recreational_ground, residential",940000,21.75,16,Sandy,70.0,708.7,23.7,0.9874999999999999,1,24.0
2025-09-22,Ward L,Bail Bazaar,19.0722,72.8771,Kurla Nalla,7.0,"recreational_ground, residential",940000,21.75,16,Sandy,70.0,708.7,43.5,1.8125,1,24.0
2025-09-23,Ward L,Bail Bazaar,19.0722,72.8771,Kurla Nalla,7.0,"recreational_ground, residential",940000,21.75,16,Sandy,70.0,708.7,29.8,1.3545454545454545,1,22.0
2025-09-24,Ward L,Bail Bazaar,19.0722,72.8771,Kurla Nalla,7.0,"recreational_ground, residential",940000,21.75,16,Sandy,70.0,708.7,3.3,0.15714285714285714,1,21.0
2025-09-25,Ward L,Bail Bazaar,19.0722,72.8771,Kurla Nalla,7.0,"recreational_ground, residential",940000,21.75,16,Sandy,70.0,708.7,1.8,0.15,1,12.0
2025-09-26,Ward L,Bail Bazaar,19.0722,72.8771,Kurla Nalla,7.0,"recreational_ground, residential",940000,21.75,16,Sandy,70.0,708.7,3.6,0.2,1,18.0
2025-09-13,Ward A,Ballard Estate,18.9496,72.8414,Arabian Sea ,17.0,"commercial, institutional",185000,25.44,14,Sandy,90.0,1342.48,11.8,3.3,1,14.0
2025-09-14,Ward A,Ballard Estate,18.9496,72.8414,Arabian Sea ,17.0,"commercial, institutional",185000,25.44,14,Sandy,90.0,1342.48,15.1,2.9,1,19.0
2025-09-15,Ward A,Ballard Estate,18.9496,72.8414,Arabian Sea ,17.0,"commercial, institutional",185000,25.44,14,Sandy,90.0,1342.48,82.8,12.7,1,19.0
2025-09-16,Ward A,Ballard Estate,18.9496,72.8414,Arabian Sea ,17.0,"commercial, institutional",185000,25.44,14,Sandy,90.0,1342.48,10.6,1.3,1,20.0
2025-09-17,Ward A,Ballard Estate,18.9496,72.8414,Arabian Sea ,17.0,"commercial, institutional",185000,25.44,14,Sandy,90.0,1342.48,10.4,1.6,1,21.0
2025-09-18,Ward A,Ballard Estate,18.9496,72.8414,Arabian Sea ,17.0,"commercial, institutional",185000,25.44,14,Sandy,90.0,1342.48,18.7,3.3,1,21.0
2025-09-19,Ward A,Ballard Estate,18.9496,72.8414,Arabian Sea ,17.0,"commercial, institutional",185000,25.44,14,Sandy,90.0,1342.48,0.0,3.3,0,6.0
2025-09-20,Ward A,Ballard Estate,18.9496,72.8414,Arabian Sea ,17.0,"commercial, institutional",185000,25.44,14,Sandy,90.0,1342.48,22.4,0.9333333333333332,1,24.0
2025-09-21,Ward A,Ballard Estate,18.9496,72.8414,Arabian Sea ,17.0,"commercial, institutional",185000,25.44,14,Sandy,90.0,1342.48,23.7,0.9874999999999999,1,24.0
2025-09-22,Ward A,Ballard Estate,18.9496,72.8414,Arabian Sea ,17.0,"commercial, institutional",185000,25.44,14,Sandy,90.0,1342.48,43.5,1.8125,1,24.0
2025-09-23,Ward A,Ballard Estate,18.9496,72.8414,Arabian Sea ,17.0,"commercial, institutional",185000,25.44,14,Sandy,90.0,1342.48,29.8,1.3545454545454545,1,22.0
2025-09-24,Ward A,Ballard Estate,18.9496,72.8414,Arabian Sea ,17.0,"commercial, institutional",185000,25.44,14,Sandy,90.0,1342.48,3.3,0.15714285714285714,1,21.0
2025-09-25,Ward A,Ballard Estate,18.9496,72.8414,Arabian Sea ,17.0,"commercial, institutional",185000,25.44,14,Sandy,90.0,1342.48,1.8,0.15,1,12.0
2025-09-26,Ward A,Ballard Estate,18.9496,72.8414,Arabian Sea ,17.0,"commercial, institutional",185000,25.44,14,Sandy,90.0,1342.48,3.6,0.2,1,18.0
2025-09-13,Ward S,Bhandup,19.1438684,72.9384327,Ulhas River,13.17876638,park,780000,3.989189147,4346,Clay,56.82544889,2375.0,9.5,2.4,1,17.0
2025-09-14,Ward S,Bhandup,19.1438684,72.9384327,Ulhas River,13.17876638,park,780000,3.989189147,4346,Clay,56.82544889,2375.0,11.9,2.8,1,22.0
2025-09-15,Ward S,Bhandup,19.1438684,72.9384327,Ulhas River,13.17876638,park,780000,3.989189147,4346,Clay,56.82544889,2375.0,29.4,5.5,1,17.0
2025-09-16,Ward S,Bhandup,19.1438684,72.9384327,Ulhas River,13.17876638,park,780000,3.989189147,4346,Clay,56.82544889,2375.0,12.9,4.6,1,21.0
2025-09-17,Ward S,Bhandup,19.1438684,72.9384327,Ulhas River,13.17876638,park,780000,3.989189147,4346,Clay,56.82544889,2375.0,32.2,14.0,1,22.0
2025-09-18,Ward S,Bhandup,19.1438684,72.9384327,Ulhas River,13.17876638,park,780000,3.989189147,4346,Clay,56.82544889,2375.0,12.5,2.0,1,20.0
2025-09-19,Ward S,Bhandup,19.1438684,72.9384327,Ulhas River,13.17876638,park,780000,3.989189147,4346,Clay,56.82544889,2375.0,0.0,0.1,0,1.0
2025-09-20,Ward S,Bhandup,19.1438684,72.9384327,Ulhas River,13.17876638,park,780000,3.989189147,4346,Clay,56.82544889,2375.0,17.6,0.7333333333333334,1,24.0
2025-09-21,Ward S,Bhandup,19.1438684,72.9384327,Ulhas River,13.17876638,park,780000,3.989189147,4346,Clay,56.82544889,2375.0,15.6,0.6782608695652174,1,23.0
2025-09-22,Ward S,Bhandup,19.1438684,72.9384327,Ulhas River,13.17876638,park,780000,3.989189147,4346,Clay,56.82544889,2375.0,28.1,1.1708333333333334,1,24.0
2025-09-23,Ward S,Bhandup,19.1438684,72.9384327,Ulhas River,13.17876638,park,780000,3.989189147,4346,Clay,56.82544889,2375.0,33.2,1.5090909090909093,1,22.0
2025-09-24,Ward S,Bhandup,19.1438684,72.9384327,Ulhas River,13.17876638,park,780000,3.989189147,4346,Clay,56.82544889,2375.0,1.5,0.16666666666666666,1,9.0
2025-09-25,Ward S,Bhandup,19.1438684,72.9384327,Ulhas River,13.17876638,park,780000,3.989189147,4346,Clay,56.82544889,2375.0,0.0,0.0,0,0.0
2025-09-26,Ward S,Bhandup,19.1438684,72.9384327,Ulhas River,13.17876638,park,780000,3.989189147,4346,Clay,56.82544889,2375.0,1.5,0.16666666666666666,1,9.0
2025-09-13,Ward S,Bhandup Tank Road,19.1436,72.9357,Powai Lake,7.0,"transport, commercial, mixed_use",780000,8.01,16,Urban,90.0,272.94,9.5,2.4,1,17.0
2025-09-14,Ward S,Bhandup Tank Road,19.1436,72.9357,Powai Lake,7.0,"transport, commercial, mixed_use",780000,8.01,16,Urban,90.0,272.94,11.9,2.8,1,22.0
2025-09-15,Ward S,Bhandup Tank Road,19.1436,72.9357,Powai Lake,7.0,"transport, commercial, mixed_use",780000,8.01,16,Urban,90.0,272.94,29.4,5.5,1,17.0
2025-09-16,Ward S,Bhandup Tank Road,19.1436,72.9357,Powai Lake,7.0,"transport, commercial, mixed_use",780000,8.01,16,Urban,90.0,272.94,12.9,4.6,1,21.0
2025-09-17,Ward S,Bhandup Tank Road,19.1436,72.9357,Powai Lake,7.0,"transport, commercial, mixed_use",780000,8.01,16,Urban,90.0,272.94,32.2,14.0,1,22.0
2025-09-18,Ward S,Bhandup Tank Road,19.1436,72.9357,Powai Lake,7.0,"transport, commercial, mixed_use",780000,8.01,16,Urban,90.0,272.94,12.5,2.0,1,20.0
2025-09-19,Ward S,Bhandup Tank Road,19.1436,72.9357,Powai Lake,7.0,"transport, commercial, mixed_use",780000,8.01,16,Urban,90.0,272.94,0.0,0.1,0,1.0
2025-09-20,Ward S,Bhandup Tank Road,19.1436,72.9357,Powai Lake,7.0,"transport, commercial, mixed_use",780000,8.01,16,Urban,90.0,272.94,22.4,0.9333333333333332,1,24.0
2025-09-21,Ward S,Bhandup Tank Road,19.1436,72.9357,Powai Lake,7.0,"transport, commercial, mixed_use",780000,8.01,16,Urban,90.0,272.94,23.7,0.9874999999999999,1,24.0
2025-09-22,Ward S,Bhandup Tank Road,19.1436,72.9357,Powai Lake,7.0,"transport, commercial, mixed_use",780000,8.01,16,Urban,90.0,272.94,43.5,1.8125,1,24.0
2025-09-23,Ward S,Bhandup Tank Road,19.1436,72.9357,Powai Lake,7.0,"transport, commercial, mixed_use",780000,8.01,16,Urban,90.0,272.94,29.8,1.3545454545454545,1,22.0
2025-09-24,Ward S,Bhandup Tank Road,19.1436,72.9357,Powai Lake,7.0,"transport, commercial, mixed_use",780000,8.01,16,Urban,90.0,272.94,3.3,0.15714285714285714,1,21.0
2025-09-25,Ward S,Bhandup Tank Road,19.1436,72.9357,Powai Lake,7.0,"transport, commercial, mixed_use",780000,8.01,16,Urban,90.0,272.94,1.8,0.15,1,12.0
2025-09-26,Ward S,Bhandup Tank Road,19.1436,72.9357,Powai Lake,7.0,"transport, commercial, mixed_use",780000,8.01,16,Urban,90.0,272.94,3.6,0.2,1,18.0
2025-09-13,Ward C,Bhuleshwar,18.9537706,72.8274755,Arabian Sea,10.26407906,commercial,190000,4.776598896,4498,Sand,66.57048423,2794.0,11.8,3.3,1,14.0
2025-09-14,Ward C,Bhuleshwar,18.9537706,72.8274755,Arabian Sea,10.26407906,commercial,190000,4.776598896,4498,Sand,66.57048423,2794.0,15.1,2.9,1,19.0
2025-09-15,Ward C,Bhuleshwar,18.9537706,72.8274755,Arabian Sea,10.26407906,commercial,190000,4.776598896,4498,Sand,66.57048423,2794.0,82.8,12.7,1,19.0
2025-09-16,Ward C,Bhuleshwar,18.9537706,72.8274755,Arabian Sea,10.26407906,commercial,190000,4.776598896,4498,Sand,66.57048423,2794.0,10.6,1.3,1,20.0
2025-09-17,Ward C,Bhuleshwar,18.9537706,72.8274755,Arabian Sea,10.26407906,commercial,190000,4.776598896,4498,Sand,66.57048423,2794.0,10.4,1.6,1,21.0
2025-09-18,Ward C,Bhuleshwar,18.9537706,72.8274755,Arabian Sea,10.26407906,commercial,190000,4.776598896,4498,Sand,66.57048423,2794.0,18.7,3.3,1,21.0
2025-09-19,Ward C,Bhuleshwar,18.9537706,72.8274755,Arabian Sea,10.26407906,commercial,190000,4.776598896,4498,Sand,66.57048423,2794.0,0.0,3.3,0,6.0
2025-09-20,Ward C,Bhuleshwar,18.9537706,72.8274755,Arabian Sea,10.26407906,commercial,190000,4.776598896,4498,Sand,66.57048423,2794.0,22.4,0.9333333333333332,1,24.0
2025-09-21,Ward C,Bhuleshwar,18.9537706,72.8274755,Arabian Sea,10.26407906,commercial,190000,4.776598896,4498,Sand,66.57048423,2794.0,23.7,0.9874999999999999,1,24.0
2025-09-22,Ward C,Bhuleshwar,18.9537706,72.8274755,Arabian Sea,10.26407906,commercial,190000,4.776598896,4498,Sand,66.57048423,2794.0,43.5,1.8125,1,24.0
2025-09-23,Ward C,Bhuleshwar,18.9537706,72.8274755,Arabian Sea,10.26407906,commercial,190000,4.776598896,4498,Sand,66.57048423,2794.0,29.8,1.3545454545454545,1,22.0
2025-09-24,Ward C,Bhuleshwar,18.9537706,72.8274755,Arabian Sea,10.26407906,commercial,190000,4.776598896,4498,Sand,66.57048423,2794.0,3.3,0.15714285714285714,1,21.0
2025-09-25,Ward C,Bhuleshwar,18.9537706,72.8274755,Arabian Sea,10.26407906,commercial,190000,4.776598896,4498,Sand,66.57048423,2794.0,1.8,0.15,1,12.0
2025-09-26,Ward C,Bhuleshwar,18.9537706,72.8274755,Arabian Sea,10.26407906,commercial,190000,4.776598896,4498,Sand,66.57048423,2794.0,3.6,0.2,1,18.0
2025-09-13,Ward R/C,Borivali,19.229068,72.8573628,Dahisar/Poisar Rivers,14.47090667,residential,940000,3.14155313,1850,Sand,75.16991983,4535.0,8.5,2.4,1,14.0
2025-09-14,Ward R/C,Borivali,19.229068,72.8573628,Dahisar/Poisar Rivers,14.47090667,residential,940000,3.14155313,1850,Sand,75.16991983,4535.0,8.0,1.3,1,22.0
2025-09-15,Ward R/C,Borivali,19.229068,72.8573628,Dahisar/Poisar Rivers,14.47090667,residential,940000,3.14155313,1850,Sand,75.16991983,4535.0,17.3,4.3,1,20.0
2025-09-16,Ward R/C,Borivali,19.229068,72.8573628,Dahisar/Poisar Rivers,14.47090667,residential,940000,3.14155313,1850,Sand,75.16991983,4535.0,10.0,2.4,1,22.0
2025-09-17,Ward R/C,Borivali,19.229068,72.8573628,Dahisar/Poisar Rivers,14.47090667,residential,940000,3.14155313,1850,Sand,75.16991983,4535.0,17.9,12.7,1,18.0
2025-09-18,Ward R/C,Borivali,19.229068,72.8573628,Dahisar/Poisar Rivers,14.47090667,residential,940000,3.14155313,1850,Sand,75.16991983,4535.0,15.8,4.6,1,21.0
2025-09-19,Ward R/C,Borivali,19.229068,72.8573628,Dahisar/Poisar Rivers,14.47090667,residential,940000,3.14155313,1850,Sand,75.16991983,4535.0,0.0,0.3,0,5.0
2025-09-20,Ward R/C,Borivali,19.229068,72.8573628,Dahisar/Poisar Rivers,14.47090667,residential,940000,3.14155313,1850,Sand,75.16991983,4535.0,22.1,0.9208333333333334,1,24.0
2025-09-21,Ward R/C,Borivali,19.229068,72.8573628,Dahisar/Poisar Rivers,14.47090667,residential,940000,3.14155313,1850,Sand,75.16991983,4535.0,24.3,1.0125,1,24.0
2025-09-22,Ward R/C,Borivali,19.229068,72.8573628,Dahisar/Poisar Rivers,14.47090667,residential,940000,3.14155313,1850,Sand,75.16991983,4535.0,52.2,2.1750000000000003,1,24.0
2025-09-23,Ward R/C,Borivali,19.229068,72.8573628,Dahisar/Poisar Rivers,14.47090667,residential,940000,3.14155313,1850,Sand,75.16991983,4535.0,31.9,1.3291666666666666,1,24.0
2025-09-24,Ward R/C,Borivali,19.229068,72.8573628,Dahisar/Poisar Rivers,14.47090667,residential,940000,3.14155313,1850,Sand,75.16991983,4535.0,1.5,0.1,1,15.0
2025-09-25,Ward R/C,Borivali,19.229068,72.8573628,Dahisar/Poisar Rivers,14.47090667,residential,940000,3.14155313,1850,Sand,75.16991983,4535.0,1.8,0.2,1,9.0
2025-09-26,Ward R/C,Borivali,19.229068,72.8573628,Dahisar/Poisar Rivers,14.47090667,residential,940000,3.14155313,1850,Sand,75.16991983,4535.0,3.0,0.2,1,15.0
2025-09-13, Ward E,Byculla,18.9766219,72.8327936,Arabian Sea,10.48046154,commercial,420000,3.644874745,3246,Clay,62.42979292,5051.0,11.8,3.3,1,14.0
2025-09-14, Ward E,Byculla,18.9766219,72.8327936,Arabian Sea,10.48046154,commercial,420000,3.644874745,3246,Clay,62.42979292,5051.0,15.1,2.9,1,19.0
2025-09-15, Ward E,Byculla,18.9766219,72.8327936,Arabian Sea,10.48046154,commercial,420000,3.644874745,3246,Clay,62.42979292,5051.0,82.8,12.7,1,19.0
2025-09-16, Ward E,Byculla,18.9766219,72.8327936,Arabian Sea,10.48046154,commercial,420000,3.644874745,3246,Clay,62.42979292,5051.0,10.6,1.3,1,20.0
2025-09-17, Ward E,Byculla,18.9766219,72.8327936,Arabian Sea,10.48046154,commercial,420000,3.644874745,3246,Clay,62.42979292,5051.0,10.4,1.6,1,21.0
2025-09-18, Ward E,Byculla,18.9766219,72.8327936,Arabian Sea,10.48046154,commercial,420000,3.644874745,3246,Clay,62.42979292,5051.0,18.7,3.3,1,21.0
2025-09-19, Ward E,Byculla,18.9766219,72.8327936,Arabian Sea,10.48046154,commercial,420000,3.644874745,3246,Clay,62.42979292,5051.0,0.0,3.3,0,6.0
2025-09-20, Ward E,Byculla,18.9766219,72.8327936,Arabian Sea,10.48046154,commercial,420000,3.644874745,3246,Clay,62.42979292,5051.0,22.4,0.9333333333333332,1,24.0
2025-09-21, Ward E,Byculla,18.9766219,72.8327936,Arabian Sea,10.48046154,commercial,420000,3.644874745,3246,Clay,62.42979292,5051.0,23.7,0.9874999999999999,1,24.0
2025-09-22, Ward E,Byculla,18.9766219,72.8327936,Arabian Sea,10.48046154,commercial,420000,3.644874745,3246,Clay,62.42979292,5051.0,43.5,1.8125,1,24.0
2025-09-23, Ward E,Byculla,18.9766219,72.8327936,Arabian Sea,10.48046154,commercial,420000,3.644874745,3246,Clay,62.42979292,5051.0,29.8,1.3545454545454545,1,22.0
2025-09-24, Ward E,Byculla,18.9766219,72.8327936,Arabian Sea,10.48046154,commercial,420000,3.644874745,3246,Clay,62.42979292,5051.0,3.3,0.15714285714285714,1,21.0
2025-09-25, Ward E,Byculla,18.9766219,72.8327936,Arabian Sea,10.48046154,commercial,420000,3.644874745,3246,Clay,62.42979292,5051.0,1.8,0.15,1,12.0
2025-09-26, Ward E,Byculla,18.9766219,72.8327936,Arabian Sea,10.48046154,commercial,420000,3.644874745,3246,Clay,62.42979292,5051.0,3.6,0.2,1,18.0
2025-09-13,Ward L,CST Road Nullah,19.0813,72.8711,Chembur Nalla,5.0,"commercial, residential, mixed_use",690000,30.32,11,Urban,90.0,527.19,12.7,3.5,1,17.0
2025-09-14,Ward L,CST Road Nullah,19.0813,72.8711,Chembur Nalla,5.0,"commercial, residential, mixed_use",690000,30.32,11,Urban,90.0,527.19,12.2,2.8,1,22.0
2025-09-15,Ward L,CST Road Nullah,19.0813,72.8711,Chembur Nalla,5.0,"commercial, residential, mixed_use",690000,30.32,11,Urban,90.0,527.19,65.5,10.6,1,18.0
2025-09-16,Ward L,CST Road Nullah,19.0813,72.8711,Chembur Nalla,5.0,"commercial, residential, mixed_use",690000,30.32,11,Urban,90.0,527.19,5.2,0.9,1,23.0
2025-09-17,Ward L,CST Road Nullah,19.0813,72.8711,Chembur Nalla,5.0,"commercial, residential, mixed_use",690000,30.32,11,Urban,90.0,527.19,25.7,14.8,1,21.0
2025-09-18,Ward L,CST Road Nullah,19.0813,72.8711,Chembur Nalla,5.0,"commercial, residential, mixed_use",690000,30.32,11,Urban,90.0,527.19,10.4,1.9,1,21.0
2025-09-19,Ward L,CST Road Nullah,19.0813,72.8711,Chembur Nalla,5.0,"commercial, residential, mixed_use",690000,30.32,11,Urban,90.0,527.19,0.0,0.7,0,3.0
2025-09-20,Ward L,CST Road Nullah,19.0813,72.8711,Chembur Nalla,5.0,"commercial, residential, mixed_use",690000,30.32,11,Urban,90.0,527.19,22.4,0.9333333333333332,1,24.0
2025-09-21,Ward L,CST Road Nullah,19.0813,72.8711,Chembur Nalla,5.0,"commercial, residential, mixed_use",690000,30.32,11,Urban,90.0,527.19,23.7,0.9874999999999999,1,24.0
2025-09-22,Ward L,CST Road Nullah,19.0813,72.8711,Chembur Nalla,5.0,"commercial, residential, mixed_use",690000,30.32,11,Urban,90.0,527.19,43.5,1.8125,1,24.0
2025-09-23,Ward L,CST Road Nullah,19.0813,72.8711,Chembur Nalla,5.0,"commercial, residential, mixed_use",690000,30.32,11,Urban,90.0,527.19,29.8,1.3545454545454545,1,22.0
2025-09-24,Ward L,CST Road Nullah,19.0813,72.8711,Chembur Nalla,5.0,"commercial, residential, mixed_use",690000,30.32,11,Urban,90.0,527.19,3.3,0.15714285714285714,1,21.0
2025-09-25,Ward L,CST Road Nullah,19.0813,72.8711,Chembur Nalla,5.0,"commercial, residential, mixed_use",690000,30.32,11,Urban,90.0,527.19,1.8,0.15,1,12.0
2025-09-26,Ward L,CST Road Nullah,19.0813,72.8711,Chembur Nalla,5.0,"commercial, residential, mixed_use",690000,30.32,11,Urban,90.0,527.19,3.6,0.2,1,18.0
2025-09-13,Ward C,CST Subway (near St. Xavier's),18.9472,72.8272,Arabian Sea ,11.0,"transport, education, mixed_use",190000,23.89,11,Urban,90.0,1330.99,11.8,3.3,1,14.0
2025-09-14,Ward C,CST Subway (near St. Xavier's),18.9472,72.8272,Arabian Sea ,11.0,"transport, education, mixed_use",190000,23.89,11,Urban,90.0,1330.99,15.1,2.9,1,19.0
2025-09-15,Ward C,CST Subway (near St. Xavier's),18.9472,72.8272,Arabian Sea ,11.0,"transport, education, mixed_use",190000,23.89,11,Urban,90.0,1330.99,82.8,12.7,1,19.0
2025-09-16,Ward C,CST Subway (near St. Xavier's),18.9472,72.8272,Arabian Sea ,11.0,"transport, education, mixed_use",190000,23.89,11,Urban,90.0,1330.99,10.6,1.3,1,20.0
2025-09-17,Ward C,CST Subway (near St. Xavier's),18.9472,72.8272,Arabian Sea ,11.0,"transport, education, mixed_use",190000,23.89,11,Urban,90.0,1330.99,10.4,1.6,1,21.0
2025-09-18,Ward C,CST Subway (near St. Xavier's),18.9472,72.8272,Arabian Sea ,11.0,"transport, education, mixed_use",190000,23.89,11,Urban,90.0,1330.99,18.7,3.3,1,21.0
2025-09-19,Ward C,CST Subway (near St. Xavier's),18.9472,72.8272,Arabian Sea ,11.0,"transport, education, mixed_use",190000,23.89,11,Urban,90.0,1330.99,0.0,3.3,0,6.0
2025-09-20,Ward C,CST Subway (near St. Xavier's),18.9472,72.8272,Arabian Sea ,11.0,"transport, education, mixed_use",190000,23.89,11,Urban,90.0,1330.99,22.4,0.9333333333333332,1,24.0
2025-09-21,Ward C,CST Subway (near St. Xavier's),18.9472,72.8272,Arabian Sea ,11.0,"transport, education, mixed_use",190000,23.89,11,Urban,90.0,1330.99,23.7,0.9874999999999999,1,24.0
2025-09-22,Ward C,CST Subway (near St. Xavier's),18.9472,72.8272,Arabian Sea ,11.0,"transport, education, mixed_use",190000,23.89,11,Urban,90.0,1330.99,43.5,1.8125,1,24.0
2025-09-23,Ward C,CST Subway (near St. Xavier's),18.9472,72.8272,Arabian Sea ,11.0,"transport, education, mixed_use",190000,23.89,11,Urban,90.0,1330.99,29.8,1.3545454545454545,1,22.0
2025-09-24,Ward C,CST Subway (near St. Xavier's),18.9472,72.8272,Arabian Sea ,11.0,"transport, education, mixed_use",190000,23.89,11,Urban,90.0,1330.99,3.3,0.15714285714285714,1,21.0
2025-09-25,Ward C,CST Subway (near St. Xavier's),18.9472,72.8272,Arabian Sea ,11.0,"transport, education, mixed_use",190000,23.89,11,Urban,90.0,1330.99,1.8,0.15,1,12.0
2025-09-26,Ward C,CST Subway (near St. Xavier's),18.9472,72.8272,Arabian Sea ,11.0,"transport, education, mixed_use",190000,23.89,11,Urban,90.0,1330.99,3.6,0.2,1,18.0
2025-09-13,Ward B,Carnac Bunder underpass,18.9519,72.8356,Arabian Sea ,16.0,"transport, residential, commercial",195000,38.77,7,Sandy,90.0,1618.19,11.8,3.3,1,14.0
2025-09-14,Ward B,Carnac Bunder underpass,18.9519,72.8356,Arabian Sea ,16.0,"transport, residential, commercial",195000,38.77,7,Sandy,90.0,1618.19,15.1,2.9,1,19.0
2025-09-15,Ward B,Carnac Bunder underpass,18.9519,72.8356,Arabian Sea ,16.0,"transport, residential, commercial",195000,38.77,7,Sandy,90.0,1618.19,82.8,12.7,1,19.0
2025-09-16,Ward B,Carnac Bunder underpass,18.9519,72.8356,Arabian Sea ,16.0,"transport, residential, commercial",195000,38.77,7,Sandy,90.0,1618.19,10.6,1.3,1,20.0
2025-09-17,Ward B,Carnac Bunder underpass,18.9519,72.8356,Arabian Sea ,16.0,"transport, residential, commercial",195000,38.77,7,Sandy,90.0,1618.19,10.4,1.6,1,21.0
2025-09-18,Ward B,Carnac Bunder underpass,18.9519,72.8356,Arabian Sea ,16.0,"transport, residential, commercial",195000,38.77,7,Sandy,90.0,1618.19,18.7,3.3,1,21.0
2025-09-19,Ward B,Carnac Bunder underpass,18.9519,72.8356,Arabian Sea ,16.0,"transport, residential, commercial",195000,38.77,7,Sandy,90.0,1618.19,0.0,3.3,0,6.0
2025-09-20,Ward B,Carnac Bunder underpass,18.9519,72.8356,Arabian Sea ,16.0,"transport, residential, commercial",195000,38.77,7,Sandy,90.0,1618.19,22.4,0.9333333333333332,1,24.0
2025-09-21,Ward B,Carnac Bunder underpass,18.9519,72.8356,Arabian Sea ,16.0,"transport, residential, commercial",195000,38.77,7,Sandy,90.0,1618.19,23.7,0.9874999999999999,1,24.0
2025-09-22,Ward B,Carnac Bunder underpass,18.9519,72.8356,Arabian Sea ,16.0,"transport, residential, commercial",195000,38.77,7,Sandy,90.0,1618.19,43.5,1.8125,1,24.0
2025-09-23,Ward B,Carnac Bunder underpass,18.9519,72.8356,Arabian Sea ,16.0,"transport, residential, commercial",195000,38.77,7,Sandy,90.0,1618.19,29.8,1.3545454545454545,1,22.0
2025-09-24,Ward B,Carnac Bunder underpass,18.9519,72.8356,Arabian Sea ,16.0,"transport, residential, commercial",195000,38.77,7,Sandy,90.0,1618.19,3.3,0.15714285714285714,1,21.0
2025-09-25,Ward B,Carnac Bunder underpass,18.9519,72.8356,Arabian Sea ,16.0,"transport, residential, commercial",195000,38.77,7,Sandy,90.0,1618.19,1.8,0.15,1,12.0
2025-09-26,Ward B,Carnac Bunder underpass,18.9519,72.8356,Arabian Sea ,16.0,"transport, residential, commercial",195000,38.77,7,Sandy,90.0,1618.19,3.6,0.2,1,18.0
2025-09-13,Ward M/W,Chembur,19.054818,72.8979713,Mahul Creek / Thane Creek,5.590236849,commercial,580000,3.778120882,2983,Urban,75.00629293,3066.0,10.7,2.8,1,17.0
2025-09-14,Ward M/W,Chembur,19.054818,72.8979713,Mahul Creek / Thane Creek,5.590236849,commercial,580000,3.778120882,2983,Urban,75.00629293,3066.0,14.2,2.8,1,22.0
2025-09-15,Ward M/W,Chembur,19.054818,72.8979713,Mahul Creek / Thane Creek,5.590236849,commercial,580000,3.778120882,2983,Urban,75.00629293,3066.0,56.1,8.9,1,18.0
2025-09-16,Ward M/W,Chembur,19.054818,72.8979713,Mahul Creek / Thane Creek,5.590236849,commercial,580000,3.778120882,2983,Urban,75.00629293,3066.0,14.5,7.3,1,22.0
2025-09-17,Ward M/W,Chembur,19.054818,72.8979713,Mahul Creek / Thane Creek,5.590236849,commercial,580000,3.778120882,2983,Urban,75.00629293,3066.0,22.3,13.7,1,22.0
2025-09-18,Ward M/W,Chembur,19.054818,72.8979713,Mahul Creek / Thane Creek,5.590236849,commercial,580000,3.778120882,2983,Urban,75.00629293,3066.0,16.0,3.9,1,21.0
2025-09-19,Ward M/W,Chembur,19.054818,72.8979713,Mahul Creek / Thane Creek,5.590236849,commercial,580000,3.778120882,2983,Urban,75.00629293,3066.0,0.0,0.1,0,4.0
2025-09-20,Ward M/W,Chembur,19.054818,72.8979713,Mahul Creek / Thane Creek,5.590236849,commercial,580000,3.778120882,2983,Urban,75.00629293,3066.0,22.4,0.9333333333333332,1,24.0
2025-09-21,Ward M/W,Chembur,19.054818,72.8979713,Mahul Creek / Thane Creek,5.590236849,commercial,580000,3.778120882,2983,Urban,75.00629293,3066.0,23.7,0.9874999999999999,1,24.0
2025-09-22,Ward M/W,Chembur,19.054818,72.8979713,Mahul Creek / Thane Creek,5.590236849,commercial,580000,3.778120882,2983,Urban,75.00629293,3066.0,43.5,1.8125,1,24.0
2025-09-23,Ward M/W,Chembur,19.054818,72.8979713,Mahul Creek / Thane Creek,5.590236849,commercial,580000,3.778120882,2983,Urban,75.00629293,3066.0,29.8,1.3545454545454545,1,22.0
2025-09-24,Ward M/W,Chembur,19.054818,72.8979713,Mahul Creek / Thane Creek,5.590236849,commercial,580000,3.778120882,2983,Urban,75.00629293,3066.0,3.3,0.15714285714285714,1,21.0
2025-09-25,Ward M/W,Chembur,19.054818,72.8979713,Mahul Creek / Thane Creek,5.590236849,commercial,580000,3.778120882,2983,Urban,75.00629293,3066.0,1.8,0.15,1,12.0
2025-09-26,Ward M/W,Chembur,19.054818,72.8979713,Mahul Creek / Thane Creek,5.590236849,commercial,580000,3.778120882,2983,Urban,75.00629293,3066.0,3.6,0.2,1,18.0
2025-09-13,Ward M/E,Chembur East Bus Depot,19.0524,72.9005,Wadala Nalla,13.0,"transport, mixed_use",580000,Error: Graph contains no edges.,14,Urban,90.0,1166.33,10.7,2.8,1,17.0
2025-09-14,Ward M/E,Chembur East Bus Depot,19.0524,72.9005,Wadala Nalla,13.0,"transport, mixed_use",580000,Error: Graph contains no edges.,14,Urban,90.0,1166.33,14.2,2.8,1,22.0
2025-09-15,Ward M/E,Chembur East Bus Depot,19.0524,72.9005,Wadala Nalla,13.0,"transport, mixed_use",580000,Error: Graph contains no edges.,14,Urban,90.0,1166.33,56.1,8.9,1,18.0
2025-09-16,Ward M/E,Chembur East Bus Depot,19.0524,72.9005,Wadala Nalla,13.0,"transport, mixed_use",580000,Error: Graph contains no edges.,14,Urban,90.0,1166.33,14.5,7.3,1,22.0
2025-09-17,Ward M/E,Chembur East Bus Depot,19.0524,72.9005,Wadala Nalla,13.0,"transport, mixed_use",580000,Error: Graph contains no edges.,14,Urban,90.0,1166.33,22.3,13.7,1,22.0
2025-09-18,Ward M/E,Chembur East Bus Depot,19.0524,72.9005,Wadala Nalla,13.0,"transport, mixed_use",580000,Error: Graph contains no edges.,14,Urban,90.0,1166.33,16.0,3.9,1,21.0
2025-09-19,Ward M/E,Chembur East Bus Depot,19.0524,72.9005,Wadala Nalla,13.0,"transport, mixed_use",580000,Error: Graph contains no edges.,14,Urban,90.0,1166.33,0.0,0.1,0,4.0
2025-09-20,Ward M/E,Chembur East Bus Depot,19.0524,72.9005,Wadala Nalla,13.0,"transport, mixed_use",580000,Error: Graph contains no edges.,14,Urban,90.0,1166.33,22.4,0.9333333333333332,1,24.0
2025-09-21,Ward M/E,Chembur East Bus Depot,19.0524,72.9005,Wadala Nalla,13.0,"transport, mixed_use",580000,Error: Graph contains no edges.,14,Urban,90.0,1166.33,23.7,0.9874999999999999,1,24.0
2025-09-22,Ward M/E,Chembur East Bus Depot,19.0524,72.9005,Wadala Nalla,13.0,"transport, mixed_use",580000,Error: Graph contains no edges.,14,Urban,90.0,1166.33,43.5,1.8125,1,24.0
2025-09-23,Ward M/E,Chembur East Bus Depot,19.0524,72.9005,Wadala Nalla,13.0,"transport, mixed_use",580000,Error: Graph contains no edges.,14,Urban,90.0,1166.33,29.8,1.3545454545454545,1,22.0
2025-09-24,Ward M/E,Chembur East Bus Depot,19.0524,72.9005,Wadala Nalla,13.0,"transport, mixed_use",580000,Error: Graph contains no edges.,14,Urban,90.0,1166.33,3.3,0.15714285714285714,1,21.0
2025-09-25,Ward M/E,Chembur East Bus Depot,19.0524,72.9005,Wadala Nalla,13.0,"transport, mixed_use",580000,Error: Graph contains no edges.,14,Urban,90.0,1166.33,1.8,0.15,1,12.0
2025-09-26,Ward M/E,Chembur East Bus Depot,19.0524,72.9005,Wadala Nalla,13.0,"transport, mixed_use",580000,Error: Graph contains no edges.,14,Urban,90.0,1166.33,3.6,0.2,1,18.0
2025-09-13,Ward A,Colaba Causeway,18.9151,72.8141,Arabian Sea ,6.0,"commercial, mixed_use",185000,4.3,9,Urban,90.0,3921.69,11.8,3.3,1,14.0
2025-09-14,Ward A,Colaba Causeway,18.9151,72.8141,Arabian Sea ,6.0,"commercial, mixed_use",185000,4.3,9,Urban,90.0,3921.69,15.1,2.9,1,19.0
2025-09-15,Ward A,Colaba Causeway,18.9151,72.8141,Arabian Sea ,6.0,"commercial, mixed_use",185000,4.3,9,Urban,90.0,3921.69,82.8,12.7,1,19.0
2025-09-16,Ward A,Colaba Causeway,18.9151,72.8141,Arabian Sea ,6.0,"commercial, mixed_use",185000,4.3,9,Urban,90.0,3921.69,10.6,1.3,1,20.0
2025-09-17,Ward A,Colaba Causeway,18.9151,72.8141,Arabian Sea ,6.0,"commercial, mixed_use",185000,4.3,9,Urban,90.0,3921.69,10.4,1.6,1,21.0
2025-09-18,Ward A,Colaba Causeway,18.9151,72.8141,Arabian Sea ,6.0,"commercial, mixed_use",185000,4.3,9,Urban,90.0,3921.69,18.7,3.3,1,21.0
2025-09-19,Ward A,Colaba Causeway,18.9151,72.8141,Arabian Sea ,6.0,"commercial, mixed_use",185000,4.3,9,Urban,90.0,3921.69,0.0,3.3,0,6.0
2025-09-20,Ward A,Colaba Causeway,18.9151,72.8141,Arabian Sea ,6.0,"commercial, mixed_use",185000,4.3,9,Urban,90.0,3921.69,20.0,0.8333333333333334,1,24.0
2025-09-21,Ward A,Colaba Causeway,18.9151,72.8141,Arabian Sea ,6.0,"commercial, mixed_use",185000,4.3,9,Urban,90.0,3921.69,22.4,0.9333333333333332,1,24.0
2025-09-22,Ward A,Colaba Causeway,18.9151,72.8141,Arabian Sea ,6.0,"commercial, mixed_use",185000,4.3,9,Urban,90.0,3921.69,33.1,1.5761904761904764,1,21.0
2025-09-23,Ward A,Colaba Causeway,18.9151,72.8141,Arabian Sea ,6.0,"commercial, mixed_use",185000,4.3,9,Urban,90.0,3921.69,18.1,0.8227272727272728,1,22.0
2025-09-24,Ward A,Colaba Causeway,18.9151,72.8141,Arabian Sea ,6.0,"commercial, mixed_use",185000,4.3,9,Urban,90.0,3921.69,2.7,0.18000000000000002,1,15.0
2025-09-25,Ward A,Colaba Causeway,18.9151,72.8141,Arabian Sea ,6.0,"commercial, mixed_use",185000,4.3,9,Urban,90.0,3921.69,2.4,0.19999999999999998,1,12.0
2025-09-26,Ward A,Colaba Causeway,18.9151,72.8141,Arabian Sea ,6.0,"commercial, mixed_use",185000,4.3,9,Urban,90.0,3921.69,3.9,0.21666666666666667,1,18.0
2025-09-13,Ward K/W,DN Nagar Metro area,19.136,72.8314,Oshiwara River,9.0,"transport, mixed_use",900000,24.04,2,Urban,90.0,930.15,10.6,2.2,1,16.0
2025-09-14,Ward K/W,DN Nagar Metro area,19.136,72.8314,Oshiwara River,9.0,"transport, mixed_use",900000,24.04,2,Urban,90.0,930.15,12.1,2.6,1,21.0
2025-09-15,Ward K/W,DN Nagar Metro area,19.136,72.8314,Oshiwara River,9.0,"transport, mixed_use",900000,24.04,2,Urban,90.0,930.15,29.1,5.0,1,17.0
2025-09-16,Ward K/W,DN Nagar Metro area,19.136,72.8314,Oshiwara River,9.0,"transport, mixed_use",900000,24.04,2,Urban,90.0,930.15,6.6,2.4,1,20.0
2025-09-17,Ward K/W,DN Nagar Metro area,19.136,72.8314,Oshiwara River,9.0,"transport, mixed_use",900000,24.04,2,Urban,90.0,930.15,27.8,19.8,1,23.0
2025-09-18,Ward K/W,DN Nagar Metro area,19.136,72.8314,Oshiwara River,9.0,"transport, mixed_use",900000,24.04,2,Urban,90.0,930.15,14.8,3.1,1,22.0
2025-09-19,Ward K/W,DN Nagar Metro area,19.136,72.8314,Oshiwara River,9.0,"transport, mixed_use",900000,24.04,2,Urban,90.0,930.15,0.0,0.1,0,2.0
2025-09-20,Ward K/W,DN Nagar Metro area,19.136,72.8314,Oshiwara River,9.0,"transport, mixed_use",900000,24.04,2,Urban,90.0,930.15,22.4,0.9333333333333332,1,24.0
2025-09-21,Ward K/W,DN Nagar Metro area,19.136,72.8314,Oshiwara River,9.0,"transport, mixed_use",900000,24.04,2,Urban,90.0,930.15,23.7,0.9874999999999999,1,24.0
2025-09-22,Ward K/W,DN Nagar Metro area,19.136,72.8314,Oshiwara River,9.0,"transport, mixed_use",900000,24.04,2,Urban,90.0,930.15,43.5,1.8125,1,24.0
2025-09-23,Ward K/W,DN Nagar Metro area,19.136,72.8314,Oshiwara River,9.0,"transport, mixed_use",900000,24.04,2,Urban,90.0,930.15,29.8,1.3545454545454545,1,22.0
2025-09-24,Ward K/W,DN Nagar Metro area,19.136,72.8314,Oshiwara River,9.0,"transport, mixed_use",900000,24.04,2,Urban,90.0,930.15,3.3,0.15714285714285714,1,21.0
2025-09-25,Ward K/W,DN Nagar Metro area,19.136,72.8314,Oshiwara River,9.0,"transport, mixed_use",900000,24.04,2,Urban,90.0,930.15,1.8,0.15,1,12.0
2025-09-26,Ward K/W,DN Nagar Metro area,19.136,72.8314,Oshiwara River,9.0,"transport, mixed_use",900000,24.04,2,Urban,90.0,930.15,3.6,0.2,1,18.0
2025-09-13,Ward G/N,Dadar TT,19.0195,72.8436,Wadala Nalla,7.0,"transport, commercial, mixed_use",520000,24.1,9,Sandy,90.0,182.83,12.4,2.1,1,18.0
2025-09-14,Ward G/N,Dadar TT,19.0195,72.8436,Wadala Nalla,7.0,"transport, commercial, mixed_use",520000,24.1,9,Sandy,90.0,182.83,16.3,3.6,1,24.0
2025-09-15,Ward G/N,Dadar TT,19.0195,72.8436,Wadala Nalla,7.0,"transport, commercial, mixed_use",520000,24.1,9,Sandy,90.0,182.83,72.3,13.2,1,18.0
2025-09-16,Ward G/N,Dadar TT,19.0195,72.8436,Wadala Nalla,7.0,"transport, commercial, mixed_use",520000,24.1,9,Sandy,90.0,182.83,7.8,0.9,1,22.0
2025-09-17,Ward G/N,Dadar TT,19.0195,72.8436,Wadala Nalla,7.0,"transport, commercial, mixed_use",520000,24.1,9,Sandy,90.0,182.83,15.2,4.5,1,22.0
2025-09-18,Ward G/N,Dadar TT,19.0195,72.8436,Wadala Nalla,7.0,"transport, commercial, mixed_use",520000,24.1,9,Sandy,90.0,182.83,9.9,1.3,1,21.0
2025-09-19,Ward G/N,Dadar TT,19.0195,72.8436,Wadala Nalla,7.0,"transport, commercial, mixed_use",520000,24.1,9,Sandy,90.0,182.83,0.0,3.3,0,6.0
2025-09-20,Ward G/N,Dadar TT,19.0195,72.8436,Wadala Nalla,7.0,"transport, commercial, mixed_use",520000,24.1,9,Sandy,90.0,182.83,22.4,0.9333333333333332,1,24.0
2025-09-21,Ward G/N,Dadar TT,19.0195,72.8436,Wadala Nalla,7.0,"transport, commercial, mixed_use",520000,24.1,9,Sandy,90.0,182.83,23.7,0.9874999999999999,1,24.0
2025-09-22,Ward G/N,Dadar TT,19.0195,72.8436,Wadala Nalla,7.0,"transport, commercial, mixed_use",520000,24.1,9,Sandy,90.0,182.83,43.5,1.8125,1,24.0
2025-09-23,Ward G/N,Dadar TT,19.0195,72.8436,Wadala Nalla,7.0,"transport, commercial, mixed_use",520000,24.1,9,Sandy,90.0,182.83,29.8,1.3545454545454545,1,22.0
2025-09-24,Ward G/N,Dadar TT,19.0195,72.8436,Wadala Nalla,7.0,"transport, commercial, mixed_use",520000,24.1,9,Sandy,90.0,182.83,3.3,0.15714285714285714,1,21.0
2025-09-25,Ward G/N,Dadar TT,19.0195,72.8436,Wadala Nalla,7.0,"transport, commercial, mixed_use",520000,24.1,9,Sandy,90.0,182.83,1.8,0.15,1,12.0
2025-09-26,Ward G/N,Dadar TT,19.0195,72.8436,Wadala Nalla,7.0,"transport, commercial, mixed_use",520000,24.1,9,Sandy,90.0,182.83,3.6,0.2,1,18.0
2025-09-13,Ward R/N,Dahisar,19.2493572,72.8596302,Dahisar River,11.18621685,park,670000,2.394216115,4834,Urban,72.66643178,3944.0,8.5,2.4,1,14.0
2025-09-14,Ward R/N,Dahisar,19.2493572,72.8596302,Dahisar River,11.18621685,park,670000,2.394216115,4834,Urban,72.66643178,3944.0,8.0,1.3,1,22.0
2025-09-15,Ward R/N,Dahisar,19.2493572,72.8596302,Dahisar River,11.18621685,park,670000,2.394216115,4834,Urban,72.66643178,3944.0,17.3,4.3,1,20.0
2025-09-16,Ward R/N,Dahisar,19.2493572,72.8596302,Dahisar River,11.18621685,park,670000,2.394216115,4834,Urban,72.66643178,3944.0,10.0,2.4,1,22.0
2025-09-17,Ward R/N,Dahisar,19.2493572,72.8596302,Dahisar River,11.18621685,park,670000,2.394216115,4834,Urban,72.66643178,3944.0,17.9,12.7,1,18.0
2025-09-18,Ward R/N,Dahisar,19.2493572,72.8596302,Dahisar River,11.18621685,park,670000,2.394216115,4834,Urban,72.66643178,3944.0,15.8,4.6,1,21.0
2025-09-19,Ward R/N,Dahisar,19.2493572,72.8596302,Dahisar River,11.18621685,park,670000,2.394216115,4834,Urban,72.66643178,3944.0,0.0,0.3,0,5.0
2025-09-20,Ward R/N,Dahisar,19.2493572,72.8596302,Dahisar River,11.18621685,park,670000,2.394216115,4834,Urban,72.66643178,3944.0,22.1,0.9208333333333334,1,24.0
2025-09-21,Ward R/N,Dahisar,19.2493572,72.8596302,Dahisar River,11.18621685,park,670000,2.394216115,4834,Urban,72.66643178,3944.0,24.3,1.0125,1,24.0
2025-09-22,Ward R/N,Dahisar,19.2493572,72.8596302,Dahisar River,11.18621685,park,670000,2.394216115,4834,Urban,72.66643178,3944.0,52.2,2.1750000000000003,1,24.0
2025-09-23,Ward R/N,Dahisar,19.2493572,72.8596302,Dahisar River,11.18621685,park,670000,2.394216115,4834,Urban,72.66643178,3944.0,31.9,1.3291666666666666,1,24.0
2025-09-24,Ward R/N,Dahisar,19.2493572,72.8596302,Dahisar River,11.18621685,park,670000,2.394216115,4834,Urban,72.66643178,3944.0,1.5,0.1,1,15.0
2025-09-25,Ward R/N,Dahisar,19.2493572,72.8596302,Dahisar River,11.18621685,park,670000,2.394216115,4834,Urban,72.66643178,3944.0,1.8,0.2,1,9.0
2025-09-26,Ward R/N,Dahisar,19.2493572,72.8596302,Dahisar River,11.18621685,park,670000,2.394216115,4834,Urban,72.66643178,3944.0,3.0,0.2,1,15.0
2025-09-13,Ward R/N,Dahisar Subway,19.2525,72.8601,Dahisar River,18.0,"commercial, residential, mixed_use",670000,18.98,10,Urban,90.0,2224.03,8.5,2.4,1,14.0
2025-09-14,Ward R/N,Dahisar Subway,19.2525,72.8601,Dahisar River,18.0,"commercial, residential, mixed_use",670000,18.98,10,Urban,90.0,2224.03,8.0,1.3,1,22.0
2025-09-15,Ward R/N,Dahisar Subway,19.2525,72.8601,Dahisar River,18.0,"commercial, residential, mixed_use",670000,18.98,10,Urban,90.0,2224.03,17.3,4.3,1,20.0
2025-09-16,Ward R/N,Dahisar Subway,19.2525,72.8601,Dahisar River,18.0,"commercial, residential, mixed_use",670000,18.98,10,Urban,90.0,2224.03,10.0,2.4,1,22.0
2025-09-17,Ward R/N,Dahisar Subway,19.2525,72.8601,Dahisar River,18.0,"commercial, residential, mixed_use",670000,18.98,10,Urban,90.0,2224.03,17.9,12.7,1,18.0
2025-09-18,Ward R/N,Dahisar Subway,19.2525,72.8601,Dahisar River,18.0,"commercial, residential, mixed_use",670000,18.98,10,Urban,90.0,2224.03,15.8,4.6,1,21.0
2025-09-19,Ward R/N,Dahisar Subway,19.2525,72.8601,Dahisar River,18.0,"commercial, residential, mixed_use",670000,18.98,10,Urban,90.0,2224.03,0.0,0.3,0,5.0
2025-09-20,Ward R/N,Dahisar Subway,19.2525,72.8601,Dahisar River,18.0,"commercial, residential, mixed_use",670000,18.98,10,Urban,90.0,2224.03,22.1,0.9208333333333334,1,24.0
2025-09-21,Ward R/N,Dahisar Subway,19.2525,72.8601,Dahisar River,18.0,"commercial, residential, mixed_use",670000,18.98,10,Urban,90.0,2224.03,24.3,1.0125,1,24.0
2025-09-22,Ward R/N,Dahisar Subway,19.2525,72.8601,Dahisar River,18.0,"commercial, residential, mixed_use",670000,18.98,10,Urban,90.0,2224.03,52.2,2.1750000000000003,1,24.0
2025-09-23,Ward R/N,Dahisar Subway,19.2525,72.8601,Dahisar River,18.0,"commercial, residential, mixed_use",670000,18.98,10,Urban,90.0,2224.03,31.9,1.3291666666666666,1,24.0
2025-09-24,Ward R/N,Dahisar Subway,19.2525,72.8601,Dahisar River,18.0,"commercial, residential, mixed_use",670000,18.98,10,Urban,90.0,2224.03,1.5,0.1,1,15.0
2025-09-25,Ward R/N,Dahisar Subway,19.2525,72.8601,Dahisar River,18.0,"commercial, residential, mixed_use",670000,18.98,10,Urban,90.0,2224.03,1.8,0.2,1,9.0
2025-09-26,Ward R/N,Dahisar Subway,19.2525,72.8601,Dahisar River,18.0,"commercial, residential, mixed_use",670000,18.98,10,Urban,90.0,2224.03,3.0,0.2,1,15.0
2025-09-13,WardG/N,Dharavi,19.044463,72.8586177,Mithi River,10.27148382,park,520000,4.663618796,4138,Urban,75.82432588,2600.0,12.4,2.1,1,18.0
2025-09-14,WardG/N,Dharavi,19.044463,72.8586177,Mithi River,10.27148382,park,520000,4.663618796,4138,Urban,75.82432588,2600.0,16.3,3.6,1,24.0
2025-09-15,WardG/N,Dharavi,19.044463,72.8586177,Mithi River,10.27148382,park,520000,4.663618796,4138,Urban,75.82432588,2600.0,72.3,13.2,1,18.0
2025-09-16,WardG/N,Dharavi,19.044463,72.8586177,Mithi River,10.27148382,park,520000,4.663618796,4138,Urban,75.82432588,2600.0,7.8,0.9,1,22.0
2025-09-17,WardG/N,Dharavi,19.044463,72.8586177,Mithi River,10.27148382,park,520000,4.663618796,4138,Urban,75.82432588,2600.0,15.2,4.5,1,22.0
2025-09-18,WardG/N,Dharavi,19.044463,72.8586177,Mithi River,10.27148382,park,520000,4.663618796,4138,Urban,75.82432588,2600.0,9.9,1.3,1,21.0
2025-09-19,WardG/N,Dharavi,19.044463,72.8586177,Mithi River,10.27148382,park,520000,4.663618796,4138,Urban,75.82432588,2600.0,0.0,3.3,0,6.0
2025-09-20,WardG/N,Dharavi,19.044463,72.8586177,Mithi River,10.27148382,park,520000,4.663618796,4138,Urban,75.82432588,2600.0,22.4,0.9333333333333332,1,24.0
2025-09-21,WardG/N,Dharavi,19.044463,72.8586177,Mithi River,10.27148382,park,520000,4.663618796,4138,Urban,75.82432588,2600.0,23.7,0.9874999999999999,1,24.0
2025-09-22,WardG/N,Dharavi,19.044463,72.8586177,Mithi River,10.27148382,park,520000,4.663618796,4138,Urban,75.82432588,2600.0,43.5,1.8125,1,24.0
2025-09-23,WardG/N,Dharavi,19.044463,72.8586177,Mithi River,10.27148382,park,520000,4.663618796,4138,Urban,75.82432588,2600.0,29.8,1.3545454545454545,1,22.0
2025-09-24,WardG/N,Dharavi,19.044463,72.8586177,Mithi River,10.27148382,park,520000,4.663618796,4138,Urban,75.82432588,2600.0,3.3,0.15714285714285714,1,21.0
2025-09-25,WardG/N,Dharavi,19.044463,72.8586177,Mithi River,10.27148382,park,520000,4.663618796,4138,Urban,75.82432588,2600.0,1.8,0.15,1,12.0
2025-09-26,WardG/N,Dharavi,19.044463,72.8586177,Mithi River,10.27148382,park,520000,4.663618796,4138,Urban,75.82432588,2600.0,3.6,0.2,1,18.0
2025-09-13,Ward E,Dockyard Road (Mazgaon),18.9637,72.8443,Wadala Nalla,8.0,"transport, industrial, commercial",420000,24.65,9,Urban,90.0,2486.33,9.0,2.1,1,16.0
2025-09-14,Ward E,Dockyard Road (Mazgaon),18.9637,72.8443,Wadala Nalla,8.0,"transport, industrial, commercial",420000,24.65,9,Urban,90.0,2486.33,16.5,4.0,1,20.0
2025-09-15,Ward E,Dockyard Road (Mazgaon),18.9637,72.8443,Wadala Nalla,8.0,"transport, industrial, commercial",420000,24.65,9,Urban,90.0,2486.33,67.1,15.3,1,16.0
2025-09-16,Ward E,Dockyard Road (Mazgaon),18.9637,72.8443,Wadala Nalla,8.0,"transport, industrial, commercial",420000,24.65,9,Urban,90.0,2486.33,11.8,1.8,1,21.0
2025-09-17,Ward E,Dockyard Road (Mazgaon),18.9637,72.8443,Wadala Nalla,8.0,"transport, industrial, commercial",420000,24.65,9,Urban,90.0,2486.33,4.9,0.6,1,23.0
2025-09-18,Ward E,Dockyard Road (Mazgaon),18.9637,72.8443,Wadala Nalla,8.0,"transport, industrial, commercial",420000,24.65,9,Urban,90.0,2486.33,22.5,5.8,1,22.0
2025-09-19,Ward E,Dockyard Road (Mazgaon),18.9637,72.8443,Wadala Nalla,8.0,"transport, industrial, commercial",420000,24.65,9,Urban,90.0,2486.33,0.0,1.5,0,5.0
2025-09-20,Ward E,Dockyard Road (Mazgaon),18.9637,72.8443,Wadala Nalla,8.0,"transport, industrial, commercial",420000,24.65,9,Urban,90.0,2486.33,22.4,0.9333333333333332,1,24.0
2025-09-21,Ward E,Dockyard Road (Mazgaon),18.9637,72.8443,Wadala Nalla,8.0,"transport, industrial, commercial",420000,24.65,9,Urban,90.0,2486.33,23.7,0.9874999999999999,1,24.0
2025-09-22,Ward E,Dockyard Road (Mazgaon),18.9637,72.8443,Wadala Nalla,8.0,"transport, industrial, commercial",420000,24.65,9,Urban,90.0,2486.33,43.5,1.8125,1,24.0
2025-09-23,Ward E,Dockyard Road (Mazgaon),18.9637,72.8443,Wadala Nalla,8.0,"transport, industrial, commercial",420000,24.65,9,Urban,90.0,2486.33,29.8,1.3545454545454545,1,22.0
2025-09-24,Ward E,Dockyard Road (Mazgaon),18.9637,72.8443,Wadala Nalla,8.0,"transport, industrial, commercial",420000,24.65,9,Urban,90.0,2486.33,3.3,0.15714285714285714,1,21.0
2025-09-25,Ward E,Dockyard Road (Mazgaon),18.9637,72.8443,Wadala Nalla,8.0,"transport, industrial, commercial",420000,24.65,9,Urban,90.0,2486.33,1.8,0.15,1,12.0
2025-09-26,Ward E,Dockyard Road (Mazgaon),18.9637,72.8443,Wadala Nalla,8.0,"transport, industrial, commercial",420000,24.65,9,Urban,90.0,2486.33,3.6,0.2,1,18.0
2025-09-13,Ward B,Dongri Circle,18.9594,72.8376,Arabian Sea ,19.0,"residential, commercial, religious",195000,48.94,7,Urban,90.0,2022.4,11.8,3.3,1,14.0
2025-09-14,Ward B,Dongri Circle,18.9594,72.8376,Arabian Sea ,19.0,"residential, commercial, religious",195000,48.94,7,Urban,90.0,2022.4,15.1,2.9,1,19.0
2025-09-15,Ward B,Dongri Circle,18.9594,72.8376,Arabian Sea ,19.0,"residential, commercial, religious",195000,48.94,7,Urban,90.0,2022.4,82.8,12.7,1,19.0
2025-09-16,Ward B,Dongri Circle,18.9594,72.8376,Arabian Sea ,19.0,"residential, commercial, religious",195000,48.94,7,Urban,90.0,2022.4,10.6,1.3,1,20.0
2025-09-17,Ward B,Dongri Circle,18.9594,72.8376,Arabian Sea ,19.0,"residential, commercial, religious",195000,48.94,7,Urban,90.0,2022.4,10.4,1.6,1,21.0
2025-09-18,Ward B,Dongri Circle,18.9594,72.8376,Arabian Sea ,19.0,"residential, commercial, religious",195000,48.94,7,Urban,90.0,2022.4,18.7,3.3,1,21.0
2025-09-19,Ward B,Dongri Circle,18.9594,72.8376,Arabian Sea ,19.0,"residential, commercial, religious",195000,48.94,7,Urban,90.0,2022.4,0.0,3.3,0,6.0
2025-09-20,Ward B,Dongri Circle,18.9594,72.8376,Arabian Sea ,19.0,"residential, commercial, religious",195000,48.94,7,Urban,90.0,2022.4,22.4,0.9333333333333332,1,24.0
2025-09-21,Ward B,Dongri Circle,18.9594,72.8376,Arabian Sea ,19.0,"residential, commercial, religious",195000,48.94,7,Urban,90.0,2022.4,23.7,0.9874999999999999,1,24.0
2025-09-22,Ward B,Dongri Circle,18.9594,72.8376,Arabian Sea ,19.0,"residential, commercial, religious",195000,48.94,7,Urban,90.0,2022.4,43.5,1.8125,1,24.0
2025-09-23,Ward B,Dongri Circle,18.9594,72.8376,Arabian Sea ,19.0,"residential, commercial, religious",195000,48.94,7,Urban,90.0,2022.4,29.8,1.3545454545454545,1,22.0
2025-09-24,Ward B,Dongri Circle,18.9594,72.8376,Arabian Sea ,19.0,"residential, commercial, religious",195000,48.94,7,Urban,90.0,2022.4,3.3,0.15714285714285714,1,21.0
2025-09-25,Ward B,Dongri Circle,18.9594,72.8376,Arabian Sea ,19.0,"residential, commercial, religious",195000,48.94,7,Urban,90.0,2022.4,1.8,0.15,1,12.0
2025-09-26,Ward B,Dongri Circle,18.9594,72.8376,Arabian Sea ,19.0,"residential, commercial, religious",195000,48.94,7,Urban,90.0,2022.4,3.6,0.2,1,18.0
2025-09-13,Ward G/S,Elphinstone Bridge (Lower Parel),19.0172,72.8337,Wadala Nalla,5.0,"transport, mixed_use",430000,6.6,18,Sandy,90.0,615.6,12.4,2.1,1,18.0
2025-09-14,Ward G/S,Elphinstone Bridge (Lower Parel),19.0172,72.8337,Wadala Nalla,5.0,"transport, mixed_use",430000,6.6,18,Sandy,90.0,615.6,16.3,3.6,1,24.0
2025-09-15,Ward G/S,Elphinstone Bridge (Lower Parel),19.0172,72.8337,Wadala Nalla,5.0,"transport, mixed_use",430000,6.6,18,Sandy,90.0,615.6,72.3,13.2,1,18.0
2025-09-16,Ward G/S,Elphinstone Bridge (Lower Parel),19.0172,72.8337,Wadala Nalla,5.0,"transport, mixed_use",430000,6.6,18,Sandy,90.0,615.6,7.8,0.9,1,22.0
2025-09-17,Ward G/S,Elphinstone Bridge (Lower Parel),19.0172,72.8337,Wadala Nalla,5.0,"transport, mixed_use",430000,6.6,18,Sandy,90.0,615.6,15.2,4.5,1,22.0
2025-09-18,Ward G/S,Elphinstone Bridge (Lower Parel),19.0172,72.8337,Wadala Nalla,5.0,"transport, mixed_use",430000,6.6,18,Sandy,90.0,615.6,9.9,1.3,1,21.0
2025-09-19,Ward G/S,Elphinstone Bridge (Lower Parel),19.0172,72.8337,Wadala Nalla,5.0,"transport, mixed_use",430000,6.6,18,Sandy,90.0,615.6,0.0,3.3,0,6.0
2025-09-20,Ward G/S,Elphinstone Bridge (Lower Parel),19.0172,72.8337,Wadala Nalla,5.0,"transport, mixed_use",430000,6.6,18,Sandy,90.0,615.6,22.4,0.9333333333333332,1,24.0
2025-09-21,Ward G/S,Elphinstone Bridge (Lower Parel),19.0172,72.8337,Wadala Nalla,5.0,"transport, mixed_use",430000,6.6,18,Sandy,90.0,615.6,23.7,0.9874999999999999,1,24.0
2025-09-22,Ward G/S,Elphinstone Bridge (Lower Parel),19.0172,72.8337,Wadala Nalla,5.0,"transport, mixed_use",430000,6.6,18,Sandy,90.0,615.6,43.5,1.8125,1,24.0
2025-09-23,Ward G/S,Elphinstone Bridge (Lower Parel),19.0172,72.8337,Wadala Nalla,5.0,"transport, mixed_use",430000,6.6,18,Sandy,90.0,615.6,29.8,1.3545454545454545,1,22.0
2025-09-24,Ward G/S,Elphinstone Bridge (Lower Parel),19.0172,72.8337,Wadala Nalla,5.0,"transport, mixed_use",430000,6.6,18,Sandy,90.0,615.6,3.3,0.15714285714285714,1,21.0
2025-09-25,Ward G/S,Elphinstone Bridge (Lower Parel),19.0172,72.8337,Wadala Nalla,5.0,"transport, mixed_use",430000,6.6,18,Sandy,90.0,615.6,1.8,0.15,1,12.0
2025-09-26,Ward G/S,Elphinstone Bridge (Lower Parel),19.0172,72.8337,Wadala Nalla,5.0,"transport, mixed_use",430000,6.6,18,Sandy,90.0,615.6,3.6,0.2,1,18.0
2025-09-13,Ward F/N,Five Gardens Underpass,19.0163,72.8494,Wadala Nalla,14.0,"transport, residential, mixed_use",530000,28.54,19,Sandy,90.0,409.86,12.4,2.1,1,18.0
2025-09-14,Ward F/N,Five Gardens Underpass,19.0163,72.8494,Wadala Nalla,14.0,"transport, residential, mixed_use",530000,28.54,19,Sandy,90.0,409.86,16.3,3.6,1,24.0
2025-09-15,Ward F/N,Five Gardens Underpass,19.0163,72.8494,Wadala Nalla,14.0,"transport, residential, mixed_use",530000,28.54,19,Sandy,90.0,409.86,72.3,13.2,1,18.0
2025-09-16,Ward F/N,Five Gardens Underpass,19.0163,72.8494,Wadala Nalla,14.0,"transport, residential, mixed_use",530000,28.54,19,Sandy,90.0,409.86,7.8,0.9,1,22.0
2025-09-17,Ward F/N,Five Gardens Underpass,19.0163,72.8494,Wadala Nalla,14.0,"transport, residential, mixed_use",530000,28.54,19,Sandy,90.0,409.86,15.2,4.5,1,22.0
2025-09-18,Ward F/N,Five Gardens Underpass,19.0163,72.8494,Wadala Nalla,14.0,"transport, residential, mixed_use",530000,28.54,19,Sandy,90.0,409.86,9.9,1.3,1,21.0
2025-09-19,Ward F/N,Five Gardens Underpass,19.0163,72.8494,Wadala Nalla,14.0,"transport, residential, mixed_use",530000,28.54,19,Sandy,90.0,409.86,0.0,3.3,0,6.0
2025-09-20,Ward F/N,Five Gardens Underpass,19.0163,72.8494,Wadala Nalla,14.0,"transport, residential, mixed_use",530000,28.54,19,Sandy,90.0,409.86,22.4,0.9333333333333332,1,24.0
2025-09-21,Ward F/N,Five Gardens Underpass,19.0163,72.8494,Wadala Nalla,14.0,"transport, residential, mixed_use",530000,28.54,19,Sandy,90.0,409.86,23.7,0.9874999999999999,1,24.0
2025-09-22,Ward F/N,Five Gardens Underpass,19.0163,72.8494,Wadala Nalla,14.0,"transport, residential, mixed_use",530000,28.54,19,Sandy,90.0,409.86,43.5,1.8125,1,24.0
2025-09-23,Ward F/N,Five Gardens Underpass,19.0163,72.8494,Wadala Nalla,14.0,"transport, residential, mixed_use",530000,28.54,19,Sandy,90.0,409.86,29.8,1.3545454545454545,1,22.0
2025-09-24,Ward F/N,Five Gardens Underpass,19.0163,72.8494,Wadala Nalla,14.0,"transport, residential, mixed_use",530000,28.54,19,Sandy,90.0,409.86,3.3,0.15714285714285714,1,21.0
2025-09-25,Ward F/N,Five Gardens Underpass,19.0163,72.8494,Wadala Nalla,14.0,"transport, residential, mixed_use",530000,28.54,19,Sandy,90.0,409.86,1.8,0.15,1,12.0
2025-09-26,Ward F/N,Five Gardens Underpass,19.0163,72.8494,Wadala Nalla,14.0,"transport, residential, mixed_use",530000,28.54,19,Sandy,90.0,409.86,3.6,0.2,1,18.0
2025-09-13,Ward A,Fort,18.9332665,72.8345146,Arabian Sea,6.856552633,park,185000,3.410650534,4735,Sand,52.29782755,5938.0,11.8,3.3,1,14.0
2025-09-14,Ward A,Fort,18.9332665,72.8345146,Arabian Sea,6.856552633,park,185000,3.410650534,4735,Sand,52.29782755,5938.0,15.1,2.9,1,19.0
2025-09-15,Ward A,Fort,18.9332665,72.8345146,Arabian Sea,6.856552633,park,185000,3.410650534,4735,Sand,52.29782755,5938.0,82.8,12.7,1,19.0
2025-09-16,Ward A,Fort,18.9332665,72.8345146,Arabian Sea,6.856552633,park,185000,3.410650534,4735,Sand,52.29782755,5938.0,10.6,1.3,1,20.0
2025-09-17,Ward A,Fort,18.9332665,72.8345146,Arabian Sea,6.856552633,park,185000,3.410650534,4735,Sand,52.29782755,5938.0,10.4,1.6,1,21.0
2025-09-18,Ward A,Fort,18.9332665,72.8345146,Arabian Sea,6.856552633,park,185000,3.410650534,4735,Sand,52.29782755,5938.0,18.7,3.3,1,21.0
2025-09-19,Ward A,Fort,18.9332665,72.8345146,Arabian Sea,6.856552633,park,185000,3.410650534,4735,Sand,52.29782755,5938.0,0.0,3.3,0,6.0
2025-09-20,Ward A,Fort,18.9332665,72.8345146,Arabian Sea,6.856552633,park,185000,3.410650534,4735,Sand,52.29782755,5938.0,20.0,0.8333333333333334,1,24.0
2025-09-21,Ward A,Fort,18.9332665,72.8345146,Arabian Sea,6.856552633,park,185000,3.410650534,4735,Sand,52.29782755,5938.0,22.4,0.9333333333333332,1,24.0
2025-09-22,Ward A,Fort,18.9332665,72.8345146,Arabian Sea,6.856552633,park,185000,3.410650534,4735,Sand,52.29782755,5938.0,33.1,1.5761904761904764,1,21.0
2025-09-23,Ward A,Fort,18.9332665,72.8345146,Arabian Sea,6.856552633,park,185000,3.410650534,4735,Sand,52.29782755,5938.0,18.1,0.8227272727272728,1,22.0
2025-09-24,Ward A,Fort,18.9332665,72.8345146,Arabian Sea,6.856552633,park,185000,3.410650534,4735,Sand,52.29782755,5938.0,2.7,0.18000000000000002,1,15.0
2025-09-25,Ward A,Fort,18.9332665,72.8345146,Arabian Sea,6.856552633,park,185000,3.410650534,4735,Sand,52.29782755,5938.0,2.4,0.19999999999999998,1,12.0
2025-09-26,Ward A,Fort,18.9332665,72.8345146,Arabian Sea,6.856552633,park,185000,3.410650534,4735,Sand,52.29782755,5938.0,3.9,0.21666666666666667,1,18.0
2025-09-13,Ward F/N,Gandhi Market Junction,19.0337,72.8512,Wadala Nalla,9.0,"commercial, residential",530000,14.81,8,Urban,90.0,1092.59,12.4,2.1,1,18.0
2025-09-14,Ward F/N,Gandhi Market Junction,19.0337,72.8512,Wadala Nalla,9.0,"commercial, residential",530000,14.81,8,Urban,90.0,1092.59,16.3,3.6,1,24.0
2025-09-15,Ward F/N,Gandhi Market Junction,19.0337,72.8512,Wadala Nalla,9.0,"commercial, residential",530000,14.81,8,Urban,90.0,1092.59,72.3,13.2,1,18.0
2025-09-16,Ward F/N,Gandhi Market Junction,19.0337,72.8512,Wadala Nalla,9.0,"commercial, residential",530000,14.81,8,Urban,90.0,1092.59,7.8,0.9,1,22.0
2025-09-17,Ward F/N,Gandhi Market Junction,19.0337,72.8512,Wadala Nalla,9.0,"commercial, residential",530000,14.81,8,Urban,90.0,1092.59,15.2,4.5,1,22.0
2025-09-18,Ward F/N,Gandhi Market Junction,19.0337,72.8512,Wadala Nalla,9.0,"commercial, residential",530000,14.81,8,Urban,90.0,1092.59,9.9,1.3,1,21.0
2025-09-19,Ward F/N,Gandhi Market Junction,19.0337,72.8512,Wadala Nalla,9.0,"commercial, residential",530000,14.81,8,Urban,90.0,1092.59,0.0,3.3,0,6.0
2025-09-20,Ward F/N,Gandhi Market Junction,19.0337,72.8512,Wadala Nalla,9.0,"commercial, residential",530000,14.81,8,Urban,90.0,1092.59,22.4,0.9333333333333332,1,24.0
2025-09-21,Ward F/N,Gandhi Market Junction,19.0337,72.8512,Wadala Nalla,9.0,"commercial, residential",530000,14.81,8,Urban,90.0,1092.59,23.7,0.9874999999999999,1,24.0
2025-09-22,Ward F/N,Gandhi Market Junction,19.0337,72.8512,Wadala Nalla,9.0,"commercial, residential",530000,14.81,8,Urban,90.0,1092.59,43.5,1.8125,1,24.0
2025-09-23,Ward F/N,Gandhi Market Junction,19.0337,72.8512,Wadala Nalla,9.0,"commercial, residential",530000,14.81,8,Urban,90.0,1092.59,29.8,1.3545454545454545,1,22.0
2025-09-24,Ward F/N,Gandhi Market Junction,19.0337,72.8512,Wadala Nalla,9.0,"commercial, residential",530000,14.81,8,Urban,90.0,1092.59,3.3,0.15714285714285714,1,21.0
2025-09-25,Ward F/N,Gandhi Market Junction,19.0337,72.8512,Wadala Nalla,9.0,"commercial, residential",530000,14.81,8,Urban,90.0,1092.59,1.8,0.15,1,12.0
2025-09-26,Ward F/N,Gandhi Market Junction,19.0337,72.8512,Wadala Nalla,9.0,"commercial, residential",530000,14.81,8,Urban,90.0,1092.59,3.6,0.2,1,18.0
2025-09-13,Ward S,Ganesh Nagar Slum Slope,19.1145,72.9306,Tulsi Lake,6.0,"slum, residential, mixed_use",780000,21.51,3,Clayey,90.0,199.16,10.7,2.8,1,17.0
2025-09-14,Ward S,Ganesh Nagar Slum Slope,19.1145,72.9306,Tulsi Lake,6.0,"slum, residential, mixed_use",780000,21.51,3,Clayey,90.0,199.16,14.2,2.8,1,22.0
2025-09-15,Ward S,Ganesh Nagar Slum Slope,19.1145,72.9306,Tulsi Lake,6.0,"slum, residential, mixed_use",780000,21.51,3,Clayey,90.0,199.16,56.1,8.9,1,18.0
2025-09-16,Ward S,Ganesh Nagar Slum Slope,19.1145,72.9306,Tulsi Lake,6.0,"slum, residential, mixed_use",780000,21.51,3,Clayey,90.0,199.16,14.5,7.3,1,22.0
2025-09-17,Ward S,Ganesh Nagar Slum Slope,19.1145,72.9306,Tulsi Lake,6.0,"slum, residential, mixed_use",780000,21.51,3,Clayey,90.0,199.16,22.3,13.7,1,22.0
2025-09-18,Ward S,Ganesh Nagar Slum Slope,19.1145,72.9306,Tulsi Lake,6.0,"slum, residential, mixed_use",780000,21.51,3,Clayey,90.0,199.16,16.0,3.9,1,21.0
2025-09-19,Ward S,Ganesh Nagar Slum Slope,19.1145,72.9306,Tulsi Lake,6.0,"slum, residential, mixed_use",780000,21.51,3,Clayey,90.0,199.16,0.0,0.1,0,4.0
2025-09-20,Ward S,Ganesh Nagar Slum Slope,19.1145,72.9306,Tulsi Lake,6.0,"slum, residential, mixed_use",780000,21.51,3,Clayey,90.0,199.16,22.4,0.9333333333333332,1,24.0
2025-09-21,Ward S,Ganesh Nagar Slum Slope,19.1145,72.9306,Tulsi Lake,6.0,"slum, residential, mixed_use",780000,21.51,3,Clayey,90.0,199.16,23.7,0.9874999999999999,1,24.0
2025-09-22,Ward S,Ganesh Nagar Slum Slope,19.1145,72.9306,Tulsi Lake,6.0,"slum, residential, mixed_use",780000,21.51,3,Clayey,90.0,199.16,43.5,1.8125,1,24.0
2025-09-23,Ward S,Ganesh Nagar Slum Slope,19.1145,72.9306,Tulsi Lake,6.0,"slum, residential, mixed_use",780000,21.51,3,Clayey,90.0,199.16,29.8,1.3545454545454545,1,22.0
2025-09-24,Ward S,Ganesh Nagar Slum Slope,19.1145,72.9306,Tulsi Lake,6.0,"slum, residential, mixed_use",780000,21.51,3,Clayey,90.0,199.16,3.3,0.15714285714285714,1,21.0
2025-09-25,Ward S,Ganesh Nagar Slum Slope,19.1145,72.9306,Tulsi Lake,6.0,"slum, residential, mixed_use",780000,21.51,3,Clayey,90.0,199.16,1.8,0.15,1,12.0
2025-09-26,Ward S,Ganesh Nagar Slum Slope,19.1145,72.9306,Tulsi Lake,6.0,"slum, residential, mixed_use",780000,21.51,3,Clayey,90.0,199.16,3.6,0.2,1,18.0
2025-09-13,Ward P/S,Goregaon,19.1648688,72.8495492,Oshiwara River,5.14667057,park,820000,4.004638396,2473,Clay,77.42709548,5292.0,10.6,2.2,1,16.0
2025-09-14,Ward P/S,Goregaon,19.1648688,72.8495492,Oshiwara River,5.14667057,park,820000,4.004638396,2473,Clay,77.42709548,5292.0,12.1,2.6,1,21.0
2025-09-15,Ward P/S,Goregaon,19.1648688,72.8495492,Oshiwara River,5.14667057,park,820000,4.004638396,2473,Clay,77.42709548,5292.0,29.1,5.0,1,17.0
2025-09-16,Ward P/S,Goregaon,19.1648688,72.8495492,Oshiwara River,5.14667057,park,820000,4.004638396,2473,Clay,77.42709548,5292.0,6.6,2.4,1,20.0
2025-09-17,Ward P/S,Goregaon,19.1648688,72.8495492,Oshiwara River,5.14667057,park,820000,4.004638396,2473,Clay,77.42709548,5292.0,27.8,19.8,1,23.0
2025-09-18,Ward P/S,Goregaon,19.1648688,72.8495492,Oshiwara River,5.14667057,park,820000,4.004638396,2473,Clay,77.42709548,5292.0,14.8,3.1,1,22.0
2025-09-19,Ward P/S,Goregaon,19.1648688,72.8495492,Oshiwara River,5.14667057,park,820000,4.004638396,2473,Clay,77.42709548,5292.0,0.0,0.1,0,2.0
2025-09-20,Ward P/S,Goregaon,19.1648688,72.8495492,Oshiwara River,5.14667057,park,820000,4.004638396,2473,Clay,77.42709548,5292.0,22.4,0.9333333333333332,1,24.0
2025-09-21,Ward P/S,Goregaon,19.1648688,72.8495492,Oshiwara River,5.14667057,park,820000,4.004638396,2473,Clay,77.42709548,5292.0,23.7,0.9874999999999999,1,24.0
2025-09-22,Ward P/S,Goregaon,19.1648688,72.8495492,Oshiwara River,5.14667057,park,820000,4.004638396,2473,Clay,77.42709548,5292.0,43.5,1.8125,1,24.0
2025-09-23,Ward P/S,Goregaon,19.1648688,72.8495492,Oshiwara River,5.14667057,park,820000,4.004638396,2473,Clay,77.42709548,5292.0,29.8,1.3545454545454545,1,22.0
2025-09-24,Ward P/S,Goregaon,19.1648688,72.8495492,Oshiwara River,5.14667057,park,820000,4.004638396,2473,Clay,77.42709548,5292.0,3.3,0.15714285714285714,1,21.0
2025-09-25,Ward P/S,Goregaon,19.1648688,72.8495492,Oshiwara River,5.14667057,park,820000,4.004638396,2473,Clay,77.42709548,5292.0,1.8,0.15,1,12.0
2025-09-26,Ward P/S,Goregaon,19.1648688,72.8495492,Oshiwara River,5.14667057,park,820000,4.004638396,2473,Clay,77.42709548,5292.0,3.6,0.2,1,18.0
2025-09-13,Ward P/S,Goregaon Station Subway,19.1555,72.8441,Dahisar River,9.0,"residential, slum, mixed_use",670000,27.1,8,Urban,90.0,1520.09,10.6,2.2,1,16.0
2025-09-14,Ward P/S,Goregaon Station Subway,19.1555,72.8441,Dahisar River,9.0,"residential, slum, mixed_use",670000,27.1,8,Urban,90.0,1520.09,12.1,2.6,1,21.0
2025-09-15,Ward P/S,Goregaon Station Subway,19.1555,72.8441,Dahisar River,9.0,"residential, slum, mixed_use",670000,27.1,8,Urban,90.0,1520.09,29.1,5.0,1,17.0
2025-09-16,Ward P/S,Goregaon Station Subway,19.1555,72.8441,Dahisar River,9.0,"residential, slum, mixed_use",670000,27.1,8,Urban,90.0,1520.09,6.6,2.4,1,20.0
2025-09-17,Ward P/S,Goregaon Station Subway,19.1555,72.8441,Dahisar River,9.0,"residential, slum, mixed_use",670000,27.1,8,Urban,90.0,1520.09,27.8,19.8,1,23.0
2025-09-18,Ward P/S,Goregaon Station Subway,19.1555,72.8441,Dahisar River,9.0,"residential, slum, mixed_use",670000,27.1,8,Urban,90.0,1520.09,14.8,3.1,1,22.0
2025-09-19,Ward P/S,Goregaon Station Subway,19.1555,72.8441,Dahisar River,9.0,"residential, slum, mixed_use",670000,27.1,8,Urban,90.0,1520.09,0.0,0.1,0,2.0
2025-09-20,Ward P/S,Goregaon Station Subway,19.1555,72.8441,Dahisar River,9.0,"residential, slum, mixed_use",670000,27.1,8,Urban,90.0,1520.09,22.4,0.9333333333333332,1,24.0
2025-09-21,Ward P/S,Goregaon Station Subway,19.1555,72.8441,Dahisar River,9.0,"residential, slum, mixed_use",670000,27.1,8,Urban,90.0,1520.09,23.7,0.9874999999999999,1,24.0
2025-09-22,Ward P/S,Goregaon Station Subway,19.1555,72.8441,Dahisar River,9.0,"residential, slum, mixed_use",670000,27.1,8,Urban,90.0,1520.09,43.5,1.8125,1,24.0
2025-09-23,Ward P/S,Goregaon Station Subway,19.1555,72.8441,Dahisar River,9.0,"residential, slum, mixed_use",670000,27.1,8,Urban,90.0,1520.09,29.8,1.3545454545454545,1,22.0
2025-09-24,Ward P/S,Goregaon Station Subway,19.1555,72.8441,Dahisar River,9.0,"residential, slum, mixed_use",670000,27.1,8,Urban,90.0,1520.09,3.3,0.15714285714285714,1,21.0
2025-09-25,Ward P/S,Goregaon Station Subway,19.1555,72.8441,Dahisar River,9.0,"residential, slum, mixed_use",670000,27.1,8,Urban,90.0,1520.09,1.8,0.15,1,12.0
2025-09-26,Ward P/S,Goregaon Station Subway,19.1555,72.8441,Dahisar River,9.0,"residential, slum, mixed_use",670000,27.1,8,Urban,90.0,1520.09,3.6,0.2,1,18.0
2025-09-13,Ward F/N,Hindmata Junction,19.0199,72.8439,Wadala Nalla,8.0,"transport, commercial, mixed_use",470000,22.5,5,Urban,90.0,482.19,12.4,2.1,1,18.0
2025-09-14,Ward F/N,Hindmata Junction,19.0199,72.8439,Wadala Nalla,8.0,"transport, commercial, mixed_use",470000,22.5,5,Urban,90.0,482.19,16.3,3.6,1,24.0
2025-09-15,Ward F/N,Hindmata Junction,19.0199,72.8439,Wadala Nalla,8.0,"transport, commercial, mixed_use",470000,22.5,5,Urban,90.0,482.19,72.3,13.2,1,18.0
2025-09-16,Ward F/N,Hindmata Junction,19.0199,72.8439,Wadala Nalla,8.0,"transport, commercial, mixed_use",470000,22.5,5,Urban,90.0,482.19,7.8,0.9,1,22.0
2025-09-17,Ward F/N,Hindmata Junction,19.0199,72.8439,Wadala Nalla,8.0,"transport, commercial, mixed_use",470000,22.5,5,Urban,90.0,482.19,15.2,4.5,1,22.0
2025-09-18,Ward F/N,Hindmata Junction,19.0199,72.8439,Wadala Nalla,8.0,"transport, commercial, mixed_use",470000,22.5,5,Urban,90.0,482.19,9.9,1.3,1,21.0
2025-09-19,Ward F/N,Hindmata Junction,19.0199,72.8439,Wadala Nalla,8.0,"transport, commercial, mixed_use",470000,22.5,5,Urban,90.0,482.19,0.0,3.3,0,6.0
2025-09-20,Ward F/N,Hindmata Junction,19.0199,72.8439,Wadala Nalla,8.0,"transport, commercial, mixed_use",470000,22.5,5,Urban,90.0,482.19,22.4,0.9333333333333332,1,24.0
2025-09-21,Ward F/N,Hindmata Junction,19.0199,72.8439,Wadala Nalla,8.0,"transport, commercial, mixed_use",470000,22.5,5,Urban,90.0,482.19,23.7,0.9874999999999999,1,24.0
2025-09-22,Ward F/N,Hindmata Junction,19.0199,72.8439,Wadala Nalla,8.0,"transport, commercial, mixed_use",470000,22.5,5,Urban,90.0,482.19,43.5,1.8125,1,24.0
2025-09-23,Ward F/N,Hindmata Junction,19.0199,72.8439,Wadala Nalla,8.0,"transport, commercial, mixed_use",470000,22.5,5,Urban,90.0,482.19,29.8,1.3545454545454545,1,22.0
2025-09-24,Ward F/N,Hindmata Junction,19.0199,72.8439,Wadala Nalla,8.0,"transport, commercial, mixed_use",470000,22.5,5,Urban,90.0,482.19,3.3,0.15714285714285714,1,21.0
2025-09-25,Ward F/N,Hindmata Junction,19.0199,72.8439,Wadala Nalla,8.0,"transport, commercial, mixed_use",470000,22.5,5,Urban,90.0,482.19,1.8,0.15,1,12.0
2025-09-26,Ward F/N,Hindmata Junction,19.0199,72.8439,Wadala Nalla,8.0,"transport, commercial, mixed_use",470000,22.5,5,Urban,90.0,482.19,3.6,0.2,1,18.0
2025-09-13,Ward R/C,IC Colony Subway,19.2365,72.8322,Poinsur River,16.0,"hospital/institutional, mixed_use",940000,Error: Found no graph nodes within the requested polygon.,10,Urban,90.0,1767.36,8.5,2.4,1,14.0
2025-09-14,Ward R/C,IC Colony Subway,19.2365,72.8322,Poinsur River,16.0,"hospital/institutional, mixed_use",940000,Error: Found no graph nodes within the requested polygon.,10,Urban,90.0,1767.36,8.0,1.3,1,22.0
2025-09-15,Ward R/C,IC Colony Subway,19.2365,72.8322,Poinsur River,16.0,"hospital/institutional, mixed_use",940000,Error: Found no graph nodes within the requested polygon.,10,Urban,90.0,1767.36,17.3,4.3,1,20.0
2025-09-16,Ward R/C,IC Colony Subway,19.2365,72.8322,Poinsur River,16.0,"hospital/institutional, mixed_use",940000,Error: Found no graph nodes within the requested polygon.,10,Urban,90.0,1767.36,10.0,2.4,1,22.0
2025-09-17,Ward R/C,IC Colony Subway,19.2365,72.8322,Poinsur River,16.0,"hospital/institutional, mixed_use",940000,Error: Found no graph nodes within the requested polygon.,10,Urban,90.0,1767.36,17.9,12.7,1,18.0
2025-09-18,Ward R/C,IC Colony Subway,19.2365,72.8322,Poinsur River,16.0,"hospital/institutional, mixed_use",940000,Error: Found no graph nodes within the requested polygon.,10,Urban,90.0,1767.36,15.8,4.6,1,21.0
2025-09-19,Ward R/C,IC Colony Subway,19.2365,72.8322,Poinsur River,16.0,"hospital/institutional, mixed_use",940000,Error: Found no graph nodes within the requested polygon.,10,Urban,90.0,1767.36,0.0,0.3,0,5.0
2025-09-20,Ward R/C,IC Colony Subway,19.2365,72.8322,Poinsur River,16.0,"hospital/institutional, mixed_use",940000,Error: Found no graph nodes within the requested polygon.,10,Urban,90.0,1767.36,22.1,0.9208333333333334,1,24.0
2025-09-21,Ward R/C,IC Colony Subway,19.2365,72.8322,Poinsur River,16.0,"hospital/institutional, mixed_use",940000,Error: Found no graph nodes within the requested polygon.,10,Urban,90.0,1767.36,24.3,1.0125,1,24.0
2025-09-22,Ward R/C,IC Colony Subway,19.2365,72.8322,Poinsur River,16.0,"hospital/institutional, mixed_use",940000,Error: Found no graph nodes within the requested polygon.,10,Urban,90.0,1767.36,52.2,2.1750000000000003,1,24.0
2025-09-23,Ward R/C,IC Colony Subway,19.2365,72.8322,Poinsur River,16.0,"hospital/institutional, mixed_use",940000,Error: Found no graph nodes within the requested polygon.,10,Urban,90.0,1767.36,31.9,1.3291666666666666,1,24.0
2025-09-24,Ward R/C,IC Colony Subway,19.2365,72.8322,Poinsur River,16.0,"hospital/institutional, mixed_use",940000,Error: Found no graph nodes within the requested polygon.,10,Urban,90.0,1767.36,1.5,0.1,1,15.0
2025-09-25,Ward R/C,IC Colony Subway,19.2365,72.8322,Poinsur River,16.0,"hospital/institutional, mixed_use",940000,Error: Found no graph nodes within the requested polygon.,10,Urban,90.0,1767.36,1.8,0.2,1,9.0
2025-09-26,Ward R/C,IC Colony Subway,19.2365,72.8322,Poinsur River,16.0,"hospital/institutional, mixed_use",940000,Error: Found no graph nodes within the requested polygon.,10,Urban,90.0,1767.36,3.0,0.2,1,15.0
2025-09-13,Ward K/E,JB Nagar (Metro area),19.1089,72.8664,Mithi River,18.0,"transport, mixed_use",880000,21.08,8,Urban,90.0,398.75,12.7,3.5,1,17.0
2025-09-14,Ward K/E,JB Nagar (Metro area),19.1089,72.8664,Mithi River,18.0,"transport, mixed_use",880000,21.08,8,Urban,90.0,398.75,12.2,2.8,1,22.0
2025-09-15,Ward K/E,JB Nagar (Metro area),19.1089,72.8664,Mithi River,18.0,"transport, mixed_use",880000,21.08,8,Urban,90.0,398.75,65.5,10.6,1,18.0
2025-09-16,Ward K/E,JB Nagar (Metro area),19.1089,72.8664,Mithi River,18.0,"transport, mixed_use",880000,21.08,8,Urban,90.0,398.75,5.2,0.9,1,23.0
2025-09-17,Ward K/E,JB Nagar (Metro area),19.1089,72.8664,Mithi River,18.0,"transport, mixed_use",880000,21.08,8,Urban,90.0,398.75,25.7,14.8,1,21.0
2025-09-18,Ward K/E,JB Nagar (Metro area),19.1089,72.8664,Mithi River,18.0,"transport, mixed_use",880000,21.08,8,Urban,90.0,398.75,10.4,1.9,1,21.0
2025-09-19,Ward K/E,JB Nagar (Metro area),19.1089,72.8664,Mithi River,18.0,"transport, mixed_use",880000,21.08,8,Urban,90.0,398.75,0.0,0.7,0,3.0
2025-09-20,Ward K/E,JB Nagar (Metro area),19.1089,72.8664,Mithi River,18.0,"transport, mixed_use",880000,21.08,8,Urban,90.0,398.75,22.4,0.9333333333333332,1,24.0
2025-09-21,Ward K/E,JB Nagar (Metro area),19.1089,72.8664,Mithi River,18.0,"transport, mixed_use",880000,21.08,8,Urban,90.0,398.75,23.7,0.9874999999999999,1,24.0
2025-09-22,Ward K/E,JB Nagar (Metro area),19.1089,72.8664,Mithi River,18.0,"transport, mixed_use",880000,21.08,8,Urban,90.0,398.75,43.5,1.8125,1,24.0
2025-09-23,Ward K/E,JB Nagar (Metro area),19.1089,72.8664,Mithi River,18.0,"transport, mixed_use",880000,21.08,8,Urban,90.0,398.75,29.8,1.3545454545454545,1,22.0
2025-09-24,Ward K/E,JB Nagar (Metro area),19.1089,72.8664,Mithi River,18.0,"transport, mixed_use",880000,21.08,8,Urban,90.0,398.75,3.3,0.15714285714285714,1,21.0
2025-09-25,Ward K/E,JB Nagar (Metro area),19.1089,72.8664,Mithi River,18.0,"transport, mixed_use",880000,21.08,8,Urban,90.0,398.75,1.8,0.15,1,12.0
2025-09-26,Ward K/E,JB Nagar (Metro area),19.1089,72.8664,Mithi River,18.0,"transport, mixed_use",880000,21.08,8,Urban,90.0,398.75,3.6,0.2,1,18.0
2025-09-13,Ward F/S,Jerbai Wadia Road,19.0049,72.8397,Wadala Nalla,9.0,"hospital/institutional, residential, mixed_use",520000,24.33,6,Urban,90.0,366.85,12.4,2.1,1,18.0
2025-09-14,Ward F/S,Jerbai Wadia Road,19.0049,72.8397,Wadala Nalla,9.0,"hospital/institutional, residential, mixed_use",520000,24.33,6,Urban,90.0,366.85,16.3,3.6,1,24.0
2025-09-15,Ward F/S,Jerbai Wadia Road,19.0049,72.8397,Wadala Nalla,9.0,"hospital/institutional, residential, mixed_use",520000,24.33,6,Urban,90.0,366.85,72.3,13.2,1,18.0
2025-09-16,Ward F/S,Jerbai Wadia Road,19.0049,72.8397,Wadala Nalla,9.0,"hospital/institutional, residential, mixed_use",520000,24.33,6,Urban,90.0,366.85,7.8,0.9,1,22.0
2025-09-17,Ward F/S,Jerbai Wadia Road,19.0049,72.8397,Wadala Nalla,9.0,"hospital/institutional, residential, mixed_use",520000,24.33,6,Urban,90.0,366.85,15.2,4.5,1,22.0
2025-09-18,Ward F/S,Jerbai Wadia Road,19.0049,72.8397,Wadala Nalla,9.0,"hospital/institutional, residential, mixed_use",520000,24.33,6,Urban,90.0,366.85,9.9,1.3,1,21.0
2025-09-19,Ward F/S,Jerbai Wadia Road,19.0049,72.8397,Wadala Nalla,9.0,"hospital/institutional, residential, mixed_use",520000,24.33,6,Urban,90.0,366.85,0.0,3.3,0,6.0
2025-09-20,Ward F/S,Jerbai Wadia Road,19.0049,72.8397,Wadala Nalla,9.0,"hospital/institutional, residential, mixed_use",520000,24.33,6,Urban,90.0,366.85,22.4,0.9333333333333332,1,24.0
2025-09-21,Ward F/S,Jerbai Wadia Road,19.0049,72.8397,Wadala Nalla,9.0,"hospital/institutional, residential, mixed_use",520000,24.33,6,Urban,90.0,366.85,23.7,0.9874999999999999,1,24.0
2025-09-22,Ward F/S,Jerbai Wadia Road,19.0049,72.8397,Wadala Nalla,9.0,"hospital/institutional, residential, mixed_use",520000,24.33,6,Urban,90.0,366.85,43.5,1.8125,1,24.0
2025-09-23,Ward F/S,Jerbai Wadia Road,19.0049,72.8397,Wadala Nalla,9.0,"hospital/institutional, residential, mixed_use",520000,24.33,6,Urban,90.0,366.85,29.8,1.3545454545454545,1,22.0
2025-09-24,Ward F/S,Jerbai Wadia Road,19.0049,72.8397,Wadala Nalla,9.0,"hospital/institutional, residential, mixed_use",520000,24.33,6,Urban,90.0,366.85,3.3,0.15714285714285714,1,21.0
2025-09-25,Ward F/S,Jerbai Wadia Road,19.0049,72.8397,Wadala Nalla,9.0,"hospital/institutional, residential, mixed_use",520000,24.33,6,Urban,90.0,366.85,1.8,0.15,1,12.0
2025-09-26,Ward F/S,Jerbai Wadia Road,19.0049,72.8397,Wadala Nalla,9.0,"hospital/institutional, residential, mixed_use",520000,24.33,6,Urban,90.0,366.85,3.6,0.2,1,18.0
2025-09-13,Ward H/E,Kalina CST Road,19.0802,72.8655,Kurla Nalla,9.0,"transport, residential, mixed_use",600000,17.08,8,Urban,90.0,476.86,12.7,3.5,1,17.0
2025-09-14,Ward H/E,Kalina CST Road,19.0802,72.8655,Kurla Nalla,9.0,"transport, residential, mixed_use",600000,17.08,8,Urban,90.0,476.86,12.2,2.8,1,22.0
2025-09-15,Ward H/E,Kalina CST Road,19.0802,72.8655,Kurla Nalla,9.0,"transport, residential, mixed_use",600000,17.08,8,Urban,90.0,476.86,65.5,10.6,1,18.0
2025-09-16,Ward H/E,Kalina CST Road,19.0802,72.8655,Kurla Nalla,9.0,"transport, residential, mixed_use",600000,17.08,8,Urban,90.0,476.86,5.2,0.9,1,23.0
2025-09-17,Ward H/E,Kalina CST Road,19.0802,72.8655,Kurla Nalla,9.0,"transport, residential, mixed_use",600000,17.08,8,Urban,90.0,476.86,25.7,14.8,1,21.0
2025-09-18,Ward H/E,Kalina CST Road,19.0802,72.8655,Kurla Nalla,9.0,"transport, residential, mixed_use",600000,17.08,8,Urban,90.0,476.86,10.4,1.9,1,21.0
2025-09-19,Ward H/E,Kalina CST Road,19.0802,72.8655,Kurla Nalla,9.0,"transport, residential, mixed_use",600000,17.08,8,Urban,90.0,476.86,0.0,0.7,0,3.0
2025-09-20,Ward H/E,Kalina CST Road,19.0802,72.8655,Kurla Nalla,9.0,"transport, residential, mixed_use",600000,17.08,8,Urban,90.0,476.86,22.4,0.9333333333333332,1,24.0
2025-09-21,Ward H/E,Kalina CST Road,19.0802,72.8655,Kurla Nalla,9.0,"transport, residential, mixed_use",600000,17.08,8,Urban,90.0,476.86,23.7,0.9874999999999999,1,24.0
2025-09-22,Ward H/E,Kalina CST Road,19.0802,72.8655,Kurla Nalla,9.0,"transport, residential, mixed_use",600000,17.08,8,Urban,90.0,476.86,43.5,1.8125,1,24.0
2025-09-23,Ward H/E,Kalina CST Road,19.0802,72.8655,Kurla Nalla,9.0,"transport, residential, mixed_use",600000,17.08,8,Urban,90.0,476.86,29.8,1.3545454545454545,1,22.0
2025-09-24,Ward H/E,Kalina CST Road,19.0802,72.8655,Kurla Nalla,9.0,"transport, residential, mixed_use",600000,17.08,8,Urban,90.0,476.86,3.3,0.15714285714285714,1,21.0
2025-09-25,Ward H/E,Kalina CST Road,19.0802,72.8655,Kurla Nalla,9.0,"transport, residential, mixed_use",600000,17.08,8,Urban,90.0,476.86,1.8,0.15,1,12.0
2025-09-26,Ward H/E,Kalina CST Road,19.0802,72.8655,Kurla Nalla,9.0,"transport, residential, mixed_use",600000,17.08,8,Urban,90.0,476.86,3.6,0.2,1,18.0
2025-09-13,Ward H/E,Kalina University Junction,19.0722,72.8673,Kurla Nalla,8.0,"education, residential, mixed_use",600000,24.67,27,Urban,90.0,549.45,12.7,3.5,1,17.0
2025-09-14,Ward H/E,Kalina University Junction,19.0722,72.8673,Kurla Nalla,8.0,"education, residential, mixed_use",600000,24.67,27,Urban,90.0,549.45,12.2,2.8,1,22.0
2025-09-15,Ward H/E,Kalina University Junction,19.0722,72.8673,Kurla Nalla,8.0,"education, residential, mixed_use",600000,24.67,27,Urban,90.0,549.45,65.5,10.6,1,18.0
2025-09-16,Ward H/E,Kalina University Junction,19.0722,72.8673,Kurla Nalla,8.0,"education, residential, mixed_use",600000,24.67,27,Urban,90.0,549.45,5.2,0.9,1,23.0
2025-09-17,Ward H/E,Kalina University Junction,19.0722,72.8673,Kurla Nalla,8.0,"education, residential, mixed_use",600000,24.67,27,Urban,90.0,549.45,25.7,14.8,1,21.0
2025-09-18,Ward H/E,Kalina University Junction,19.0722,72.8673,Kurla Nalla,8.0,"education, residential, mixed_use",600000,24.67,27,Urban,90.0,549.45,10.4,1.9,1,21.0
2025-09-19,Ward H/E,Kalina University Junction,19.0722,72.8673,Kurla Nalla,8.0,"education, residential, mixed_use",600000,24.67,27,Urban,90.0,549.45,0.0,0.7,0,3.0
2025-09-20,Ward H/E,Kalina University Junction,19.0722,72.8673,Kurla Nalla,8.0,"education, residential, mixed_use",600000,24.67,27,Urban,90.0,549.45,22.4,0.9333333333333332,1,24.0
2025-09-21,Ward H/E,Kalina University Junction,19.0722,72.8673,Kurla Nalla,8.0,"education, residential, mixed_use",600000,24.67,27,Urban,90.0,549.45,23.7,0.9874999999999999,1,24.0
2025-09-22,Ward H/E,Kalina University Junction,19.0722,72.8673,Kurla Nalla,8.0,"education, residential, mixed_use",600000,24.67,27,Urban,90.0,549.45,43.5,1.8125,1,24.0
2025-09-23,Ward H/E,Kalina University Junction,19.0722,72.8673,Kurla Nalla,8.0,"education, residential, mixed_use",600000,24.67,27,Urban,90.0,549.45,29.8,1.3545454545454545,1,22.0
2025-09-24,Ward H/E,Kalina University Junction,19.0722,72.8673,Kurla Nalla,8.0,"education, residential, mixed_use",600000,24.67,27,Urban,90.0,549.45,3.3,0.15714285714285714,1,21.0
2025-09-25,Ward H/E,Kalina University Junction,19.0722,72.8673,Kurla Nalla,8.0,"education, residential, mixed_use",600000,24.67,27,Urban,90.0,549.45,1.8,0.15,1,12.0
2025-09-26,Ward H/E,Kalina University Junction,19.0722,72.8673,Kurla Nalla,8.0,"education, residential, mixed_use",600000,24.67,27,Urban,90.0,549.45,3.6,0.2,1,18.0
2025-09-13,Ward R/S,Kandivali,19.2041136,72.8517376,Poisar River,14.73940767,park,610000,3.157764291,4374,Sand,65.87370617,4124.0,8.5,2.4,1,14.0
2025-09-14,Ward R/S,Kandivali,19.2041136,72.8517376,Poisar River,14.73940767,park,610000,3.157764291,4374,Sand,65.87370617,4124.0,8.0,1.3,1,22.0
2025-09-15,Ward R/S,Kandivali,19.2041136,72.8517376,Poisar River,14.73940767,park,610000,3.157764291,4374,Sand,65.87370617,4124.0,17.3,4.3,1,20.0
2025-09-16,Ward R/S,Kandivali,19.2041136,72.8517376,Poisar River,14.73940767,park,610000,3.157764291,4374,Sand,65.87370617,4124.0,10.0,2.4,1,22.0
2025-09-17,Ward R/S,Kandivali,19.2041136,72.8517376,Poisar River,14.73940767,park,610000,3.157764291,4374,Sand,65.87370617,4124.0,17.9,12.7,1,18.0
2025-09-18,Ward R/S,Kandivali,19.2041136,72.8517376,Poisar River,14.73940767,park,610000,3.157764291,4374,Sand,65.87370617,4124.0,15.8,4.6,1,21.0
2025-09-19,Ward R/S,Kandivali,19.2041136,72.8517376,Poisar River,14.73940767,park,610000,3.157764291,4374,Sand,65.87370617,4124.0,0.0,0.3,0,5.0
2025-09-20,Ward R/S,Kandivali,19.2041136,72.8517376,Poisar River,14.73940767,park,610000,3.157764291,4374,Sand,65.87370617,4124.0,22.1,0.9208333333333334,1,24.0
2025-09-21,Ward R/S,Kandivali,19.2041136,72.8517376,Poisar River,14.73940767,park,610000,3.157764291,4374,Sand,65.87370617,4124.0,24.3,1.0125,1,24.0
2025-09-22,Ward R/S,Kandivali,19.2041136,72.8517376,Poisar River,14.73940767,park,610000,3.157764291,4374,Sand,65.87370617,4124.0,52.2,2.1750000000000003,1,24.0
2025-09-23,Ward R/S,Kandivali,19.2041136,72.8517376,Poisar River,14.73940767,park,610000,3.157764291,4374,Sand,65.87370617,4124.0,31.9,1.3291666666666666,1,24.0
2025-09-24,Ward R/S,Kandivali,19.2041136,72.8517376,Poisar River,14.73940767,park,610000,3.157764291,4374,Sand,65.87370617,4124.0,1.5,0.1,1,15.0
2025-09-25,Ward R/S,Kandivali,19.2041136,72.8517376,Poisar River,14.73940767,park,610000,3.157764291,4374,Sand,65.87370617,4124.0,1.8,0.2,1,9.0
2025-09-26,Ward R/S,Kandivali,19.2041136,72.8517376,Poisar River,14.73940767,park,610000,3.157764291,4374,Sand,65.87370617,4124.0,3.0,0.2,1,15.0
2025-09-13,Ward S,Kanjurmarg,19.1253912,72.9252519,Ulhas River,11.92050553,commercial,780000,3.247455704,3575,Sand,61.88002899,5629.0,9.5,2.4,1,17.0
2025-09-14,Ward S,Kanjurmarg,19.1253912,72.9252519,Ulhas River,11.92050553,commercial,780000,3.247455704,3575,Sand,61.88002899,5629.0,11.9,2.8,1,22.0
2025-09-15,Ward S,Kanjurmarg,19.1253912,72.9252519,Ulhas River,11.92050553,commercial,780000,3.247455704,3575,Sand,61.88002899,5629.0,29.4,5.5,1,17.0
2025-09-16,Ward S,Kanjurmarg,19.1253912,72.9252519,Ulhas River,11.92050553,commercial,780000,3.247455704,3575,Sand,61.88002899,5629.0,12.9,4.6,1,21.0
2025-09-17,Ward S,Kanjurmarg,19.1253912,72.9252519,Ulhas River,11.92050553,commercial,780000,3.247455704,3575,Sand,61.88002899,5629.0,32.2,14.0,1,22.0
2025-09-18,Ward S,Kanjurmarg,19.1253912,72.9252519,Ulhas River,11.92050553,commercial,780000,3.247455704,3575,Sand,61.88002899,5629.0,12.5,2.0,1,20.0
2025-09-19,Ward S,Kanjurmarg,19.1253912,72.9252519,Ulhas River,11.92050553,commercial,780000,3.247455704,3575,Sand,61.88002899,5629.0,0.0,0.1,0,1.0
2025-09-20,Ward S,Kanjurmarg,19.1253912,72.9252519,Ulhas River,11.92050553,commercial,780000,3.247455704,3575,Sand,61.88002899,5629.0,22.4,0.9333333333333332,1,24.0
2025-09-21,Ward S,Kanjurmarg,19.1253912,72.9252519,Ulhas River,11.92050553,commercial,780000,3.247455704,3575,Sand,61.88002899,5629.0,23.7,0.9874999999999999,1,24.0
2025-09-22,Ward S,Kanjurmarg,19.1253912,72.9252519,Ulhas River,11.92050553,commercial,780000,3.247455704,3575,Sand,61.88002899,5629.0,43.5,1.8125,1,24.0
2025-09-23,Ward S,Kanjurmarg,19.1253912,72.9252519,Ulhas River,11.92050553,commercial,780000,3.247455704,3575,Sand,61.88002899,5629.0,29.8,1.3545454545454545,1,22.0
2025-09-24,Ward S,Kanjurmarg,19.1253912,72.9252519,Ulhas River,11.92050553,commercial,780000,3.247455704,3575,Sand,61.88002899,5629.0,3.3,0.15714285714285714,1,21.0
2025-09-25,Ward S,Kanjurmarg,19.1253912,72.9252519,Ulhas River,11.92050553,commercial,780000,3.247455704,3575,Sand,61.88002899,5629.0,1.8,0.15,1,12.0
2025-09-26,Ward S,Kanjurmarg,19.1253912,72.9252519,Ulhas River,11.92050553,commercial,780000,3.247455704,3575,Sand,61.88002899,5629.0,3.6,0.2,1,18.0
2025-09-13,Ward H/W,Khar West,19.07039785,72.83161431,Arabian Sea,13.21986328,residential,410000,4.127364824,1567,Sand,55.83881873,5691.0,12.7,3.5,1,17.0
2025-09-14,Ward H/W,Khar West,19.07039785,72.83161431,Arabian Sea,13.21986328,residential,410000,4.127364824,1567,Sand,55.83881873,5691.0,12.2,2.8,1,22.0
2025-09-15,Ward H/W,Khar West,19.07039785,72.83161431,Arabian Sea,13.21986328,residential,410000,4.127364824,1567,Sand,55.83881873,5691.0,65.5,10.6,1,18.0
2025-09-16,Ward H/W,Khar West,19.07039785,72.83161431,Arabian Sea,13.21986328,residential,410000,4.127364824,1567,Sand,55.83881873,5691.0,5.2,0.9,1,23.0
2025-09-17,Ward H/W,Khar West,19.07039785,72.83161431,Arabian Sea,13.21986328,residential,410000,4.127364824,1567,Sand,55.83881873,5691.0,25.7,14.8,1,21.0
2025-09-18,Ward H/W,Khar West,19.07039785,72.83161431,Arabian Sea,13.21986328,residential,410000,4.127364824,1567,Sand,55.83881873,5691.0,10.4,1.9,1,21.0
2025-09-19,Ward H/W,Khar West,19.07039785,72.83161431,Arabian Sea,13.21986328,residential,410000,4.127364824,1567,Sand,55.83881873,5691.0,0.0,0.7,0,3.0
2025-09-20,Ward H/W,Khar West,19.07039785,72.83161431,Arabian Sea,13.21986328,residential,410000,4.127364824,1567,Sand,55.83881873,5691.0,22.4,0.9333333333333332,1,24.0
2025-09-21,Ward H/W,Khar West,19.07039785,72.83161431,Arabian Sea,13.21986328,residential,410000,4.127364824,1567,Sand,55.83881873,5691.0,23.7,0.9874999999999999,1,24.0
2025-09-22,Ward H/W,Khar West,19.07039785,72.83161431,Arabian Sea,13.21986328,residential,410000,4.127364824,1567,Sand,55.83881873,5691.0,43.5,1.8125,1,24.0
2025-09-23,Ward H/W,Khar West,19.07039785,72.83161431,Arabian Sea,13.21986328,residential,410000,4.127364824,1567,Sand,55.83881873,5691.0,29.8,1.3545454545454545,1,22.0
2025-09-24,Ward H/W,Khar West,19.07039785,72.83161431,Arabian Sea,13.21986328,residential,410000,4.127364824,1567,Sand,55.83881873,5691.0,3.3,0.15714285714285714,1,21.0
2025-09-25,Ward H/W,Khar West,19.07039785,72.83161431,Arabian Sea,13.21986328,residential,410000,4.127364824,1567,Sand,55.83881873,5691.0,1.8,0.15,1,12.0
2025-09-26,Ward H/W,Khar West,19.07039785,72.83161431,Arabian Sea,13.21986328,residential,410000,4.127364824,1567,Sand,55.83881873,5691.0,3.6,0.2,1,18.0
2025-09-13,Ward F/N,King's Circle,19.0272,72.8559,Wadala Nalla,10.0,"recreation_ground, residential, mixed_use",530000,22.41,7,Urban,90.0,425.8,12.4,2.1,1,18.0
2025-09-14,Ward F/N,King's Circle,19.0272,72.8559,Wadala Nalla,10.0,"recreation_ground, residential, mixed_use",530000,22.41,7,Urban,90.0,425.8,16.3,3.6,1,24.0
2025-09-15,Ward F/N,King's Circle,19.0272,72.8559,Wadala Nalla,10.0,"recreation_ground, residential, mixed_use",530000,22.41,7,Urban,90.0,425.8,72.3,13.2,1,18.0
2025-09-16,Ward F/N,King's Circle,19.0272,72.8559,Wadala Nalla,10.0,"recreation_ground, residential, mixed_use",530000,22.41,7,Urban,90.0,425.8,7.8,0.9,1,22.0
2025-09-17,Ward F/N,King's Circle,19.0272,72.8559,Wadala Nalla,10.0,"recreation_ground, residential, mixed_use",530000,22.41,7,Urban,90.0,425.8,15.2,4.5,1,22.0
2025-09-18,Ward F/N,King's Circle,19.0272,72.8559,Wadala Nalla,10.0,"recreation_ground, residential, mixed_use",530000,22.41,7,Urban,90.0,425.8,9.9,1.3,1,21.0
2025-09-19,Ward F/N,King's Circle,19.0272,72.8559,Wadala Nalla,10.0,"recreation_ground, residential, mixed_use",530000,22.41,7,Urban,90.0,425.8,0.0,3.3,0,6.0
2025-09-20,Ward F/N,King's Circle,19.0272,72.8559,Wadala Nalla,10.0,"recreation_ground, residential, mixed_use",530000,22.41,7,Urban,90.0,425.8,22.4,0.9333333333333332,1,24.0
2025-09-21,Ward F/N,King's Circle,19.0272,72.8559,Wadala Nalla,10.0,"recreation_ground, residential, mixed_use",530000,22.41,7,Urban,90.0,425.8,23.7,0.9874999999999999,1,24.0
2025-09-22,Ward F/N,King's Circle,19.0272,72.8559,Wadala Nalla,10.0,"recreation_ground, residential, mixed_use",530000,22.41,7,Urban,90.0,425.8,43.5,1.8125,1,24.0
2025-09-23,Ward F/N,King's Circle,19.0272,72.8559,Wadala Nalla,10.0,"recreation_ground, residential, mixed_use",530000,22.41,7,Urban,90.0,425.8,29.8,1.3545454545454545,1,22.0
2025-09-24,Ward F/N,King's Circle,19.0272,72.8559,Wadala Nalla,10.0,"recreation_ground, residential, mixed_use",530000,22.41,7,Urban,90.0,425.8,3.3,0.15714285714285714,1,21.0
2025-09-25,Ward F/N,King's Circle,19.0272,72.8559,Wadala Nalla,10.0,"recreation_ground, residential, mixed_use",530000,22.41,7,Urban,90.0,425.8,1.8,0.15,1,12.0
2025-09-26,Ward F/N,King's Circle,19.0272,72.8559,Wadala Nalla,10.0,"recreation_ground, residential, mixed_use",530000,22.41,7,Urban,90.0,425.8,3.6,0.2,1,18.0
2025-09-13,Ward P/N,Kurar Village,19.1903,72.8605,Tulsi Lake,27.0,"transport, commercial, mixed_use",900000,3.32,16,Clayey,90.0,271.29,10.6,2.2,1,16.0
2025-09-14,Ward P/N,Kurar Village,19.1903,72.8605,Tulsi Lake,27.0,"transport, commercial, mixed_use",900000,3.32,16,Clayey,90.0,271.29,12.1,2.6,1,21.0
2025-09-15,Ward P/N,Kurar Village,19.1903,72.8605,Tulsi Lake,27.0,"transport, commercial, mixed_use",900000,3.32,16,Clayey,90.0,271.29,29.1,5.0,1,17.0
2025-09-16,Ward P/N,Kurar Village,19.1903,72.8605,Tulsi Lake,27.0,"transport, commercial, mixed_use",900000,3.32,16,Clayey,90.0,271.29,6.6,2.4,1,20.0
2025-09-17,Ward P/N,Kurar Village,19.1903,72.8605,Tulsi Lake,27.0,"transport, commercial, mixed_use",900000,3.32,16,Clayey,90.0,271.29,27.8,19.8,1,23.0
2025-09-18,Ward P/N,Kurar Village,19.1903,72.8605,Tulsi Lake,27.0,"transport, commercial, mixed_use",900000,3.32,16,Clayey,90.0,271.29,14.8,3.1,1,22.0
2025-09-19,Ward P/N,Kurar Village,19.1903,72.8605,Tulsi Lake,27.0,"transport, commercial, mixed_use",900000,3.32,16,Clayey,90.0,271.29,0.0,0.1,0,2.0
2025-09-20,Ward P/N,Kurar Village,19.1903,72.8605,Tulsi Lake,27.0,"transport, commercial, mixed_use",900000,3.32,16,Clayey,90.0,271.29,22.1,0.9208333333333334,1,24.0
2025-09-21,Ward P/N,Kurar Village,19.1903,72.8605,Tulsi Lake,27.0,"transport, commercial, mixed_use",900000,3.32,16,Clayey,90.0,271.29,24.3,1.0125,1,24.0
2025-09-22,Ward P/N,Kurar Village,19.1903,72.8605,Tulsi Lake,27.0,"transport, commercial, mixed_use",900000,3.32,16,Clayey,90.0,271.29,52.2,2.1750000000000003,1,24.0
2025-09-23,Ward P/N,Kurar Village,19.1903,72.8605,Tulsi Lake,27.0,"transport, commercial, mixed_use",900000,3.32,16,Clayey,90.0,271.29,31.9,1.3291666666666666,1,24.0
2025-09-24,Ward P/N,Kurar Village,19.1903,72.8605,Tulsi Lake,27.0,"transport, commercial, mixed_use",900000,3.32,16,Clayey,90.0,271.29,1.5,0.1,1,15.0
2025-09-25,Ward P/N,Kurar Village,19.1903,72.8605,Tulsi Lake,27.0,"transport, commercial, mixed_use",900000,3.32,16,Clayey,90.0,271.29,1.8,0.2,1,9.0
2025-09-26,Ward P/N,Kurar Village,19.1903,72.8605,Tulsi Lake,27.0,"transport, commercial, mixed_use",900000,3.32,16,Clayey,90.0,271.29,3.0,0.2,1,15.0
2025-09-13,Ward S,LBS Marg near Bhandup Station,19.1413,72.9341,Powai Lake,7.0,"transport, residential, mixed_use",780000,21.99,8,Sandy,90.0,154.37,9.5,2.4,1,17.0
2025-09-14,Ward S,LBS Marg near Bhandup Station,19.1413,72.9341,Powai Lake,7.0,"transport, residential, mixed_use",780000,21.99,8,Sandy,90.0,154.37,11.9,2.8,1,22.0
2025-09-15,Ward S,LBS Marg near Bhandup Station,19.1413,72.9341,Powai Lake,7.0,"transport, residential, mixed_use",780000,21.99,8,Sandy,90.0,154.37,29.4,5.5,1,17.0
2025-09-16,Ward S,LBS Marg near Bhandup Station,19.1413,72.9341,Powai Lake,7.0,"transport, residential, mixed_use",780000,21.99,8,Sandy,90.0,154.37,12.9,4.6,1,21.0
2025-09-17,Ward S,LBS Marg near Bhandup Station,19.1413,72.9341,Powai Lake,7.0,"transport, residential, mixed_use",780000,21.99,8,Sandy,90.0,154.37,32.2,14.0,1,22.0
2025-09-18,Ward S,LBS Marg near Bhandup Station,19.1413,72.9341,Powai Lake,7.0,"transport, residential, mixed_use",780000,21.99,8,Sandy,90.0,154.37,12.5,2.0,1,20.0
2025-09-19,Ward S,LBS Marg near Bhandup Station,19.1413,72.9341,Powai Lake,7.0,"transport, residential, mixed_use",780000,21.99,8,Sandy,90.0,154.37,0.0,0.1,0,1.0
2025-09-20,Ward S,LBS Marg near Bhandup Station,19.1413,72.9341,Powai Lake,7.0,"transport, residential, mixed_use",780000,21.99,8,Sandy,90.0,154.37,22.4,0.9333333333333332,1,24.0
2025-09-21,Ward S,LBS Marg near Bhandup Station,19.1413,72.9341,Powai Lake,7.0,"transport, residential, mixed_use",780000,21.99,8,Sandy,90.0,154.37,23.7,0.9874999999999999,1,24.0
2025-09-22,Ward S,LBS Marg near Bhandup Station,19.1413,72.9341,Powai Lake,7.0,"transport, residential, mixed_use",780000,21.99,8,Sandy,90.0,154.37,43.5,1.8125,1,24.0
2025-09-23,Ward S,LBS Marg near Bhandup Station,19.1413,72.9341,Powai Lake,7.0,"transport, residential, mixed_use",780000,21.99,8,Sandy,90.0,154.37,29.8,1.3545454545454545,1,22.0
2025-09-24,Ward S,LBS Marg near Bhandup Station,19.1413,72.9341,Powai Lake,7.0,"transport, residential, mixed_use",780000,21.99,8,Sandy,90.0,154.37,3.3,0.15714285714285714,1,21.0
2025-09-25,Ward S,LBS Marg near Bhandup Station,19.1413,72.9341,Powai Lake,7.0,"transport, residential, mixed_use",780000,21.99,8,Sandy,90.0,154.37,1.8,0.15,1,12.0
2025-09-26,Ward S,LBS Marg near Bhandup Station,19.1413,72.9341,Powai Lake,7.0,"transport, residential, mixed_use",780000,21.99,8,Sandy,90.0,154.37,3.6,0.2,1,18.0
2025-09-13,Ward L,LBS Road near Phoenix Marketcity,19.0888,72.8861,Kurla Nalla,9.0,"transport, residential, mixed_use",690000,11.52,40,Urban,90.0,10.34,12.7,3.5,1,17.0
2025-09-14,Ward L,LBS Road near Phoenix Marketcity,19.0888,72.8861,Kurla Nalla,9.0,"transport, residential, mixed_use",690000,11.52,40,Urban,90.0,10.34,12.2,2.8,1,22.0
2025-09-15,Ward L,LBS Road near Phoenix Marketcity,19.0888,72.8861,Kurla Nalla,9.0,"transport, residential, mixed_use",690000,11.52,40,Urban,90.0,10.34,65.5,10.6,1,18.0
2025-09-16,Ward L,LBS Road near Phoenix Marketcity,19.0888,72.8861,Kurla Nalla,9.0,"transport, residential, mixed_use",690000,11.52,40,Urban,90.0,10.34,5.2,0.9,1,23.0
2025-09-17,Ward L,LBS Road near Phoenix Marketcity,19.0888,72.8861,Kurla Nalla,9.0,"transport, residential, mixed_use",690000,11.52,40,Urban,90.0,10.34,25.7,14.8,1,21.0
2025-09-18,Ward L,LBS Road near Phoenix Marketcity,19.0888,72.8861,Kurla Nalla,9.0,"transport, residential, mixed_use",690000,11.52,40,Urban,90.0,10.34,10.4,1.9,1,21.0
2025-09-19,Ward L,LBS Road near Phoenix Marketcity,19.0888,72.8861,Kurla Nalla,9.0,"transport, residential, mixed_use",690000,11.52,40,Urban,90.0,10.34,0.0,0.7,0,3.0
2025-09-20,Ward L,LBS Road near Phoenix Marketcity,19.0888,72.8861,Kurla Nalla,9.0,"transport, residential, mixed_use",690000,11.52,40,Urban,90.0,10.34,22.4,0.9333333333333332,1,24.0
2025-09-21,Ward L,LBS Road near Phoenix Marketcity,19.0888,72.8861,Kurla Nalla,9.0,"transport, residential, mixed_use",690000,11.52,40,Urban,90.0,10.34,23.7,0.9874999999999999,1,24.0
2025-09-22,Ward L,LBS Road near Phoenix Marketcity,19.0888,72.8861,Kurla Nalla,9.0,"transport, residential, mixed_use",690000,11.52,40,Urban,90.0,10.34,43.5,1.8125,1,24.0
2025-09-23,Ward L,LBS Road near Phoenix Marketcity,19.0888,72.8861,Kurla Nalla,9.0,"transport, residential, mixed_use",690000,11.52,40,Urban,90.0,10.34,29.8,1.3545454545454545,1,22.0
2025-09-24,Ward L,LBS Road near Phoenix Marketcity,19.0888,72.8861,Kurla Nalla,9.0,"transport, residential, mixed_use",690000,11.52,40,Urban,90.0,10.34,3.3,0.15714285714285714,1,21.0
2025-09-25,Ward L,LBS Road near Phoenix Marketcity,19.0888,72.8861,Kurla Nalla,9.0,"transport, residential, mixed_use",690000,11.52,40,Urban,90.0,10.34,1.8,0.15,1,12.0
2025-09-26,Ward L,LBS Road near Phoenix Marketcity,19.0888,72.8861,Kurla Nalla,9.0,"transport, residential, mixed_use",690000,11.52,40,Urban,90.0,10.34,3.6,0.2,1,18.0
2025-09-13,Ward G/N,LJ Road Junction,19.0372,72.8401,Mahim Creek,1.0,"commercial, industrial, residential",520000,17.47,7,Urban,90.0,1066.52,12.4,2.1,1,18.0
2025-09-14,Ward G/N,LJ Road Junction,19.0372,72.8401,Mahim Creek,1.0,"commercial, industrial, residential",520000,17.47,7,Urban,90.0,1066.52,16.3,3.6,1,24.0
2025-09-15,Ward G/N,LJ Road Junction,19.0372,72.8401,Mahim Creek,1.0,"commercial, industrial, residential",520000,17.47,7,Urban,90.0,1066.52,72.3,13.2,1,18.0
2025-09-16,Ward G/N,LJ Road Junction,19.0372,72.8401,Mahim Creek,1.0,"commercial, industrial, residential",520000,17.47,7,Urban,90.0,1066.52,7.8,0.9,1,22.0
2025-09-17,Ward G/N,LJ Road Junction,19.0372,72.8401,Mahim Creek,1.0,"commercial, industrial, residential",520000,17.47,7,Urban,90.0,1066.52,15.2,4.5,1,22.0
2025-09-18,Ward G/N,LJ Road Junction,19.0372,72.8401,Mahim Creek,1.0,"commercial, industrial, residential",520000,17.47,7,Urban,90.0,1066.52,9.9,1.3,1,21.0
2025-09-19,Ward G/N,LJ Road Junction,19.0372,72.8401,Mahim Creek,1.0,"commercial, industrial, residential",520000,17.47,7,Urban,90.0,1066.52,0.0,3.3,0,6.0
2025-09-20,Ward G/N,LJ Road Junction,19.0372,72.8401,Mahim Creek,1.0,"commercial, industrial, residential",520000,17.47,7,Urban,90.0,1066.52,22.4,0.9333333333333332,1,24.0
2025-09-21,Ward G/N,LJ Road Junction,19.0372,72.8401,Mahim Creek,1.0,"commercial, industrial, residential",520000,17.47,7,Urban,90.0,1066.52,23.7,0.9874999999999999,1,24.0
2025-09-22,Ward G/N,LJ Road Junction,19.0372,72.8401,Mahim Creek,1.0,"commercial, industrial, residential",520000,17.47,7,Urban,90.0,1066.52,43.5,1.8125,1,24.0
2025-09-23,Ward G/N,LJ Road Junction,19.0372,72.8401,Mahim Creek,1.0,"commercial, industrial, residential",520000,17.47,7,Urban,90.0,1066.52,29.8,1.3545454545454545,1,22.0
2025-09-24,Ward G/N,LJ Road Junction,19.0372,72.8401,Mahim Creek,1.0,"commercial, industrial, residential",520000,17.47,7,Urban,90.0,1066.52,3.3,0.15714285714285714,1,21.0
2025-09-25,Ward G/N,LJ Road Junction,19.0372,72.8401,Mahim Creek,1.0,"commercial, industrial, residential",520000,17.47,7,Urban,90.0,1066.52,1.8,0.15,1,12.0
2025-09-26,Ward G/N,LJ Road Junction,19.0372,72.8401,Mahim Creek,1.0,"commercial, industrial, residential",520000,17.47,7,Urban,90.0,1066.52,3.6,0.2,1,18.0
2025-09-13,Ward G/N,Lady Jamshedji Road,19.0299,72.8393,Mahim Creek,3.0,"transport, residential",430000,24.05,16,Urban,70.0,893.09,12.4,2.1,1,18.0
2025-09-14,Ward G/N,Lady Jamshedji Road,19.0299,72.8393,Mahim Creek,3.0,"transport, residential",430000,24.05,16,Urban,70.0,893.09,16.3,3.6,1,24.0
2025-09-15,Ward G/N,Lady Jamshedji Road,19.0299,72.8393,Mahim Creek,3.0,"transport, residential",430000,24.05,16,Urban,70.0,893.09,72.3,13.2,1,18.0
2025-09-16,Ward G/N,Lady Jamshedji Road,19.0299,72.8393,Mahim Creek,3.0,"transport, residential",430000,24.05,16,Urban,70.0,893.09,7.8,0.9,1,22.0
2025-09-17,Ward G/N,Lady Jamshedji Road,19.0299,72.8393,Mahim Creek,3.0,"transport, residential",430000,24.05,16,Urban,70.0,893.09,15.2,4.5,1,22.0
2025-09-18,Ward G/N,Lady Jamshedji Road,19.0299,72.8393,Mahim Creek,3.0,"transport, residential",430000,24.05,16,Urban,70.0,893.09,9.9,1.3,1,21.0
2025-09-19,Ward G/N,Lady Jamshedji Road,19.0299,72.8393,Mahim Creek,3.0,"transport, residential",430000,24.05,16,Urban,70.0,893.09,0.0,3.3,0,6.0
2025-09-20,Ward G/N,Lady Jamshedji Road,19.0299,72.8393,Mahim Creek,3.0,"transport, residential",430000,24.05,16,Urban,70.0,893.09,22.4,0.9333333333333332,1,24.0
2025-09-21,Ward G/N,Lady Jamshedji Road,19.0299,72.8393,Mahim Creek,3.0,"transport, residential",430000,24.05,16,Urban,70.0,893.09,23.7,0.9874999999999999,1,24.0
2025-09-22,Ward G/N,Lady Jamshedji Road,19.0299,72.8393,Mahim Creek,3.0,"transport, residential",430000,24.05,16,Urban,70.0,893.09,43.5,1.8125,1,24.0
2025-09-23,Ward G/N,Lady Jamshedji Road,19.0299,72.8393,Mahim Creek,3.0,"transport, residential",430000,24.05,16,Urban,70.0,893.09,29.8,1.3545454545454545,1,22.0
2025-09-24,Ward G/N,Lady Jamshedji Road,19.0299,72.8393,Mahim Creek,3.0,"transport, residential",430000,24.05,16,Urban,70.0,893.09,3.3,0.15714285714285714,1,21.0
2025-09-25,Ward G/N,Lady Jamshedji Road,19.0299,72.8393,Mahim Creek,3.0,"transport, residential",430000,24.05,16,Urban,70.0,893.09,1.8,0.15,1,12.0
2025-09-26,Ward G/N,Lady Jamshedji Road,19.0299,72.8393,Mahim Creek,3.0,"transport, residential",430000,24.05,16,Urban,70.0,893.09,3.6,0.2,1,18.0
2025-09-13,Ward H/W,Linking Road near National College,19.0543,72.8301,Mahim Creek,8.0,"commercial, retail, mixed_use",410000,23.44,7,Urban,90.0,569.19,12.7,3.5,1,17.0
2025-09-14,Ward H/W,Linking Road near National College,19.0543,72.8301,Mahim Creek,8.0,"commercial, retail, mixed_use",410000,23.44,7,Urban,90.0,569.19,12.2,2.8,1,22.0
2025-09-15,Ward H/W,Linking Road near National College,19.0543,72.8301,Mahim Creek,8.0,"commercial, retail, mixed_use",410000,23.44,7,Urban,90.0,569.19,65.5,10.6,1,18.0
2025-09-16,Ward H/W,Linking Road near National College,19.0543,72.8301,Mahim Creek,8.0,"commercial, retail, mixed_use",410000,23.44,7,Urban,90.0,569.19,5.2,0.9,1,23.0
2025-09-17,Ward H/W,Linking Road near National College,19.0543,72.8301,Mahim Creek,8.0,"commercial, retail, mixed_use",410000,23.44,7,Urban,90.0,569.19,25.7,14.8,1,21.0
2025-09-18,Ward H/W,Linking Road near National College,19.0543,72.8301,Mahim Creek,8.0,"commercial, retail, mixed_use",410000,23.44,7,Urban,90.0,569.19,10.4,1.9,1,21.0
2025-09-19,Ward H/W,Linking Road near National College,19.0543,72.8301,Mahim Creek,8.0,"commercial, retail, mixed_use",410000,23.44,7,Urban,90.0,569.19,0.0,0.7,0,3.0
2025-09-20,Ward H/W,Linking Road near National College,19.0543,72.8301,Mahim Creek,8.0,"commercial, retail, mixed_use",410000,23.44,7,Urban,90.0,569.19,22.4,0.9333333333333332,1,24.0
2025-09-21,Ward H/W,Linking Road near National College,19.0543,72.8301,Mahim Creek,8.0,"commercial, retail, mixed_use",410000,23.44,7,Urban,90.0,569.19,23.7,0.9874999999999999,1,24.0
2025-09-22,Ward H/W,Linking Road near National College,19.0543,72.8301,Mahim Creek,8.0,"commercial, retail, mixed_use",410000,23.44,7,Urban,90.0,569.19,43.5,1.8125,1,24.0
2025-09-23,Ward H/W,Linking Road near National College,19.0543,72.8301,Mahim Creek,8.0,"commercial, retail, mixed_use",410000,23.44,7,Urban,90.0,569.19,29.8,1.3545454545454545,1,22.0
2025-09-24,Ward H/W,Linking Road near National College,19.0543,72.8301,Mahim Creek,8.0,"commercial, retail, mixed_use",410000,23.44,7,Urban,90.0,569.19,3.3,0.15714285714285714,1,21.0
2025-09-25,Ward H/W,Linking Road near National College,19.0543,72.8301,Mahim Creek,8.0,"commercial, retail, mixed_use",410000,23.44,7,Urban,90.0,569.19,1.8,0.15,1,12.0
2025-09-26,Ward H/W,Linking Road near National College,19.0543,72.8301,Mahim Creek,8.0,"commercial, retail, mixed_use",410000,23.44,7,Urban,90.0,569.19,3.6,0.2,1,18.0
2025-09-13,Ward T,Lok Rachana Society,19.1748,72.9426,Tulsi Lake,8.0,"residential, institutional",640000,27.19,13,Sandy,70.0,146.32,9.5,2.4,1,17.0
2025-09-14,Ward T,Lok Rachana Society,19.1748,72.9426,Tulsi Lake,8.0,"residential, institutional",640000,27.19,13,Sandy,70.0,146.32,11.9,2.8,1,22.0
2025-09-15,Ward T,Lok Rachana Society,19.1748,72.9426,Tulsi Lake,8.0,"residential, institutional",640000,27.19,13,Sandy,70.0,146.32,29.4,5.5,1,17.0
2025-09-16,Ward T,Lok Rachana Society,19.1748,72.9426,Tulsi Lake,8.0,"residential, institutional",640000,27.19,13,Sandy,70.0,146.32,12.9,4.6,1,21.0
2025-09-17,Ward T,Lok Rachana Society,19.1748,72.9426,Tulsi Lake,8.0,"residential, institutional",640000,27.19,13,Sandy,70.0,146.32,32.2,14.0,1,22.0
2025-09-18,Ward T,Lok Rachana Society,19.1748,72.9426,Tulsi Lake,8.0,"residential, institutional",640000,27.19,13,Sandy,70.0,146.32,12.5,2.0,1,20.0
2025-09-19,Ward T,Lok Rachana Society,19.1748,72.9426,Tulsi Lake,8.0,"residential, institutional",640000,27.19,13,Sandy,70.0,146.32,0.0,0.1,0,1.0
2025-09-20,Ward T,Lok Rachana Society,19.1748,72.9426,Tulsi Lake,8.0,"residential, institutional",640000,27.19,13,Sandy,70.0,146.32,17.6,0.7333333333333334,1,24.0
2025-09-21,Ward T,Lok Rachana Society,19.1748,72.9426,Tulsi Lake,8.0,"residential, institutional",640000,27.19,13,Sandy,70.0,146.32,15.6,0.6782608695652174,1,23.0
2025-09-22,Ward T,Lok Rachana Society,19.1748,72.9426,Tulsi Lake,8.0,"residential, institutional",640000,27.19,13,Sandy,70.0,146.32,28.1,1.1708333333333334,1,24.0
2025-09-23,Ward T,Lok Rachana Society,19.1748,72.9426,Tulsi Lake,8.0,"residential, institutional",640000,27.19,13,Sandy,70.0,146.32,33.2,1.5090909090909093,1,22.0
2025-09-24,Ward T,Lok Rachana Society,19.1748,72.9426,Tulsi Lake,8.0,"residential, institutional",640000,27.19,13,Sandy,70.0,146.32,1.5,0.16666666666666666,1,9.0
2025-09-25,Ward T,Lok Rachana Society,19.1748,72.9426,Tulsi Lake,8.0,"residential, institutional",640000,27.19,13,Sandy,70.0,146.32,0.0,0.0,0,0.0
2025-09-26,Ward T,Lok Rachana Society,19.1748,72.9426,Tulsi Lake,8.0,"residential, institutional",640000,27.19,13,Sandy,70.0,146.32,1.5,0.16666666666666666,1,9.0
2025-09-13,Ward P/S,MG Road,19.1598,72.8445,Goregaon Nalla,13.0,"residential, slum, mixed_use",820000,39.72,11,Urban,90.0,493.17,10.6,2.2,1,16.0
2025-09-14,Ward P/S,MG Road,19.1598,72.8445,Goregaon Nalla,13.0,"residential, slum, mixed_use",820000,39.72,11,Urban,90.0,493.17,12.1,2.6,1,21.0
2025-09-15,Ward P/S,MG Road,19.1598,72.8445,Goregaon Nalla,13.0,"residential, slum, mixed_use",820000,39.72,11,Urban,90.0,493.17,29.1,5.0,1,17.0
2025-09-16,Ward P/S,MG Road,19.1598,72.8445,Goregaon Nalla,13.0,"residential, slum, mixed_use",820000,39.72,11,Urban,90.0,493.17,6.6,2.4,1,20.0
2025-09-17,Ward P/S,MG Road,19.1598,72.8445,Goregaon Nalla,13.0,"residential, slum, mixed_use",820000,39.72,11,Urban,90.0,493.17,27.8,19.8,1,23.0
2025-09-18,Ward P/S,MG Road,19.1598,72.8445,Goregaon Nalla,13.0,"residential, slum, mixed_use",820000,39.72,11,Urban,90.0,493.17,14.8,3.1,1,22.0
2025-09-19,Ward P/S,MG Road,19.1598,72.8445,Goregaon Nalla,13.0,"residential, slum, mixed_use",820000,39.72,11,Urban,90.0,493.17,0.0,0.1,0,2.0
2025-09-20,Ward P/S,MG Road,19.1598,72.8445,Goregaon Nalla,13.0,"residential, slum, mixed_use",820000,39.72,11,Urban,90.0,493.17,22.4,0.9333333333333332,1,24.0
2025-09-21,Ward P/S,MG Road,19.1598,72.8445,Goregaon Nalla,13.0,"residential, slum, mixed_use",820000,39.72,11,Urban,90.0,493.17,23.7,0.9874999999999999,1,24.0
2025-09-22,Ward P/S,MG Road,19.1598,72.8445,Goregaon Nalla,13.0,"residential, slum, mixed_use",820000,39.72,11,Urban,90.0,493.17,43.5,1.8125,1,24.0
2025-09-23,Ward P/S,MG Road,19.1598,72.8445,Goregaon Nalla,13.0,"residential, slum, mixed_use",820000,39.72,11,Urban,90.0,493.17,29.8,1.3545454545454545,1,22.0
2025-09-24,Ward P/S,MG Road,19.1598,72.8445,Goregaon Nalla,13.0,"residential, slum, mixed_use",820000,39.72,11,Urban,90.0,493.17,3.3,0.15714285714285714,1,21.0
2025-09-25,Ward P/S,MG Road,19.1598,72.8445,Goregaon Nalla,13.0,"residential, slum, mixed_use",820000,39.72,11,Urban,90.0,493.17,1.8,0.15,1,12.0
2025-09-26,Ward P/S,MG Road,19.1598,72.8445,Goregaon Nalla,13.0,"residential, slum, mixed_use",820000,39.72,11,Urban,90.0,493.17,3.6,0.2,1,18.0
2025-09-13,Ward E,Madanpura,18.970585,72.826843,Mahalaxmi Nallah/Arabian Sea,6.631398762,commercial,420000,3.579240831,4430,Clay,54.4523037,2609.0,11.8,3.3,1,14.0
2025-09-14,Ward E,Madanpura,18.970585,72.826843,Mahalaxmi Nallah/Arabian Sea,6.631398762,commercial,420000,3.579240831,4430,Clay,54.4523037,2609.0,15.1,2.9,1,19.0
2025-09-15,Ward E,Madanpura,18.970585,72.826843,Mahalaxmi Nallah/Arabian Sea,6.631398762,commercial,420000,3.579240831,4430,Clay,54.4523037,2609.0,82.8,12.7,1,19.0
2025-09-16,Ward E,Madanpura,18.970585,72.826843,Mahalaxmi Nallah/Arabian Sea,6.631398762,commercial,420000,3.579240831,4430,Clay,54.4523037,2609.0,10.6,1.3,1,20.0
2025-09-17,Ward E,Madanpura,18.970585,72.826843,Mahalaxmi Nallah/Arabian Sea,6.631398762,commercial,420000,3.579240831,4430,Clay,54.4523037,2609.0,10.4,1.6,1,21.0
2025-09-18,Ward E,Madanpura,18.970585,72.826843,Mahalaxmi Nallah/Arabian Sea,6.631398762,commercial,420000,3.579240831,4430,Clay,54.4523037,2609.0,18.7,3.3,1,21.0
2025-09-19,Ward E,Madanpura,18.970585,72.826843,Mahalaxmi Nallah/Arabian Sea,6.631398762,commercial,420000,3.579240831,4430,Clay,54.4523037,2609.0,0.0,3.3,0,6.0
2025-09-20,Ward E,Madanpura,18.970585,72.826843,Mahalaxmi Nallah/Arabian Sea,6.631398762,commercial,420000,3.579240831,4430,Clay,54.4523037,2609.0,22.4,0.9333333333333332,1,24.0
2025-09-21,Ward E,Madanpura,18.970585,72.826843,Mahalaxmi Nallah/Arabian Sea,6.631398762,commercial,420000,3.579240831,4430,Clay,54.4523037,2609.0,23.7,0.9874999999999999,1,24.0
2025-09-22,Ward E,Madanpura,18.970585,72.826843,Mahalaxmi Nallah/Arabian Sea,6.631398762,commercial,420000,3.579240831,4430,Clay,54.4523037,2609.0,43.5,1.8125,1,24.0
2025-09-23,Ward E,Madanpura,18.970585,72.826843,Mahalaxmi Nallah/Arabian Sea,6.631398762,commercial,420000,3.579240831,4430,Clay,54.4523037,2609.0,29.8,1.3545454545454545,1,22.0
2025-09-24,Ward E,Madanpura,18.970585,72.826843,Mahalaxmi Nallah/Arabian Sea,6.631398762,commercial,420000,3.579240831,4430,Clay,54.4523037,2609.0,3.3,0.15714285714285714,1,21.0
2025-09-25,Ward E,Madanpura,18.970585,72.826843,Mahalaxmi Nallah/Arabian Sea,6.631398762,commercial,420000,3.579240831,4430,Clay,54.4523037,2609.0,1.8,0.15,1,12.0
2025-09-26,Ward E,Madanpura,18.970585,72.826843,Mahalaxmi Nallah/Arabian Sea,6.631398762,commercial,420000,3.579240831,4430,Clay,54.4523037,2609.0,3.6,0.2,1,18.0
2025-09-13,Ward R/S,Mahavir Nagar junction,19.206,72.83,Poinsur River,14.0,"transport, commercial, mixed_use",610000,4.37,7,Urban,90.0,1223.88,8.5,2.4,1,14.0
2025-09-14,Ward R/S,Mahavir Nagar junction,19.206,72.83,Poinsur River,14.0,"transport, commercial, mixed_use",610000,4.37,7,Urban,90.0,1223.88,8.0,1.3,1,22.0
2025-09-15,Ward R/S,Mahavir Nagar junction,19.206,72.83,Poinsur River,14.0,"transport, commercial, mixed_use",610000,4.37,7,Urban,90.0,1223.88,17.3,4.3,1,20.0
2025-09-16,Ward R/S,Mahavir Nagar junction,19.206,72.83,Poinsur River,14.0,"transport, commercial, mixed_use",610000,4.37,7,Urban,90.0,1223.88,10.0,2.4,1,22.0
2025-09-17,Ward R/S,Mahavir Nagar junction,19.206,72.83,Poinsur River,14.0,"transport, commercial, mixed_use",610000,4.37,7,Urban,90.0,1223.88,17.9,12.7,1,18.0
2025-09-18,Ward R/S,Mahavir Nagar junction,19.206,72.83,Poinsur River,14.0,"transport, commercial, mixed_use",610000,4.37,7,Urban,90.0,1223.88,15.8,4.6,1,21.0
2025-09-19,Ward R/S,Mahavir Nagar junction,19.206,72.83,Poinsur River,14.0,"transport, commercial, mixed_use",610000,4.37,7,Urban,90.0,1223.88,0.0,0.3,0,5.0
2025-09-20,Ward R/S,Mahavir Nagar junction,19.206,72.83,Poinsur River,14.0,"transport, commercial, mixed_use",610000,4.37,7,Urban,90.0,1223.88,22.1,0.9208333333333334,1,24.0
2025-09-21,Ward R/S,Mahavir Nagar junction,19.206,72.83,Poinsur River,14.0,"transport, commercial, mixed_use",610000,4.37,7,Urban,90.0,1223.88,24.3,1.0125,1,24.0
2025-09-22,Ward R/S,Mahavir Nagar junction,19.206,72.83,Poinsur River,14.0,"transport, commercial, mixed_use",610000,4.37,7,Urban,90.0,1223.88,52.2,2.1750000000000003,1,24.0
2025-09-23,Ward R/S,Mahavir Nagar junction,19.206,72.83,Poinsur River,14.0,"transport, commercial, mixed_use",610000,4.37,7,Urban,90.0,1223.88,31.9,1.3291666666666666,1,24.0
2025-09-24,Ward R/S,Mahavir Nagar junction,19.206,72.83,Poinsur River,14.0,"transport, commercial, mixed_use",610000,4.37,7,Urban,90.0,1223.88,1.5,0.1,1,15.0
2025-09-25,Ward R/S,Mahavir Nagar junction,19.206,72.83,Poinsur River,14.0,"transport, commercial, mixed_use",610000,4.37,7,Urban,90.0,1223.88,1.8,0.2,1,9.0
2025-09-26,Ward R/S,Mahavir Nagar junction,19.206,72.83,Poinsur River,14.0,"transport, commercial, mixed_use",610000,4.37,7,Urban,90.0,1223.88,3.0,0.2,1,15.0
2025-09-13,Ward G/N,Mahim,19.0423145,72.8398344,Mahim Creek,7.537038075,park,430000,2.435036502,3988,Sand,50.80712462,2311.0,12.4,2.1,1,18.0
2025-09-14,Ward G/N,Mahim,19.0423145,72.8398344,Mahim Creek,7.537038075,park,430000,2.435036502,3988,Sand,50.80712462,2311.0,16.3,3.6,1,24.0
2025-09-15,Ward G/N,Mahim,19.0423145,72.8398344,Mahim Creek,7.537038075,park,430000,2.435036502,3988,Sand,50.80712462,2311.0,72.3,13.2,1,18.0
2025-09-16,Ward G/N,Mahim,19.0423145,72.8398344,Mahim Creek,7.537038075,park,430000,2.435036502,3988,Sand,50.80712462,2311.0,7.8,0.9,1,22.0
2025-09-17,Ward G/N,Mahim,19.0423145,72.8398344,Mahim Creek,7.537038075,park,430000,2.435036502,3988,Sand,50.80712462,2311.0,15.2,4.5,1,22.0
2025-09-18,Ward G/N,Mahim,19.0423145,72.8398344,Mahim Creek,7.537038075,park,430000,2.435036502,3988,Sand,50.80712462,2311.0,9.9,1.3,1,21.0
2025-09-19,Ward G/N,Mahim,19.0423145,72.8398344,Mahim Creek,7.537038075,park,430000,2.435036502,3988,Sand,50.80712462,2311.0,0.0,3.3,0,6.0
2025-09-20,Ward G/N,Mahim,19.0423145,72.8398344,Mahim Creek,7.537038075,park,430000,2.435036502,3988,Sand,50.80712462,2311.0,22.4,0.9333333333333332,1,24.0
2025-09-21,Ward G/N,Mahim,19.0423145,72.8398344,Mahim Creek,7.537038075,park,430000,2.435036502,3988,Sand,50.80712462,2311.0,23.7,0.9874999999999999,1,24.0
2025-09-22,Ward G/N,Mahim,19.0423145,72.8398344,Mahim Creek,7.537038075,park,430000,2.435036502,3988,Sand,50.80712462,2311.0,43.5,1.8125,1,24.0
2025-09-23,Ward G/N,Mahim,19.0423145,72.8398344,Mahim Creek,7.537038075,park,430000,2.435036502,3988,Sand,50.80712462,2311.0,29.8,1.3545454545454545,1,22.0
2025-09-24,Ward G/N,Mahim,19.0423145,72.8398344,Mahim Creek,7.537038075,park,430000,2.435036502,3988,Sand,50.80712462,2311.0,3.3,0.15714285714285714,1,21.0
2025-09-25,Ward G/N,Mahim,19.0423145,72.8398344,Mahim Creek,7.537038075,park,430000,2.435036502,3988,Sand,50.80712462,2311.0,1.8,0.15,1,12.0
2025-09-26,Ward G/N,Mahim,19.0423145,72.8398344,Mahim Creek,7.537038075,park,430000,2.435036502,3988,Sand,50.80712462,2311.0,3.6,0.2,1,18.0
2025-09-13,Ward M/W,Mahul Village,19.0054,72.8841,Chembur Nalla,4.0,"transport, mixed_use",580000,23.35,5,Clayey,90.0,152.33,12.4,2.1,1,18.0
2025-09-14,Ward M/W,Mahul Village,19.0054,72.8841,Chembur Nalla,4.0,"transport, mixed_use",580000,23.35,5,Clayey,90.0,152.33,16.3,3.6,1,24.0
2025-09-15,Ward M/W,Mahul Village,19.0054,72.8841,Chembur Nalla,4.0,"transport, mixed_use",580000,23.35,5,Clayey,90.0,152.33,72.3,13.2,1,18.0
2025-09-16,Ward M/W,Mahul Village,19.0054,72.8841,Chembur Nalla,4.0,"transport, mixed_use",580000,23.35,5,Clayey,90.0,152.33,7.8,0.9,1,22.0
2025-09-17,Ward M/W,Mahul Village,19.0054,72.8841,Chembur Nalla,4.0,"transport, mixed_use",580000,23.35,5,Clayey,90.0,152.33,15.2,4.5,1,22.0
2025-09-18,Ward M/W,Mahul Village,19.0054,72.8841,Chembur Nalla,4.0,"transport, mixed_use",580000,23.35,5,Clayey,90.0,152.33,9.9,1.3,1,21.0
2025-09-19,Ward M/W,Mahul Village,19.0054,72.8841,Chembur Nalla,4.0,"transport, mixed_use",580000,23.35,5,Clayey,90.0,152.33,0.0,3.3,0,6.0
2025-09-20,Ward M/W,Mahul Village,19.0054,72.8841,Chembur Nalla,4.0,"transport, mixed_use",580000,23.35,5,Clayey,90.0,152.33,22.4,0.9333333333333332,1,24.0
2025-09-21,Ward M/W,Mahul Village,19.0054,72.8841,Chembur Nalla,4.0,"transport, mixed_use",580000,23.35,5,Clayey,90.0,152.33,23.7,0.9874999999999999,1,24.0
2025-09-22,Ward M/W,Mahul Village,19.0054,72.8841,Chembur Nalla,4.0,"transport, mixed_use",580000,23.35,5,Clayey,90.0,152.33,43.5,1.8125,1,24.0
2025-09-23,Ward M/W,Mahul Village,19.0054,72.8841,Chembur Nalla,4.0,"transport, mixed_use",580000,23.35,5,Clayey,90.0,152.33,29.8,1.3545454545454545,1,22.0
2025-09-24,Ward M/W,Mahul Village,19.0054,72.8841,Chembur Nalla,4.0,"transport, mixed_use",580000,23.35,5,Clayey,90.0,152.33,3.3,0.15714285714285714,1,21.0
2025-09-25,Ward M/W,Mahul Village,19.0054,72.8841,Chembur Nalla,4.0,"transport, mixed_use",580000,23.35,5,Clayey,90.0,152.33,1.8,0.15,1,12.0
2025-09-26,Ward M/W,Mahul Village,19.0054,72.8841,Chembur Nalla,4.0,"transport, mixed_use",580000,23.35,5,Clayey,90.0,152.33,3.6,0.2,1,18.0
2025-09-13,Ward R/C,Mandapeshwar Creek edge,19.2408,72.8173,Kurla Nalla,2.0,"residential, slum, mixed_use",940000,28.38,67,Clayey,90.0,87.58,8.5,2.4,1,14.0
2025-09-14,Ward R/C,Mandapeshwar Creek edge,19.2408,72.8173,Kurla Nalla,2.0,"residential, slum, mixed_use",940000,28.38,67,Clayey,90.0,87.58,8.0,1.3,1,22.0
2025-09-15,Ward R/C,Mandapeshwar Creek edge,19.2408,72.8173,Kurla Nalla,2.0,"residential, slum, mixed_use",940000,28.38,67,Clayey,90.0,87.58,17.3,4.3,1,20.0
2025-09-16,Ward R/C,Mandapeshwar Creek edge,19.2408,72.8173,Kurla Nalla,2.0,"residential, slum, mixed_use",940000,28.38,67,Clayey,90.0,87.58,10.0,2.4,1,22.0
2025-09-17,Ward R/C,Mandapeshwar Creek edge,19.2408,72.8173,Kurla Nalla,2.0,"residential, slum, mixed_use",940000,28.38,67,Clayey,90.0,87.58,17.9,12.7,1,18.0
2025-09-18,Ward R/C,Mandapeshwar Creek edge,19.2408,72.8173,Kurla Nalla,2.0,"residential, slum, mixed_use",940000,28.38,67,Clayey,90.0,87.58,15.8,4.6,1,21.0
2025-09-19,Ward R/C,Mandapeshwar Creek edge,19.2408,72.8173,Kurla Nalla,2.0,"residential, slum, mixed_use",940000,28.38,67,Clayey,90.0,87.58,0.0,0.3,0,5.0
2025-09-20,Ward R/C,Mandapeshwar Creek edge,19.2408,72.8173,Kurla Nalla,2.0,"residential, slum, mixed_use",940000,28.38,67,Clayey,90.0,87.58,22.1,0.9208333333333334,1,24.0
2025-09-21,Ward R/C,Mandapeshwar Creek edge,19.2408,72.8173,Kurla Nalla,2.0,"residential, slum, mixed_use",940000,28.38,67,Clayey,90.0,87.58,24.3,1.0125,1,24.0
2025-09-22,Ward R/C,Mandapeshwar Creek edge,19.2408,72.8173,Kurla Nalla,2.0,"residential, slum, mixed_use",940000,28.38,67,Clayey,90.0,87.58,52.2,2.1750000000000003,1,24.0
2025-09-23,Ward R/C,Mandapeshwar Creek edge,19.2408,72.8173,Kurla Nalla,2.0,"residential, slum, mixed_use",940000,28.38,67,Clayey,90.0,87.58,31.9,1.3291666666666666,1,24.0
2025-09-24,Ward R/C,Mandapeshwar Creek edge,19.2408,72.8173,Kurla Nalla,2.0,"residential, slum, mixed_use",940000,28.38,67,Clayey,90.0,87.58,1.5,0.1,1,15.0
2025-09-25,Ward R/C,Mandapeshwar Creek edge,19.2408,72.8173,Kurla Nalla,2.0,"residential, slum, mixed_use",940000,28.38,67,Clayey,90.0,87.58,1.8,0.2,1,9.0
2025-09-26,Ward R/C,Mandapeshwar Creek edge,19.2408,72.8173,Kurla Nalla,2.0,"residential, slum, mixed_use",940000,28.38,67,Clayey,90.0,87.58,3.0,0.2,1,15.0
2025-09-13,Ward C,Marine Lines Subway,18.9458,72.8238,Arabian Sea ,16.0,"transport, mixed_use",190000,30.29,5,Urban,90.0,2265.59,11.8,3.3,1,14.0
2025-09-14,Ward C,Marine Lines Subway,18.9458,72.8238,Arabian Sea ,16.0,"transport, mixed_use",190000,30.29,5,Urban,90.0,2265.59,15.1,2.9,1,19.0
2025-09-15,Ward C,Marine Lines Subway,18.9458,72.8238,Arabian Sea ,16.0,"transport, mixed_use",190000,30.29,5,Urban,90.0,2265.59,82.8,12.7,1,19.0
2025-09-16,Ward C,Marine Lines Subway,18.9458,72.8238,Arabian Sea ,16.0,"transport, mixed_use",190000,30.29,5,Urban,90.0,2265.59,10.6,1.3,1,20.0
2025-09-17,Ward C,Marine Lines Subway,18.9458,72.8238,Arabian Sea ,16.0,"transport, mixed_use",190000,30.29,5,Urban,90.0,2265.59,10.4,1.6,1,21.0
2025-09-18,Ward C,Marine Lines Subway,18.9458,72.8238,Arabian Sea ,16.0,"transport, mixed_use",190000,30.29,5,Urban,90.0,2265.59,18.7,3.3,1,21.0
2025-09-19,Ward C,Marine Lines Subway,18.9458,72.8238,Arabian Sea ,16.0,"transport, mixed_use",190000,30.29,5,Urban,90.0,2265.59,0.0,3.3,0,6.0
2025-09-20,Ward C,Marine Lines Subway,18.9458,72.8238,Arabian Sea ,16.0,"transport, mixed_use",190000,30.29,5,Urban,90.0,2265.59,22.4,0.9333333333333332,1,24.0
2025-09-21,Ward C,Marine Lines Subway,18.9458,72.8238,Arabian Sea ,16.0,"transport, mixed_use",190000,30.29,5,Urban,90.0,2265.59,23.7,0.9874999999999999,1,24.0
2025-09-22,Ward C,Marine Lines Subway,18.9458,72.8238,Arabian Sea ,16.0,"transport, mixed_use",190000,30.29,5,Urban,90.0,2265.59,43.5,1.8125,1,24.0
2025-09-23,Ward C,Marine Lines Subway,18.9458,72.8238,Arabian Sea ,16.0,"transport, mixed_use",190000,30.29,5,Urban,90.0,2265.59,29.8,1.3545454545454545,1,22.0
2025-09-24,Ward C,Marine Lines Subway,18.9458,72.8238,Arabian Sea ,16.0,"transport, mixed_use",190000,30.29,5,Urban,90.0,2265.59,3.3,0.15714285714285714,1,21.0
2025-09-25,Ward C,Marine Lines Subway,18.9458,72.8238,Arabian Sea ,16.0,"transport, mixed_use",190000,30.29,5,Urban,90.0,2265.59,1.8,0.15,1,12.0
2025-09-26,Ward C,Marine Lines Subway,18.9458,72.8238,Arabian Sea ,16.0,"transport, mixed_use",190000,30.29,5,Urban,90.0,2265.59,3.6,0.2,1,18.0
2025-09-13,Ward K/E,Marol Naka,19.1049,72.8837,Powai Lake,11.0,"transport, mixed_use",880000,12.49,8,Urban,90.0,439.32,12.7,3.5,1,17.0
2025-09-14,Ward K/E,Marol Naka,19.1049,72.8837,Powai Lake,11.0,"transport, mixed_use",880000,12.49,8,Urban,90.0,439.32,12.2,2.8,1,22.0
2025-09-15,Ward K/E,Marol Naka,19.1049,72.8837,Powai Lake,11.0,"transport, mixed_use",880000,12.49,8,Urban,90.0,439.32,65.5,10.6,1,18.0
2025-09-16,Ward K/E,Marol Naka,19.1049,72.8837,Powai Lake,11.0,"transport, mixed_use",880000,12.49,8,Urban,90.0,439.32,5.2,0.9,1,23.0
2025-09-17,Ward K/E,Marol Naka,19.1049,72.8837,Powai Lake,11.0,"transport, mixed_use",880000,12.49,8,Urban,90.0,439.32,25.7,14.8,1,21.0
2025-09-18,Ward K/E,Marol Naka,19.1049,72.8837,Powai Lake,11.0,"transport, mixed_use",880000,12.49,8,Urban,90.0,439.32,10.4,1.9,1,21.0
2025-09-19,Ward K/E,Marol Naka,19.1049,72.8837,Powai Lake,11.0,"transport, mixed_use",880000,12.49,8,Urban,90.0,439.32,0.0,0.7,0,3.0
2025-09-20,Ward K/E,Marol Naka,19.1049,72.8837,Powai Lake,11.0,"transport, mixed_use",880000,12.49,8,Urban,90.0,439.32,22.4,0.9333333333333332,1,24.0
2025-09-21,Ward K/E,Marol Naka,19.1049,72.8837,Powai Lake,11.0,"transport, mixed_use",880000,12.49,8,Urban,90.0,439.32,23.7,0.9874999999999999,1,24.0
2025-09-22,Ward K/E,Marol Naka,19.1049,72.8837,Powai Lake,11.0,"transport, mixed_use",880000,12.49,8,Urban,90.0,439.32,43.5,1.8125,1,24.0
2025-09-23,Ward K/E,Marol Naka,19.1049,72.8837,Powai Lake,11.0,"transport, mixed_use",880000,12.49,8,Urban,90.0,439.32,29.8,1.3545454545454545,1,22.0
2025-09-24,Ward K/E,Marol Naka,19.1049,72.8837,Powai Lake,11.0,"transport, mixed_use",880000,12.49,8,Urban,90.0,439.32,3.3,0.15714285714285714,1,21.0
2025-09-25,Ward K/E,Marol Naka,19.1049,72.8837,Powai Lake,11.0,"transport, mixed_use",880000,12.49,8,Urban,90.0,439.32,1.8,0.15,1,12.0
2025-09-26,Ward K/E,Marol Naka,19.1049,72.8837,Powai Lake,11.0,"transport, mixed_use",880000,12.49,8,Urban,90.0,439.32,3.6,0.2,1,18.0
2025-09-13,Ward P/N,Marve,19.1946967,72.7992026,Malad/Marve Creek,5.679746143,residential,820000,4.596799512,2053,Sand,68.46434896,5220.0,8.5,2.4,1,14.0
2025-09-14,Ward P/N,Marve,19.1946967,72.7992026,Malad/Marve Creek,5.679746143,residential,820000,4.596799512,2053,Sand,68.46434896,5220.0,8.0,1.3,1,22.0
2025-09-15,Ward P/N,Marve,19.1946967,72.7992026,Malad/Marve Creek,5.679746143,residential,820000,4.596799512,2053,Sand,68.46434896,5220.0,17.3,4.3,1,20.0
2025-09-16,Ward P/N,Marve,19.1946967,72.7992026,Malad/Marve Creek,5.679746143,residential,820000,4.596799512,2053,Sand,68.46434896,5220.0,10.0,2.4,1,22.0
2025-09-17,Ward P/N,Marve,19.1946967,72.7992026,Malad/Marve Creek,5.679746143,residential,820000,4.596799512,2053,Sand,68.46434896,5220.0,17.9,12.7,1,18.0
2025-09-18,Ward P/N,Marve,19.1946967,72.7992026,Malad/Marve Creek,5.679746143,residential,820000,4.596799512,2053,Sand,68.46434896,5220.0,15.8,4.6,1,21.0
2025-09-19,Ward P/N,Marve,19.1946967,72.7992026,Malad/Marve Creek,5.679746143,residential,820000,4.596799512,2053,Sand,68.46434896,5220.0,0.0,0.3,0,5.0
2025-09-20,Ward P/N,Marve,19.1946967,72.7992026,Malad/Marve Creek,5.679746143,residential,820000,4.596799512,2053,Sand,68.46434896,5220.0,22.4,0.9333333333333332,1,24.0
2025-09-21,Ward P/N,Marve,19.1946967,72.7992026,Malad/Marve Creek,5.679746143,residential,820000,4.596799512,2053,Sand,68.46434896,5220.0,23.7,0.9874999999999999,1,24.0
2025-09-22,Ward P/N,Marve,19.1946967,72.7992026,Malad/Marve Creek,5.679746143,residential,820000,4.596799512,2053,Sand,68.46434896,5220.0,43.5,1.8125,1,24.0
2025-09-23,Ward P/N,Marve,19.1946967,72.7992026,Malad/Marve Creek,5.679746143,residential,820000,4.596799512,2053,Sand,68.46434896,5220.0,29.8,1.3545454545454545,1,22.0
2025-09-24,Ward P/N,Marve,19.1946967,72.7992026,Malad/Marve Creek,5.679746143,residential,820000,4.596799512,2053,Sand,68.46434896,5220.0,3.3,0.15714285714285714,1,21.0
2025-09-25,Ward P/N,Marve,19.1946967,72.7992026,Malad/Marve Creek,5.679746143,residential,820000,4.596799512,2053,Sand,68.46434896,5220.0,1.8,0.15,1,12.0
2025-09-26,Ward P/N,Marve,19.1946967,72.7992026,Malad/Marve Creek,5.679746143,residential,820000,4.596799512,2053,Sand,68.46434896,5220.0,3.6,0.2,1,18.0
2025-09-13,Ward F/N,Matunga,19.0274356,72.8501467,Mahim Creek,8.049331941,residential,530000,4.711813057,1277,Clay,56.44494497,3717.0,12.4,2.1,1,18.0
2025-09-14,Ward F/N,Matunga,19.0274356,72.8501467,Mahim Creek,8.049331941,residential,530000,4.711813057,1277,Clay,56.44494497,3717.0,16.3,3.6,1,24.0
2025-09-15,Ward F/N,Matunga,19.0274356,72.8501467,Mahim Creek,8.049331941,residential,530000,4.711813057,1277,Clay,56.44494497,3717.0,72.3,13.2,1,18.0
2025-09-16,Ward F/N,Matunga,19.0274356,72.8501467,Mahim Creek,8.049331941,residential,530000,4.711813057,1277,Clay,56.44494497,3717.0,7.8,0.9,1,22.0
2025-09-17,Ward F/N,Matunga,19.0274356,72.8501467,Mahim Creek,8.049331941,residential,530000,4.711813057,1277,Clay,56.44494497,3717.0,15.2,4.5,1,22.0
2025-09-18,Ward F/N,Matunga,19.0274356,72.8501467,Mahim Creek,8.049331941,residential,530000,4.711813057,1277,Clay,56.44494497,3717.0,9.9,1.3,1,21.0
2025-09-19,Ward F/N,Matunga,19.0274356,72.8501467,Mahim Creek,8.049331941,residential,530000,4.711813057,1277,Clay,56.44494497,3717.0,0.0,3.3,0,6.0
2025-09-20,Ward F/N,Matunga,19.0274356,72.8501467,Mahim Creek,8.049331941,residential,530000,4.711813057,1277,Clay,56.44494497,3717.0,22.4,0.9333333333333332,1,24.0
2025-09-21,Ward F/N,Matunga,19.0274356,72.8501467,Mahim Creek,8.049331941,residential,530000,4.711813057,1277,Clay,56.44494497,3717.0,23.7,0.9874999999999999,1,24.0
2025-09-22,Ward F/N,Matunga,19.0274356,72.8501467,Mahim Creek,8.049331941,residential,530000,4.711813057,1277,Clay,56.44494497,3717.0,43.5,1.8125,1,24.0
2025-09-23,Ward F/N,Matunga,19.0274356,72.8501467,Mahim Creek,8.049331941,residential,530000,4.711813057,1277,Clay,56.44494497,3717.0,29.8,1.3545454545454545,1,22.0
2025-09-24,Ward F/N,Matunga,19.0274356,72.8501467,Mahim Creek,8.049331941,residential,530000,4.711813057,1277,Clay,56.44494497,3717.0,3.3,0.15714285714285714,1,21.0
2025-09-25,Ward F/N,Matunga,19.0274356,72.8501467,Mahim Creek,8.049331941,residential,530000,4.711813057,1277,Clay,56.44494497,3717.0,1.8,0.15,1,12.0
2025-09-26,Ward F/N,Matunga,19.0274356,72.8501467,Mahim Creek,8.049331941,residential,530000,4.711813057,1277,Clay,56.44494497,3717.0,3.6,0.2,1,18.0
2025-09-13,Ward T,Mehul Circle,19.1741,72.9592,Tulsi Lake,5.0,"commercial, residential, mixed_use",640000,18.36,15,Urban,90.0,569.83,9.5,2.4,1,17.0
2025-09-14,Ward T,Mehul Circle,19.1741,72.9592,Tulsi Lake,5.0,"commercial, residential, mixed_use",640000,18.36,15,Urban,90.0,569.83,11.9,2.8,1,22.0
2025-09-15,Ward T,Mehul Circle,19.1741,72.9592,Tulsi Lake,5.0,"commercial, residential, mixed_use",640000,18.36,15,Urban,90.0,569.83,29.4,5.5,1,17.0
2025-09-16,Ward T,Mehul Circle,19.1741,72.9592,Tulsi Lake,5.0,"commercial, residential, mixed_use",640000,18.36,15,Urban,90.0,569.83,12.9,4.6,1,21.0
2025-09-17,Ward T,Mehul Circle,19.1741,72.9592,Tulsi Lake,5.0,"commercial, residential, mixed_use",640000,18.36,15,Urban,90.0,569.83,32.2,14.0,1,22.0
2025-09-18,Ward T,Mehul Circle,19.1741,72.9592,Tulsi Lake,5.0,"commercial, residential, mixed_use",640000,18.36,15,Urban,90.0,569.83,12.5,2.0,1,20.0
2025-09-19,Ward T,Mehul Circle,19.1741,72.9592,Tulsi Lake,5.0,"commercial, residential, mixed_use",640000,18.36,15,Urban,90.0,569.83,0.0,0.1,0,1.0
2025-09-20,Ward T,Mehul Circle,19.1741,72.9592,Tulsi Lake,5.0,"commercial, residential, mixed_use",640000,18.36,15,Urban,90.0,569.83,17.6,0.7333333333333334,1,24.0
2025-09-21,Ward T,Mehul Circle,19.1741,72.9592,Tulsi Lake,5.0,"commercial, residential, mixed_use",640000,18.36,15,Urban,90.0,569.83,15.6,0.6782608695652174,1,23.0
2025-09-22,Ward T,Mehul Circle,19.1741,72.9592,Tulsi Lake,5.0,"commercial, residential, mixed_use",640000,18.36,15,Urban,90.0,569.83,28.1,1.1708333333333334,1,24.0
2025-09-23,Ward T,Mehul Circle,19.1741,72.9592,Tulsi Lake,5.0,"commercial, residential, mixed_use",640000,18.36,15,Urban,90.0,569.83,33.2,1.5090909090909093,1,22.0
2025-09-24,Ward T,Mehul Circle,19.1741,72.9592,Tulsi Lake,5.0,"commercial, residential, mixed_use",640000,18.36,15,Urban,90.0,569.83,1.5,0.16666666666666666,1,9.0
2025-09-25,Ward T,Mehul Circle,19.1741,72.9592,Tulsi Lake,5.0,"commercial, residential, mixed_use",640000,18.36,15,Urban,90.0,569.83,0.0,0.0,0,0.0
2025-09-26,Ward T,Mehul Circle,19.1741,72.9592,Tulsi Lake,5.0,"commercial, residential, mixed_use",640000,18.36,15,Urban,90.0,569.83,1.5,0.16666666666666666,1,9.0
2025-09-13,Ward A,Metro Cinema Subway,18.9445,72.8279,Arabian Sea ,12.0,"commercial, transport",185000,31.67,10,Urban,90.0,2022.25,11.8,3.3,1,14.0
2025-09-14,Ward A,Metro Cinema Subway,18.9445,72.8279,Arabian Sea ,12.0,"commercial, transport",185000,31.67,10,Urban,90.0,2022.25,15.1,2.9,1,19.0
2025-09-15,Ward A,Metro Cinema Subway,18.9445,72.8279,Arabian Sea ,12.0,"commercial, transport",185000,31.67,10,Urban,90.0,2022.25,82.8,12.7,1,19.0
2025-09-16,Ward A,Metro Cinema Subway,18.9445,72.8279,Arabian Sea ,12.0,"commercial, transport",185000,31.67,10,Urban,90.0,2022.25,10.6,1.3,1,20.0
2025-09-17,Ward A,Metro Cinema Subway,18.9445,72.8279,Arabian Sea ,12.0,"commercial, transport",185000,31.67,10,Urban,90.0,2022.25,10.4,1.6,1,21.0
2025-09-18,Ward A,Metro Cinema Subway,18.9445,72.8279,Arabian Sea ,12.0,"commercial, transport",185000,31.67,10,Urban,90.0,2022.25,18.7,3.3,1,21.0
2025-09-19,Ward A,Metro Cinema Subway,18.9445,72.8279,Arabian Sea ,12.0,"commercial, transport",185000,31.67,10,Urban,90.0,2022.25,0.0,3.3,0,6.0
2025-09-20,Ward A,Metro Cinema Subway,18.9445,72.8279,Arabian Sea ,12.0,"commercial, transport",185000,31.67,10,Urban,90.0,2022.25,22.4,0.9333333333333332,1,24.0
2025-09-21,Ward A,Metro Cinema Subway,18.9445,72.8279,Arabian Sea ,12.0,"commercial, transport",185000,31.67,10,Urban,90.0,2022.25,23.7,0.9874999999999999,1,24.0
2025-09-22,Ward A,Metro Cinema Subway,18.9445,72.8279,Arabian Sea ,12.0,"commercial, transport",185000,31.67,10,Urban,90.0,2022.25,43.5,1.8125,1,24.0
2025-09-23,Ward A,Metro Cinema Subway,18.9445,72.8279,Arabian Sea ,12.0,"commercial, transport",185000,31.67,10,Urban,90.0,2022.25,29.8,1.3545454545454545,1,22.0
2025-09-24,Ward A,Metro Cinema Subway,18.9445,72.8279,Arabian Sea ,12.0,"commercial, transport",185000,31.67,10,Urban,90.0,2022.25,3.3,0.15714285714285714,1,21.0
2025-09-25,Ward A,Metro Cinema Subway,18.9445,72.8279,Arabian Sea ,12.0,"commercial, transport",185000,31.67,10,Urban,90.0,2022.25,1.8,0.15,1,12.0
2025-09-26,Ward A,Metro Cinema Subway,18.9445,72.8279,Arabian Sea ,12.0,"commercial, transport",185000,31.67,10,Urban,90.0,2022.25,3.6,0.2,1,18.0
2025-09-13,Ward P/S,Motilal Nagar,19.1613,72.8407,Goregaon Nalla,11.0,"transport, mixed_use",670000,30.68,10,Sandy,90.0,427.93,10.6,2.2,1,16.0
2025-09-14,Ward P/S,Motilal Nagar,19.1613,72.8407,Goregaon Nalla,11.0,"transport, mixed_use",670000,30.68,10,Sandy,90.0,427.93,12.1,2.6,1,21.0
2025-09-15,Ward P/S,Motilal Nagar,19.1613,72.8407,Goregaon Nalla,11.0,"transport, mixed_use",670000,30.68,10,Sandy,90.0,427.93,29.1,5.0,1,17.0
2025-09-16,Ward P/S,Motilal Nagar,19.1613,72.8407,Goregaon Nalla,11.0,"transport, mixed_use",670000,30.68,10,Sandy,90.0,427.93,6.6,2.4,1,20.0
2025-09-17,Ward P/S,Motilal Nagar,19.1613,72.8407,Goregaon Nalla,11.0,"transport, mixed_use",670000,30.68,10,Sandy,90.0,427.93,27.8,19.8,1,23.0
2025-09-18,Ward P/S,Motilal Nagar,19.1613,72.8407,Goregaon Nalla,11.0,"transport, mixed_use",670000,30.68,10,Sandy,90.0,427.93,14.8,3.1,1,22.0
2025-09-19,Ward P/S,Motilal Nagar,19.1613,72.8407,Goregaon Nalla,11.0,"transport, mixed_use",670000,30.68,10,Sandy,90.0,427.93,0.0,0.1,0,2.0
2025-09-20,Ward P/S,Motilal Nagar,19.1613,72.8407,Goregaon Nalla,11.0,"transport, mixed_use",670000,30.68,10,Sandy,90.0,427.93,22.4,0.9333333333333332,1,24.0
2025-09-21,Ward P/S,Motilal Nagar,19.1613,72.8407,Goregaon Nalla,11.0,"transport, mixed_use",670000,30.68,10,Sandy,90.0,427.93,23.7,0.9874999999999999,1,24.0
2025-09-22,Ward P/S,Motilal Nagar,19.1613,72.8407,Goregaon Nalla,11.0,"transport, mixed_use",670000,30.68,10,Sandy,90.0,427.93,43.5,1.8125,1,24.0
2025-09-23,Ward P/S,Motilal Nagar,19.1613,72.8407,Goregaon Nalla,11.0,"transport, mixed_use",670000,30.68,10,Sandy,90.0,427.93,29.8,1.3545454545454545,1,22.0
2025-09-24,Ward P/S,Motilal Nagar,19.1613,72.8407,Goregaon Nalla,11.0,"transport, mixed_use",670000,30.68,10,Sandy,90.0,427.93,3.3,0.15714285714285714,1,21.0
2025-09-25,Ward P/S,Motilal Nagar,19.1613,72.8407,Goregaon Nalla,11.0,"transport, mixed_use",670000,30.68,10,Sandy,90.0,427.93,1.8,0.15,1,12.0
2025-09-26,Ward P/S,Motilal Nagar,19.1613,72.8407,Goregaon Nalla,11.0,"transport, mixed_use",670000,30.68,10,Sandy,90.0,427.93,3.6,0.2,1,18.0
2025-09-13,Ward T,Mulund,19.1704719,72.9610447,Thane Creek,7.288090036,residential,640000,4.114527708,4629,Urban,66.27593265,4313.0,9.5,2.4,1,17.0
2025-09-14,Ward T,Mulund,19.1704719,72.9610447,Thane Creek,7.288090036,residential,640000,4.114527708,4629,Urban,66.27593265,4313.0,11.9,2.8,1,22.0
2025-09-15,Ward T,Mulund,19.1704719,72.9610447,Thane Creek,7.288090036,residential,640000,4.114527708,4629,Urban,66.27593265,4313.0,29.4,5.5,1,17.0
2025-09-16,Ward T,Mulund,19.1704719,72.9610447,Thane Creek,7.288090036,residential,640000,4.114527708,4629,Urban,66.27593265,4313.0,12.9,4.6,1,21.0
2025-09-17,Ward T,Mulund,19.1704719,72.9610447,Thane Creek,7.288090036,residential,640000,4.114527708,4629,Urban,66.27593265,4313.0,32.2,14.0,1,22.0
2025-09-18,Ward T,Mulund,19.1704719,72.9610447,Thane Creek,7.288090036,residential,640000,4.114527708,4629,Urban,66.27593265,4313.0,12.5,2.0,1,20.0
2025-09-19,Ward T,Mulund,19.1704719,72.9610447,Thane Creek,7.288090036,residential,640000,4.114527708,4629,Urban,66.27593265,4313.0,0.0,0.1,0,1.0
2025-09-20,Ward T,Mulund,19.1704719,72.9610447,Thane Creek,7.288090036,residential,640000,4.114527708,4629,Urban,66.27593265,4313.0,17.6,0.7333333333333334,1,24.0
2025-09-21,Ward T,Mulund,19.1704719,72.9610447,Thane Creek,7.288090036,residential,640000,4.114527708,4629,Urban,66.27593265,4313.0,15.6,0.6782608695652174,1,23.0
2025-09-22,Ward T,Mulund,19.1704719,72.9610447,Thane Creek,7.288090036,residential,640000,4.114527708,4629,Urban,66.27593265,4313.0,28.1,1.1708333333333334,1,24.0
2025-09-23,Ward T,Mulund,19.1704719,72.9610447,Thane Creek,7.288090036,residential,640000,4.114527708,4629,Urban,66.27593265,4313.0,33.2,1.5090909090909093,1,22.0
2025-09-24,Ward T,Mulund,19.1704719,72.9610447,Thane Creek,7.288090036,residential,640000,4.114527708,4629,Urban,66.27593265,4313.0,1.5,0.16666666666666666,1,9.0
2025-09-25,Ward T,Mulund,19.1704719,72.9610447,Thane Creek,7.288090036,residential,640000,4.114527708,4629,Urban,66.27593265,4313.0,0.0,0.0,0,0.0
2025-09-26,Ward T,Mulund,19.1704719,72.9610447,Thane Creek,7.288090036,residential,640000,4.114527708,4629,Urban,66.27593265,4313.0,1.5,0.16666666666666666,1,9.0
2025-09-13,Ward T,Mulund Railway Subway,19.1728,72.9473,Tulsi Lake,7.0,"transport, mixed_use",640000,24.62,10,Urban,90.0,112.03,9.5,2.4,1,17.0
2025-09-14,Ward T,Mulund Railway Subway,19.1728,72.9473,Tulsi Lake,7.0,"transport, mixed_use",640000,24.62,10,Urban,90.0,112.03,11.9,2.8,1,22.0
2025-09-15,Ward T,Mulund Railway Subway,19.1728,72.9473,Tulsi Lake,7.0,"transport, mixed_use",640000,24.62,10,Urban,90.0,112.03,29.4,5.5,1,17.0
2025-09-16,Ward T,Mulund Railway Subway,19.1728,72.9473,Tulsi Lake,7.0,"transport, mixed_use",640000,24.62,10,Urban,90.0,112.03,12.9,4.6,1,21.0
2025-09-17,Ward T,Mulund Railway Subway,19.1728,72.9473,Tulsi Lake,7.0,"transport, mixed_use",640000,24.62,10,Urban,90.0,112.03,32.2,14.0,1,22.0
2025-09-18,Ward T,Mulund Railway Subway,19.1728,72.9473,Tulsi Lake,7.0,"transport, mixed_use",640000,24.62,10,Urban,90.0,112.03,12.5,2.0,1,20.0
2025-09-19,Ward T,Mulund Railway Subway,19.1728,72.9473,Tulsi Lake,7.0,"transport, mixed_use",640000,24.62,10,Urban,90.0,112.03,0.0,0.1,0,1.0
2025-09-20,Ward T,Mulund Railway Subway,19.1728,72.9473,Tulsi Lake,7.0,"transport, mixed_use",640000,24.62,10,Urban,90.0,112.03,17.6,0.7333333333333334,1,24.0
2025-09-21,Ward T,Mulund Railway Subway,19.1728,72.9473,Tulsi Lake,7.0,"transport, mixed_use",640000,24.62,10,Urban,90.0,112.03,15.6,0.6782608695652174,1,23.0
2025-09-22,Ward T,Mulund Railway Subway,19.1728,72.9473,Tulsi Lake,7.0,"transport, mixed_use",640000,24.62,10,Urban,90.0,112.03,28.1,1.1708333333333334,1,24.0
2025-09-23,Ward T,Mulund Railway Subway,19.1728,72.9473,Tulsi Lake,7.0,"transport, mixed_use",640000,24.62,10,Urban,90.0,112.03,33.2,1.5090909090909093,1,22.0
2025-09-24,Ward T,Mulund Railway Subway,19.1728,72.9473,Tulsi Lake,7.0,"transport, mixed_use",640000,24.62,10,Urban,90.0,112.03,1.5,0.16666666666666666,1,9.0
2025-09-25,Ward T,Mulund Railway Subway,19.1728,72.9473,Tulsi Lake,7.0,"transport, mixed_use",640000,24.62,10,Urban,90.0,112.03,0.0,0.0,0,0.0
2025-09-26,Ward T,Mulund Railway Subway,19.1728,72.9473,Tulsi Lake,7.0,"transport, mixed_use",640000,24.62,10,Urban,90.0,112.03,1.5,0.16666666666666666,1,9.0
2025-09-13,Ward F/S,Naigaon Cross Road,19.0081,72.8367,Wadala Nalla,10.0,"residential, institutional, mixed_use",470000,25.54,9,Urban,90.0,469.72,12.4,2.1,1,18.0
2025-09-14,Ward F/S,Naigaon Cross Road,19.0081,72.8367,Wadala Nalla,10.0,"residential, institutional, mixed_use",470000,25.54,9,Urban,90.0,469.72,16.3,3.6,1,24.0
2025-09-15,Ward F/S,Naigaon Cross Road,19.0081,72.8367,Wadala Nalla,10.0,"residential, institutional, mixed_use",470000,25.54,9,Urban,90.0,469.72,72.3,13.2,1,18.0
2025-09-16,Ward F/S,Naigaon Cross Road,19.0081,72.8367,Wadala Nalla,10.0,"residential, institutional, mixed_use",470000,25.54,9,Urban,90.0,469.72,7.8,0.9,1,22.0
2025-09-17,Ward F/S,Naigaon Cross Road,19.0081,72.8367,Wadala Nalla,10.0,"residential, institutional, mixed_use",470000,25.54,9,Urban,90.0,469.72,15.2,4.5,1,22.0
2025-09-18,Ward F/S,Naigaon Cross Road,19.0081,72.8367,Wadala Nalla,10.0,"residential, institutional, mixed_use",470000,25.54,9,Urban,90.0,469.72,9.9,1.3,1,21.0
2025-09-19,Ward F/S,Naigaon Cross Road,19.0081,72.8367,Wadala Nalla,10.0,"residential, institutional, mixed_use",470000,25.54,9,Urban,90.0,469.72,0.0,3.3,0,6.0
2025-09-20,Ward F/S,Naigaon Cross Road,19.0081,72.8367,Wadala Nalla,10.0,"residential, institutional, mixed_use",470000,25.54,9,Urban,90.0,469.72,22.4,0.9333333333333332,1,24.0
2025-09-21,Ward F/S,Naigaon Cross Road,19.0081,72.8367,Wadala Nalla,10.0,"residential, institutional, mixed_use",470000,25.54,9,Urban,90.0,469.72,23.7,0.9874999999999999,1,24.0
2025-09-22,Ward F/S,Naigaon Cross Road,19.0081,72.8367,Wadala Nalla,10.0,"residential, institutional, mixed_use",470000,25.54,9,Urban,90.0,469.72,43.5,1.8125,1,24.0
2025-09-23,Ward F/S,Naigaon Cross Road,19.0081,72.8367,Wadala Nalla,10.0,"residential, institutional, mixed_use",470000,25.54,9,Urban,90.0,469.72,29.8,1.3545454545454545,1,22.0
2025-09-24,Ward F/S,Naigaon Cross Road,19.0081,72.8367,Wadala Nalla,10.0,"residential, institutional, mixed_use",470000,25.54,9,Urban,90.0,469.72,3.3,0.15714285714285714,1,21.0
2025-09-25,Ward F/S,Naigaon Cross Road,19.0081,72.8367,Wadala Nalla,10.0,"residential, institutional, mixed_use",470000,25.54,9,Urban,90.0,469.72,1.8,0.15,1,12.0
2025-09-26,Ward F/S,Naigaon Cross Road,19.0081,72.8367,Wadala Nalla,10.0,"residential, institutional, mixed_use",470000,25.54,9,Urban,90.0,469.72,3.6,0.2,1,18.0
2025-09-13,Ward E,Nair Hospital Junction,18.9713,72.8255,Wadala Nalla,8.0,"hospital/institutional, mixed_use",420000,31.93,13,Urban,90.0,1179.12,11.8,3.3,1,14.0
2025-09-14,Ward E,Nair Hospital Junction,18.9713,72.8255,Wadala Nalla,8.0,"hospital/institutional, mixed_use",420000,31.93,13,Urban,90.0,1179.12,15.1,2.9,1,19.0
2025-09-15,Ward E,Nair Hospital Junction,18.9713,72.8255,Wadala Nalla,8.0,"hospital/institutional, mixed_use",420000,31.93,13,Urban,90.0,1179.12,82.8,12.7,1,19.0
2025-09-16,Ward E,Nair Hospital Junction,18.9713,72.8255,Wadala Nalla,8.0,"hospital/institutional, mixed_use",420000,31.93,13,Urban,90.0,1179.12,10.6,1.3,1,20.0
2025-09-17,Ward E,Nair Hospital Junction,18.9713,72.8255,Wadala Nalla,8.0,"hospital/institutional, mixed_use",420000,31.93,13,Urban,90.0,1179.12,10.4,1.6,1,21.0
2025-09-18,Ward E,Nair Hospital Junction,18.9713,72.8255,Wadala Nalla,8.0,"hospital/institutional, mixed_use",420000,31.93,13,Urban,90.0,1179.12,18.7,3.3,1,21.0
2025-09-19,Ward E,Nair Hospital Junction,18.9713,72.8255,Wadala Nalla,8.0,"hospital/institutional, mixed_use",420000,31.93,13,Urban,90.0,1179.12,0.0,3.3,0,6.0
2025-09-20,Ward E,Nair Hospital Junction,18.9713,72.8255,Wadala Nalla,8.0,"hospital/institutional, mixed_use",420000,31.93,13,Urban,90.0,1179.12,22.4,0.9333333333333332,1,24.0
2025-09-21,Ward E,Nair Hospital Junction,18.9713,72.8255,Wadala Nalla,8.0,"hospital/institutional, mixed_use",420000,31.93,13,Urban,90.0,1179.12,23.7,0.9874999999999999,1,24.0
2025-09-22,Ward E,Nair Hospital Junction,18.9713,72.8255,Wadala Nalla,8.0,"hospital/institutional, mixed_use",420000,31.93,13,Urban,90.0,1179.12,43.5,1.8125,1,24.0
2025-09-23,Ward E,Nair Hospital Junction,18.9713,72.8255,Wadala Nalla,8.0,"hospital/institutional, mixed_use",420000,31.93,13,Urban,90.0,1179.12,29.8,1.3545454545454545,1,22.0
2025-09-24,Ward E,Nair Hospital Junction,18.9713,72.8255,Wadala Nalla,8.0,"hospital/institutional, mixed_use",420000,31.93,13,Urban,90.0,1179.12,3.3,0.15714285714285714,1,21.0
2025-09-25,Ward E,Nair Hospital Junction,18.9713,72.8255,Wadala Nalla,8.0,"hospital/institutional, mixed_use",420000,31.93,13,Urban,90.0,1179.12,1.8,0.15,1,12.0
2025-09-26,Ward E,Nair Hospital Junction,18.9713,72.8255,Wadala Nalla,8.0,"hospital/institutional, mixed_use",420000,31.93,13,Urban,90.0,1179.12,3.6,0.2,1,18.0
2025-09-13,Ward G/N,Near Kirti College,19.0294,72.8371,Mahim Creek,10.0,"education, residential, mixed_use",520000,25.63,8,Sandy,90.0,941.34,12.4,2.1,1,18.0
2025-09-14,Ward G/N,Near Kirti College,19.0294,72.8371,Mahim Creek,10.0,"education, residential, mixed_use",520000,25.63,8,Sandy,90.0,941.34,16.3,3.6,1,24.0
2025-09-15,Ward G/N,Near Kirti College,19.0294,72.8371,Mahim Creek,10.0,"education, residential, mixed_use",520000,25.63,8,Sandy,90.0,941.34,72.3,13.2,1,18.0
2025-09-16,Ward G/N,Near Kirti College,19.0294,72.8371,Mahim Creek,10.0,"education, residential, mixed_use",520000,25.63,8,Sandy,90.0,941.34,7.8,0.9,1,22.0
2025-09-17,Ward G/N,Near Kirti College,19.0294,72.8371,Mahim Creek,10.0,"education, residential, mixed_use",520000,25.63,8,Sandy,90.0,941.34,15.2,4.5,1,22.0
2025-09-18,Ward G/N,Near Kirti College,19.0294,72.8371,Mahim Creek,10.0,"education, residential, mixed_use",520000,25.63,8,Sandy,90.0,941.34,9.9,1.3,1,21.0
2025-09-19,Ward G/N,Near Kirti College,19.0294,72.8371,Mahim Creek,10.0,"education, residential, mixed_use",520000,25.63,8,Sandy,90.0,941.34,0.0,3.3,0,6.0
2025-09-20,Ward G/N,Near Kirti College,19.0294,72.8371,Mahim Creek,10.0,"education, residential, mixed_use",520000,25.63,8,Sandy,90.0,941.34,22.4,0.9333333333333332,1,24.0
2025-09-21,Ward G/N,Near Kirti College,19.0294,72.8371,Mahim Creek,10.0,"education, residential, mixed_use",520000,25.63,8,Sandy,90.0,941.34,23.7,0.9874999999999999,1,24.0
2025-09-22,Ward G/N,Near Kirti College,19.0294,72.8371,Mahim Creek,10.0,"education, residential, mixed_use",520000,25.63,8,Sandy,90.0,941.34,43.5,1.8125,1,24.0
2025-09-23,Ward G/N,Near Kirti College,19.0294,72.8371,Mahim Creek,10.0,"education, residential, mixed_use",520000,25.63,8,Sandy,90.0,941.34,29.8,1.3545454545454545,1,22.0
2025-09-24,Ward G/N,Near Kirti College,19.0294,72.8371,Mahim Creek,10.0,"education, residential, mixed_use",520000,25.63,8,Sandy,90.0,941.34,3.3,0.15714285714285714,1,21.0
2025-09-25,Ward G/N,Near Kirti College,19.0294,72.8371,Mahim Creek,10.0,"education, residential, mixed_use",520000,25.63,8,Sandy,90.0,941.34,1.8,0.15,1,12.0
2025-09-26,Ward G/N,Near Kirti College,19.0294,72.8371,Mahim Creek,10.0,"education, residential, mixed_use",520000,25.63,8,Sandy,90.0,941.34,3.6,0.2,1,18.0
2025-09-13,Ward K/W,Oshiwara Nullah stretch,19.1482,72.8273,Oshiwara River,10.0,"residential, industrial, mixed_use",750000,22.06,4,Clayey,90.0,1035.43,10.6,2.2,1,16.0
2025-09-14,Ward K/W,Oshiwara Nullah stretch,19.1482,72.8273,Oshiwara River,10.0,"residential, industrial, mixed_use",750000,22.06,4,Clayey,90.0,1035.43,12.1,2.6,1,21.0
2025-09-15,Ward K/W,Oshiwara Nullah stretch,19.1482,72.8273,Oshiwara River,10.0,"residential, industrial, mixed_use",750000,22.06,4,Clayey,90.0,1035.43,29.1,5.0,1,17.0
2025-09-16,Ward K/W,Oshiwara Nullah stretch,19.1482,72.8273,Oshiwara River,10.0,"residential, industrial, mixed_use",750000,22.06,4,Clayey,90.0,1035.43,6.6,2.4,1,20.0
2025-09-17,Ward K/W,Oshiwara Nullah stretch,19.1482,72.8273,Oshiwara River,10.0,"residential, industrial, mixed_use",750000,22.06,4,Clayey,90.0,1035.43,27.8,19.8,1,23.0
2025-09-18,Ward K/W,Oshiwara Nullah stretch,19.1482,72.8273,Oshiwara River,10.0,"residential, industrial, mixed_use",750000,22.06,4,Clayey,90.0,1035.43,14.8,3.1,1,22.0
2025-09-19,Ward K/W,Oshiwara Nullah stretch,19.1482,72.8273,Oshiwara River,10.0,"residential, industrial, mixed_use",750000,22.06,4,Clayey,90.0,1035.43,0.0,0.1,0,2.0
2025-09-20,Ward K/W,Oshiwara Nullah stretch,19.1482,72.8273,Oshiwara River,10.0,"residential, industrial, mixed_use",750000,22.06,4,Clayey,90.0,1035.43,22.4,0.9333333333333332,1,24.0
2025-09-21,Ward K/W,Oshiwara Nullah stretch,19.1482,72.8273,Oshiwara River,10.0,"residential, industrial, mixed_use",750000,22.06,4,Clayey,90.0,1035.43,23.7,0.9874999999999999,1,24.0
2025-09-22,Ward K/W,Oshiwara Nullah stretch,19.1482,72.8273,Oshiwara River,10.0,"residential, industrial, mixed_use",750000,22.06,4,Clayey,90.0,1035.43,43.5,1.8125,1,24.0
2025-09-23,Ward K/W,Oshiwara Nullah stretch,19.1482,72.8273,Oshiwara River,10.0,"residential, industrial, mixed_use",750000,22.06,4,Clayey,90.0,1035.43,29.8,1.3545454545454545,1,22.0
2025-09-24,Ward K/W,Oshiwara Nullah stretch,19.1482,72.8273,Oshiwara River,10.0,"residential, industrial, mixed_use",750000,22.06,4,Clayey,90.0,1035.43,3.3,0.15714285714285714,1,21.0
2025-09-25,Ward K/W,Oshiwara Nullah stretch,19.1482,72.8273,Oshiwara River,10.0,"residential, industrial, mixed_use",750000,22.06,4,Clayey,90.0,1035.43,1.8,0.15,1,12.0
2025-09-26,Ward K/W,Oshiwara Nullah stretch,19.1482,72.8273,Oshiwara River,10.0,"residential, industrial, mixed_use",750000,22.06,4,Clayey,90.0,1035.43,3.6,0.2,1,18.0
2025-09-13,Ward R/N,Ovaripada slum slope,19.2536,72.8682,Poinsur River,22.0,"residential, institutional, mixed_use",670000,24.12,10,Clayey,90.0,14.6,7.5,2.4,1,10.0
2025-09-14,Ward R/N,Ovaripada slum slope,19.2536,72.8682,Poinsur River,22.0,"residential, institutional, mixed_use",670000,24.12,10,Clayey,90.0,14.6,12.1,3.2,1,21.0
2025-09-15,Ward R/N,Ovaripada slum slope,19.2536,72.8682,Poinsur River,22.0,"residential, institutional, mixed_use",670000,24.12,10,Clayey,90.0,14.6,19.2,4.8,1,18.0
2025-09-16,Ward R/N,Ovaripada slum slope,19.2536,72.8682,Poinsur River,22.0,"residential, institutional, mixed_use",670000,24.12,10,Clayey,90.0,14.6,15.5,2.4,1,19.0
2025-09-17,Ward R/N,Ovaripada slum slope,19.2536,72.8682,Poinsur River,22.0,"residential, institutional, mixed_use",670000,24.12,10,Clayey,90.0,14.6,24.2,14.2,1,21.0
2025-09-18,Ward R/N,Ovaripada slum slope,19.2536,72.8682,Poinsur River,22.0,"residential, institutional, mixed_use",670000,24.12,10,Clayey,90.0,14.6,18.5,3.8,1,21.0
2025-09-19,Ward R/N,Ovaripada slum slope,19.2536,72.8682,Poinsur River,22.0,"residential, institutional, mixed_use",670000,24.12,10,Clayey,90.0,14.6,0.0,0.3,0,3.0
2025-09-20,Ward R/N,Ovaripada slum slope,19.2536,72.8682,Poinsur River,22.0,"residential, institutional, mixed_use",670000,24.12,10,Clayey,90.0,14.6,22.1,0.9208333333333334,1,24.0
2025-09-21,Ward R/N,Ovaripada slum slope,19.2536,72.8682,Poinsur River,22.0,"residential, institutional, mixed_use",670000,24.12,10,Clayey,90.0,14.6,24.3,1.0125,1,24.0
2025-09-22,Ward R/N,Ovaripada slum slope,19.2536,72.8682,Poinsur River,22.0,"residential, institutional, mixed_use",670000,24.12,10,Clayey,90.0,14.6,52.2,2.1750000000000003,1,24.0
2025-09-23,Ward R/N,Ovaripada slum slope,19.2536,72.8682,Poinsur River,22.0,"residential, institutional, mixed_use",670000,24.12,10,Clayey,90.0,14.6,31.9,1.3291666666666666,1,24.0
2025-09-24,Ward R/N,Ovaripada slum slope,19.2536,72.8682,Poinsur River,22.0,"residential, institutional, mixed_use",670000,24.12,10,Clayey,90.0,14.6,1.5,0.1,1,15.0
2025-09-25,Ward R/N,Ovaripada slum slope,19.2536,72.8682,Poinsur River,22.0,"residential, institutional, mixed_use",670000,24.12,10,Clayey,90.0,14.6,1.8,0.2,1,9.0
2025-09-26,Ward R/N,Ovaripada slum slope,19.2536,72.8682,Poinsur River,22.0,"residential, institutional, mixed_use",670000,24.12,10,Clayey,90.0,14.6,3.0,0.2,1,15.0
2025-09-13,Ward B,P D'Mello Road (near Masjid Bunder),18.9556,72.8412,Arabian Sea ,6.0,"transport, commercial, mixed_use",195000,7.61,17,Urban,90.0,1689.21,11.8,3.3,1,14.0
2025-09-14,Ward B,P D'Mello Road (near Masjid Bunder),18.9556,72.8412,Arabian Sea ,6.0,"transport, commercial, mixed_use",195000,7.61,17,Urban,90.0,1689.21,15.1,2.9,1,19.0
2025-09-15,Ward B,P D'Mello Road (near Masjid Bunder),18.9556,72.8412,Arabian Sea ,6.0,"transport, commercial, mixed_use",195000,7.61,17,Urban,90.0,1689.21,82.8,12.7,1,19.0
2025-09-16,Ward B,P D'Mello Road (near Masjid Bunder),18.9556,72.8412,Arabian Sea ,6.0,"transport, commercial, mixed_use",195000,7.61,17,Urban,90.0,1689.21,10.6,1.3,1,20.0
2025-09-17,Ward B,P D'Mello Road (near Masjid Bunder),18.9556,72.8412,Arabian Sea ,6.0,"transport, commercial, mixed_use",195000,7.61,17,Urban,90.0,1689.21,10.4,1.6,1,21.0
2025-09-18,Ward B,P D'Mello Road (near Masjid Bunder),18.9556,72.8412,Arabian Sea ,6.0,"transport, commercial, mixed_use",195000,7.61,17,Urban,90.0,1689.21,18.7,3.3,1,21.0
2025-09-19,Ward B,P D'Mello Road (near Masjid Bunder),18.9556,72.8412,Arabian Sea ,6.0,"transport, commercial, mixed_use",195000,7.61,17,Urban,90.0,1689.21,0.0,3.3,0,6.0
2025-09-20,Ward B,P D'Mello Road (near Masjid Bunder),18.9556,72.8412,Arabian Sea ,6.0,"transport, commercial, mixed_use",195000,7.61,17,Urban,90.0,1689.21,22.4,0.9333333333333332,1,24.0
2025-09-21,Ward B,P D'Mello Road (near Masjid Bunder),18.9556,72.8412,Arabian Sea ,6.0,"transport, commercial, mixed_use",195000,7.61,17,Urban,90.0,1689.21,23.7,0.9874999999999999,1,24.0
2025-09-22,Ward B,P D'Mello Road (near Masjid Bunder),18.9556,72.8412,Arabian Sea ,6.0,"transport, commercial, mixed_use",195000,7.61,17,Urban,90.0,1689.21,43.5,1.8125,1,24.0
2025-09-23,Ward B,P D'Mello Road (near Masjid Bunder),18.9556,72.8412,Arabian Sea ,6.0,"transport, commercial, mixed_use",195000,7.61,17,Urban,90.0,1689.21,29.8,1.3545454545454545,1,22.0
2025-09-24,Ward B,P D'Mello Road (near Masjid Bunder),18.9556,72.8412,Arabian Sea ,6.0,"transport, commercial, mixed_use",195000,7.61,17,Urban,90.0,1689.21,3.3,0.15714285714285714,1,21.0
2025-09-25,Ward B,P D'Mello Road (near Masjid Bunder),18.9556,72.8412,Arabian Sea ,6.0,"transport, commercial, mixed_use",195000,7.61,17,Urban,90.0,1689.21,1.8,0.15,1,12.0
2025-09-26,Ward B,P D'Mello Road (near Masjid Bunder),18.9556,72.8412,Arabian Sea ,6.0,"transport, commercial, mixed_use",195000,7.61,17,Urban,90.0,1689.21,3.6,0.2,1,18.0
2025-09-13,Ward T,Panch Rasta,19.1735,72.9478,Tulsi Lake,7.0,"commercial, residential, mixed_use",640000,24.62,23,Sandy,90.0,112.03,9.5,2.4,1,17.0
2025-09-14,Ward T,Panch Rasta,19.1735,72.9478,Tulsi Lake,7.0,"commercial, residential, mixed_use",640000,24.62,23,Sandy,90.0,112.03,11.9,2.8,1,22.0
2025-09-15,Ward T,Panch Rasta,19.1735,72.9478,Tulsi Lake,7.0,"commercial, residential, mixed_use",640000,24.62,23,Sandy,90.0,112.03,29.4,5.5,1,17.0
2025-09-16,Ward T,Panch Rasta,19.1735,72.9478,Tulsi Lake,7.0,"commercial, residential, mixed_use",640000,24.62,23,Sandy,90.0,112.03,12.9,4.6,1,21.0
2025-09-17,Ward T,Panch Rasta,19.1735,72.9478,Tulsi Lake,7.0,"commercial, residential, mixed_use",640000,24.62,23,Sandy,90.0,112.03,32.2,14.0,1,22.0
2025-09-18,Ward T,Panch Rasta,19.1735,72.9478,Tulsi Lake,7.0,"commercial, residential, mixed_use",640000,24.62,23,Sandy,90.0,112.03,12.5,2.0,1,20.0
2025-09-19,Ward T,Panch Rasta,19.1735,72.9478,Tulsi Lake,7.0,"commercial, residential, mixed_use",640000,24.62,23,Sandy,90.0,112.03,0.0,0.1,0,1.0
2025-09-20,Ward T,Panch Rasta,19.1735,72.9478,Tulsi Lake,7.0,"commercial, residential, mixed_use",640000,24.62,23,Sandy,90.0,112.03,17.6,0.7333333333333334,1,24.0
2025-09-21,Ward T,Panch Rasta,19.1735,72.9478,Tulsi Lake,7.0,"commercial, residential, mixed_use",640000,24.62,23,Sandy,90.0,112.03,15.6,0.6782608695652174,1,23.0
2025-09-22,Ward T,Panch Rasta,19.1735,72.9478,Tulsi Lake,7.0,"commercial, residential, mixed_use",640000,24.62,23,Sandy,90.0,112.03,28.1,1.1708333333333334,1,24.0
2025-09-23,Ward T,Panch Rasta,19.1735,72.9478,Tulsi Lake,7.0,"commercial, residential, mixed_use",640000,24.62,23,Sandy,90.0,112.03,33.2,1.5090909090909093,1,22.0
2025-09-24,Ward T,Panch Rasta,19.1735,72.9478,Tulsi Lake,7.0,"commercial, residential, mixed_use",640000,24.62,23,Sandy,90.0,112.03,1.5,0.16666666666666666,1,9.0
2025-09-25,Ward T,Panch Rasta,19.1735,72.9478,Tulsi Lake,7.0,"commercial, residential, mixed_use",640000,24.62,23,Sandy,90.0,112.03,0.0,0.0,0,0.0
2025-09-26,Ward T,Panch Rasta,19.1735,72.9478,Tulsi Lake,7.0,"commercial, residential, mixed_use",640000,24.62,23,Sandy,90.0,112.03,1.5,0.16666666666666666,1,9.0
2025-09-13,Ward N,Pant Nagar,19.0845,72.9107,Chembur Nalla,10.0,"recreation_ground, residential, mixed_use",520000,13.93,8,Sandy,90.0,89.81,10.7,2.8,1,17.0
2025-09-14,Ward N,Pant Nagar,19.0845,72.9107,Chembur Nalla,10.0,"recreation_ground, residential, mixed_use",520000,13.93,8,Sandy,90.0,89.81,14.2,2.8,1,22.0
2025-09-15,Ward N,Pant Nagar,19.0845,72.9107,Chembur Nalla,10.0,"recreation_ground, residential, mixed_use",520000,13.93,8,Sandy,90.0,89.81,56.1,8.9,1,18.0
2025-09-16,Ward N,Pant Nagar,19.0845,72.9107,Chembur Nalla,10.0,"recreation_ground, residential, mixed_use",520000,13.93,8,Sandy,90.0,89.81,14.5,7.3,1,22.0
2025-09-17,Ward N,Pant Nagar,19.0845,72.9107,Chembur Nalla,10.0,"recreation_ground, residential, mixed_use",520000,13.93,8,Sandy,90.0,89.81,22.3,13.7,1,22.0
2025-09-18,Ward N,Pant Nagar,19.0845,72.9107,Chembur Nalla,10.0,"recreation_ground, residential, mixed_use",520000,13.93,8,Sandy,90.0,89.81,16.0,3.9,1,21.0
2025-09-19,Ward N,Pant Nagar,19.0845,72.9107,Chembur Nalla,10.0,"recreation_ground, residential, mixed_use",520000,13.93,8,Sandy,90.0,89.81,0.0,0.1,0,4.0
2025-09-20,Ward N,Pant Nagar,19.0845,72.9107,Chembur Nalla,10.0,"recreation_ground, residential, mixed_use",520000,13.93,8,Sandy,90.0,89.81,22.4,0.9333333333333332,1,24.0
2025-09-21,Ward N,Pant Nagar,19.0845,72.9107,Chembur Nalla,10.0,"recreation_ground, residential, mixed_use",520000,13.93,8,Sandy,90.0,89.81,23.7,0.9874999999999999,1,24.0
2025-09-22,Ward N,Pant Nagar,19.0845,72.9107,Chembur Nalla,10.0,"recreation_ground, residential, mixed_use",520000,13.93,8,Sandy,90.0,89.81,43.5,1.8125,1,24.0
2025-09-23,Ward N,Pant Nagar,19.0845,72.9107,Chembur Nalla,10.0,"recreation_ground, residential, mixed_use",520000,13.93,8,Sandy,90.0,89.81,29.8,1.3545454545454545,1,22.0
2025-09-24,Ward N,Pant Nagar,19.0845,72.9107,Chembur Nalla,10.0,"recreation_ground, residential, mixed_use",520000,13.93,8,Sandy,90.0,89.81,3.3,0.15714285714285714,1,21.0
2025-09-25,Ward N,Pant Nagar,19.0845,72.9107,Chembur Nalla,10.0,"recreation_ground, residential, mixed_use",520000,13.93,8,Sandy,90.0,89.81,1.8,0.15,1,12.0
2025-09-26,Ward N,Pant Nagar,19.0845,72.9107,Chembur Nalla,10.0,"recreation_ground, residential, mixed_use",520000,13.93,8,Sandy,90.0,89.81,3.6,0.2,1,18.0
2025-09-13,Ward P/N,Pathanwadi,19.1834,72.8701,Goregaon Nalla,67.0,"commercial, residential, mixed_use",900000,26.8,11,Sandy,90.0,337.58,10.6,2.2,1,16.0
2025-09-14,Ward P/N,Pathanwadi,19.1834,72.8701,Goregaon Nalla,67.0,"commercial, residential, mixed_use",900000,26.8,11,Sandy,90.0,337.58,12.1,2.6,1,21.0
2025-09-15,Ward P/N,Pathanwadi,19.1834,72.8701,Goregaon Nalla,67.0,"commercial, residential, mixed_use",900000,26.8,11,Sandy,90.0,337.58,29.1,5.0,1,17.0
2025-09-16,Ward P/N,Pathanwadi,19.1834,72.8701,Goregaon Nalla,67.0,"commercial, residential, mixed_use",900000,26.8,11,Sandy,90.0,337.58,6.6,2.4,1,20.0
2025-09-17,Ward P/N,Pathanwadi,19.1834,72.8701,Goregaon Nalla,67.0,"commercial, residential, mixed_use",900000,26.8,11,Sandy,90.0,337.58,27.8,19.8,1,23.0
2025-09-18,Ward P/N,Pathanwadi,19.1834,72.8701,Goregaon Nalla,67.0,"commercial, residential, mixed_use",900000,26.8,11,Sandy,90.0,337.58,14.8,3.1,1,22.0
2025-09-19,Ward P/N,Pathanwadi,19.1834,72.8701,Goregaon Nalla,67.0,"commercial, residential, mixed_use",900000,26.8,11,Sandy,90.0,337.58,0.0,0.1,0,2.0
2025-09-20,Ward P/N,Pathanwadi,19.1834,72.8701,Goregaon Nalla,67.0,"commercial, residential, mixed_use",900000,26.8,11,Sandy,90.0,337.58,22.4,0.9333333333333332,1,24.0
2025-09-21,Ward P/N,Pathanwadi,19.1834,72.8701,Goregaon Nalla,67.0,"commercial, residential, mixed_use",900000,26.8,11,Sandy,90.0,337.58,23.7,0.9874999999999999,1,24.0
2025-09-22,Ward P/N,Pathanwadi,19.1834,72.8701,Goregaon Nalla,67.0,"commercial, residential, mixed_use",900000,26.8,11,Sandy,90.0,337.58,43.5,1.8125,1,24.0
2025-09-23,Ward P/N,Pathanwadi,19.1834,72.8701,Goregaon Nalla,67.0,"commercial, residential, mixed_use",900000,26.8,11,Sandy,90.0,337.58,29.8,1.3545454545454545,1,22.0
2025-09-24,Ward P/N,Pathanwadi,19.1834,72.8701,Goregaon Nalla,67.0,"commercial, residential, mixed_use",900000,26.8,11,Sandy,90.0,337.58,3.3,0.15714285714285714,1,21.0
2025-09-25,Ward P/N,Pathanwadi,19.1834,72.8701,Goregaon Nalla,67.0,"commercial, residential, mixed_use",900000,26.8,11,Sandy,90.0,337.58,1.8,0.15,1,12.0
2025-09-26,Ward P/N,Pathanwadi,19.1834,72.8701,Goregaon Nalla,67.0,"commercial, residential, mixed_use",900000,26.8,11,Sandy,90.0,337.58,3.6,0.2,1,18.0
2025-09-13,Ward R/S,Poinsur Depot,19.2083,72.8361,Poinsur River,15.0,"residential, mixed_use",610000,32.09,6,Urban,90.0,630.74,8.5,2.4,1,14.0
2025-09-14,Ward R/S,Poinsur Depot,19.2083,72.8361,Poinsur River,15.0,"residential, mixed_use",610000,32.09,6,Urban,90.0,630.74,8.0,1.3,1,22.0
2025-09-15,Ward R/S,Poinsur Depot,19.2083,72.8361,Poinsur River,15.0,"residential, mixed_use",610000,32.09,6,Urban,90.0,630.74,17.3,4.3,1,20.0
2025-09-16,Ward R/S,Poinsur Depot,19.2083,72.8361,Poinsur River,15.0,"residential, mixed_use",610000,32.09,6,Urban,90.0,630.74,10.0,2.4,1,22.0
2025-09-17,Ward R/S,Poinsur Depot,19.2083,72.8361,Poinsur River,15.0,"residential, mixed_use",610000,32.09,6,Urban,90.0,630.74,17.9,12.7,1,18.0
2025-09-18,Ward R/S,Poinsur Depot,19.2083,72.8361,Poinsur River,15.0,"residential, mixed_use",610000,32.09,6,Urban,90.0,630.74,15.8,4.6,1,21.0
2025-09-19,Ward R/S,Poinsur Depot,19.2083,72.8361,Poinsur River,15.0,"residential, mixed_use",610000,32.09,6,Urban,90.0,630.74,0.0,0.3,0,5.0
2025-09-20,Ward R/S,Poinsur Depot,19.2083,72.8361,Poinsur River,15.0,"residential, mixed_use",610000,32.09,6,Urban,90.0,630.74,22.1,0.9208333333333334,1,24.0
2025-09-21,Ward R/S,Poinsur Depot,19.2083,72.8361,Poinsur River,15.0,"residential, mixed_use",610000,32.09,6,Urban,90.0,630.74,24.3,1.0125,1,24.0
2025-09-22,Ward R/S,Poinsur Depot,19.2083,72.8361,Poinsur River,15.0,"residential, mixed_use",610000,32.09,6,Urban,90.0,630.74,52.2,2.1750000000000003,1,24.0
2025-09-23,Ward R/S,Poinsur Depot,19.2083,72.8361,Poinsur River,15.0,"residential, mixed_use",610000,32.09,6,Urban,90.0,630.74,31.9,1.3291666666666666,1,24.0
2025-09-24,Ward R/S,Poinsur Depot,19.2083,72.8361,Poinsur River,15.0,"residential, mixed_use",610000,32.09,6,Urban,90.0,630.74,1.5,0.1,1,15.0
2025-09-25,Ward R/S,Poinsur Depot,19.2083,72.8361,Poinsur River,15.0,"residential, mixed_use",610000,32.09,6,Urban,90.0,630.74,1.8,0.2,1,9.0
2025-09-26,Ward R/S,Poinsur Depot,19.2083,72.8361,Poinsur River,15.0,"residential, mixed_use",610000,32.09,6,Urban,90.0,630.74,3.0,0.2,1,15.0
2025-09-13,Ward G/S,Prabhadevi,19.0148811,72.8279556,Arabian Sea,11.84725164,commercial,430000,2.716993041,2695,Sand,60.15520638,3238.0,12.4,2.1,1,18.0
2025-09-14,Ward G/S,Prabhadevi,19.0148811,72.8279556,Arabian Sea,11.84725164,commercial,430000,2.716993041,2695,Sand,60.15520638,3238.0,16.3,3.6,1,24.0
2025-09-15,Ward G/S,Prabhadevi,19.0148811,72.8279556,Arabian Sea,11.84725164,commercial,430000,2.716993041,2695,Sand,60.15520638,3238.0,72.3,13.2,1,18.0
2025-09-16,Ward G/S,Prabhadevi,19.0148811,72.8279556,Arabian Sea,11.84725164,commercial,430000,2.716993041,2695,Sand,60.15520638,3238.0,7.8,0.9,1,22.0
2025-09-17,Ward G/S,Prabhadevi,19.0148811,72.8279556,Arabian Sea,11.84725164,commercial,430000,2.716993041,2695,Sand,60.15520638,3238.0,15.2,4.5,1,22.0
2025-09-18,Ward G/S,Prabhadevi,19.0148811,72.8279556,Arabian Sea,11.84725164,commercial,430000,2.716993041,2695,Sand,60.15520638,3238.0,9.9,1.3,1,21.0
2025-09-19,Ward G/S,Prabhadevi,19.0148811,72.8279556,Arabian Sea,11.84725164,commercial,430000,2.716993041,2695,Sand,60.15520638,3238.0,0.0,3.3,0,6.0
2025-09-20,Ward G/S,Prabhadevi,19.0148811,72.8279556,Arabian Sea,11.84725164,commercial,430000,2.716993041,2695,Sand,60.15520638,3238.0,22.4,0.9333333333333332,1,24.0
2025-09-21,Ward G/S,Prabhadevi,19.0148811,72.8279556,Arabian Sea,11.84725164,commercial,430000,2.716993041,2695,Sand,60.15520638,3238.0,23.7,0.9874999999999999,1,24.0
2025-09-22,Ward G/S,Prabhadevi,19.0148811,72.8279556,Arabian Sea,11.84725164,commercial,430000,2.716993041,2695,Sand,60.15520638,3238.0,43.5,1.8125,1,24.0
2025-09-23,Ward G/S,Prabhadevi,19.0148811,72.8279556,Arabian Sea,11.84725164,commercial,430000,2.716993041,2695,Sand,60.15520638,3238.0,29.8,1.3545454545454545,1,22.0
2025-09-24,Ward G/S,Prabhadevi,19.0148811,72.8279556,Arabian Sea,11.84725164,commercial,430000,2.716993041,2695,Sand,60.15520638,3238.0,3.3,0.15714285714285714,1,21.0
2025-09-25,Ward G/S,Prabhadevi,19.0148811,72.8279556,Arabian Sea,11.84725164,commercial,430000,2.716993041,2695,Sand,60.15520638,3238.0,1.8,0.15,1,12.0
2025-09-26,Ward G/S,Prabhadevi,19.0148811,72.8279556,Arabian Sea,11.84725164,commercial,430000,2.716993041,2695,Sand,60.15520638,3238.0,3.6,0.2,1,18.0
2025-09-13,Ward C,Princess Street corner (Marine Lines Junction),18.9494,72.8278,Arabian Sea ,16.0,"commercial, residential, mixed_use",190000,33.49,16,Urban,90.0,2274.63,11.8,3.3,1,14.0
2025-09-14,Ward C,Princess Street corner (Marine Lines Junction),18.9494,72.8278,Arabian Sea ,16.0,"commercial, residential, mixed_use",190000,33.49,16,Urban,90.0,2274.63,15.1,2.9,1,19.0
2025-09-15,Ward C,Princess Street corner (Marine Lines Junction),18.9494,72.8278,Arabian Sea ,16.0,"commercial, residential, mixed_use",190000,33.49,16,Urban,90.0,2274.63,82.8,12.7,1,19.0
2025-09-16,Ward C,Princess Street corner (Marine Lines Junction),18.9494,72.8278,Arabian Sea ,16.0,"commercial, residential, mixed_use",190000,33.49,16,Urban,90.0,2274.63,10.6,1.3,1,20.0
2025-09-17,Ward C,Princess Street corner (Marine Lines Junction),18.9494,72.8278,Arabian Sea ,16.0,"commercial, residential, mixed_use",190000,33.49,16,Urban,90.0,2274.63,10.4,1.6,1,21.0
2025-09-18,Ward C,Princess Street corner (Marine Lines Junction),18.9494,72.8278,Arabian Sea ,16.0,"commercial, residential, mixed_use",190000,33.49,16,Urban,90.0,2274.63,18.7,3.3,1,21.0
2025-09-19,Ward C,Princess Street corner (Marine Lines Junction),18.9494,72.8278,Arabian Sea ,16.0,"commercial, residential, mixed_use",190000,33.49,16,Urban,90.0,2274.63,0.0,3.3,0,6.0
2025-09-20,Ward C,Princess Street corner (Marine Lines Junction),18.9494,72.8278,Arabian Sea ,16.0,"commercial, residential, mixed_use",190000,33.49,16,Urban,90.0,2274.63,22.4,0.9333333333333332,1,24.0
2025-09-21,Ward C,Princess Street corner (Marine Lines Junction),18.9494,72.8278,Arabian Sea ,16.0,"commercial, residential, mixed_use",190000,33.49,16,Urban,90.0,2274.63,23.7,0.9874999999999999,1,24.0
2025-09-22,Ward C,Princess Street corner (Marine Lines Junction),18.9494,72.8278,Arabian Sea ,16.0,"commercial, residential, mixed_use",190000,33.49,16,Urban,90.0,2274.63,43.5,1.8125,1,24.0
2025-09-23,Ward C,Princess Street corner (Marine Lines Junction),18.9494,72.8278,Arabian Sea ,16.0,"commercial, residential, mixed_use",190000,33.49,16,Urban,90.0,2274.63,29.8,1.3545454545454545,1,22.0
2025-09-24,Ward C,Princess Street corner (Marine Lines Junction),18.9494,72.8278,Arabian Sea ,16.0,"commercial, residential, mixed_use",190000,33.49,16,Urban,90.0,2274.63,3.3,0.15714285714285714,1,21.0
2025-09-25,Ward C,Princess Street corner (Marine Lines Junction),18.9494,72.8278,Arabian Sea ,16.0,"commercial, residential, mixed_use",190000,33.49,16,Urban,90.0,2274.63,1.8,0.15,1,12.0
2025-09-26,Ward C,Princess Street corner (Marine Lines Junction),18.9494,72.8278,Arabian Sea ,16.0,"commercial, residential, mixed_use",190000,33.49,16,Urban,90.0,2274.63,3.6,0.2,1,18.0
2025-09-13,Ward P/N,Pushpa Park,19.1853,72.8623,Poinsur River,40.0,"commercial, retail, mixed_use",900000,17.72,5,Sandy,90.0,23.84,10.6,2.2,1,16.0
2025-09-14,Ward P/N,Pushpa Park,19.1853,72.8623,Poinsur River,40.0,"commercial, retail, mixed_use",900000,17.72,5,Sandy,90.0,23.84,12.1,2.6,1,21.0
2025-09-15,Ward P/N,Pushpa Park,19.1853,72.8623,Poinsur River,40.0,"commercial, retail, mixed_use",900000,17.72,5,Sandy,90.0,23.84,29.1,5.0,1,17.0
2025-09-16,Ward P/N,Pushpa Park,19.1853,72.8623,Poinsur River,40.0,"commercial, retail, mixed_use",900000,17.72,5,Sandy,90.0,23.84,6.6,2.4,1,20.0
2025-09-17,Ward P/N,Pushpa Park,19.1853,72.8623,Poinsur River,40.0,"commercial, retail, mixed_use",900000,17.72,5,Sandy,90.0,23.84,27.8,19.8,1,23.0
2025-09-18,Ward P/N,Pushpa Park,19.1853,72.8623,Poinsur River,40.0,"commercial, retail, mixed_use",900000,17.72,5,Sandy,90.0,23.84,14.8,3.1,1,22.0
2025-09-19,Ward P/N,Pushpa Park,19.1853,72.8623,Poinsur River,40.0,"commercial, retail, mixed_use",900000,17.72,5,Sandy,90.0,23.84,0.0,0.1,0,2.0
2025-09-20,Ward P/N,Pushpa Park,19.1853,72.8623,Poinsur River,40.0,"commercial, retail, mixed_use",900000,17.72,5,Sandy,90.0,23.84,22.4,0.9333333333333332,1,24.0
2025-09-21,Ward P/N,Pushpa Park,19.1853,72.8623,Poinsur River,40.0,"commercial, retail, mixed_use",900000,17.72,5,Sandy,90.0,23.84,23.7,0.9874999999999999,1,24.0
2025-09-22,Ward P/N,Pushpa Park,19.1853,72.8623,Poinsur River,40.0,"commercial, retail, mixed_use",900000,17.72,5,Sandy,90.0,23.84,43.5,1.8125,1,24.0
2025-09-23,Ward P/N,Pushpa Park,19.1853,72.8623,Poinsur River,40.0,"commercial, retail, mixed_use",900000,17.72,5,Sandy,90.0,23.84,29.8,1.3545454545454545,1,22.0
2025-09-24,Ward P/N,Pushpa Park,19.1853,72.8623,Poinsur River,40.0,"commercial, retail, mixed_use",900000,17.72,5,Sandy,90.0,23.84,3.3,0.15714285714285714,1,21.0
2025-09-25,Ward P/N,Pushpa Park,19.1853,72.8623,Poinsur River,40.0,"commercial, retail, mixed_use",900000,17.72,5,Sandy,90.0,23.84,1.8,0.15,1,12.0
2025-09-26,Ward P/N,Pushpa Park,19.1853,72.8623,Poinsur River,40.0,"commercial, retail, mixed_use",900000,17.72,5,Sandy,90.0,23.84,3.6,0.2,1,18.0
2025-09-13,Ward N,RB Kadam Marg,19.0898,72.9156,Powai Lake,11.0,"recreation_ground, residential, mixed_use",780000,8.73,10,Sandy,90.0,260.13,10.7,2.8,1,17.0
2025-09-14,Ward N,RB Kadam Marg,19.0898,72.9156,Powai Lake,11.0,"recreation_ground, residential, mixed_use",780000,8.73,10,Sandy,90.0,260.13,14.2,2.8,1,22.0
2025-09-15,Ward N,RB Kadam Marg,19.0898,72.9156,Powai Lake,11.0,"recreation_ground, residential, mixed_use",780000,8.73,10,Sandy,90.0,260.13,56.1,8.9,1,18.0
2025-09-16,Ward N,RB Kadam Marg,19.0898,72.9156,Powai Lake,11.0,"recreation_ground, residential, mixed_use",780000,8.73,10,Sandy,90.0,260.13,14.5,7.3,1,22.0
2025-09-17,Ward N,RB Kadam Marg,19.0898,72.9156,Powai Lake,11.0,"recreation_ground, residential, mixed_use",780000,8.73,10,Sandy,90.0,260.13,22.3,13.7,1,22.0
2025-09-18,Ward N,RB Kadam Marg,19.0898,72.9156,Powai Lake,11.0,"recreation_ground, residential, mixed_use",780000,8.73,10,Sandy,90.0,260.13,16.0,3.9,1,21.0
2025-09-19,Ward N,RB Kadam Marg,19.0898,72.9156,Powai Lake,11.0,"recreation_ground, residential, mixed_use",780000,8.73,10,Sandy,90.0,260.13,0.0,0.1,0,4.0
2025-09-20,Ward N,RB Kadam Marg,19.0898,72.9156,Powai Lake,11.0,"recreation_ground, residential, mixed_use",780000,8.73,10,Sandy,90.0,260.13,22.4,0.9333333333333332,1,24.0
2025-09-21,Ward N,RB Kadam Marg,19.0898,72.9156,Powai Lake,11.0,"recreation_ground, residential, mixed_use",780000,8.73,10,Sandy,90.0,260.13,23.7,0.9874999999999999,1,24.0
2025-09-22,Ward N,RB Kadam Marg,19.0898,72.9156,Powai Lake,11.0,"recreation_ground, residential, mixed_use",780000,8.73,10,Sandy,90.0,260.13,43.5,1.8125,1,24.0
2025-09-23,Ward N,RB Kadam Marg,19.0898,72.9156,Powai Lake,11.0,"recreation_ground, residential, mixed_use",780000,8.73,10,Sandy,90.0,260.13,29.8,1.3545454545454545,1,22.0
2025-09-24,Ward N,RB Kadam Marg,19.0898,72.9156,Powai Lake,11.0,"recreation_ground, residential, mixed_use",780000,8.73,10,Sandy,90.0,260.13,3.3,0.15714285714285714,1,21.0
2025-09-25,Ward N,RB Kadam Marg,19.0898,72.9156,Powai Lake,11.0,"recreation_ground, residential, mixed_use",780000,8.73,10,Sandy,90.0,260.13,1.8,0.15,1,12.0
2025-09-26,Ward N,RB Kadam Marg,19.0898,72.9156,Powai Lake,11.0,"recreation_ground, residential, mixed_use",780000,8.73,10,Sandy,90.0,260.13,3.6,0.2,1,18.0
2025-09-13,Ward M/W,RC Marg,19.0443,72.8943,Chembur Nalla,7.0,"residential, slum, mixed_use",710000,10.16,5,Sandy,90.0,416.73,12.4,2.1,1,18.0
2025-09-14,Ward M/W,RC Marg,19.0443,72.8943,Chembur Nalla,7.0,"residential, slum, mixed_use",710000,10.16,5,Sandy,90.0,416.73,16.3,3.6,1,24.0
2025-09-15,Ward M/W,RC Marg,19.0443,72.8943,Chembur Nalla,7.0,"residential, slum, mixed_use",710000,10.16,5,Sandy,90.0,416.73,72.3,13.2,1,18.0
2025-09-16,Ward M/W,RC Marg,19.0443,72.8943,Chembur Nalla,7.0,"residential, slum, mixed_use",710000,10.16,5,Sandy,90.0,416.73,7.8,0.9,1,22.0
2025-09-17,Ward M/W,RC Marg,19.0443,72.8943,Chembur Nalla,7.0,"residential, slum, mixed_use",710000,10.16,5,Sandy,90.0,416.73,15.2,4.5,1,22.0
2025-09-18,Ward M/W,RC Marg,19.0443,72.8943,Chembur Nalla,7.0,"residential, slum, mixed_use",710000,10.16,5,Sandy,90.0,416.73,9.9,1.3,1,21.0
2025-09-19,Ward M/W,RC Marg,19.0443,72.8943,Chembur Nalla,7.0,"residential, slum, mixed_use",710000,10.16,5,Sandy,90.0,416.73,0.0,3.3,0,6.0
2025-09-20,Ward M/W,RC Marg,19.0443,72.8943,Chembur Nalla,7.0,"residential, slum, mixed_use",710000,10.16,5,Sandy,90.0,416.73,22.4,0.9333333333333332,1,24.0
2025-09-21,Ward M/W,RC Marg,19.0443,72.8943,Chembur Nalla,7.0,"residential, slum, mixed_use",710000,10.16,5,Sandy,90.0,416.73,23.7,0.9874999999999999,1,24.0
2025-09-22,Ward M/W,RC Marg,19.0443,72.8943,Chembur Nalla,7.0,"residential, slum, mixed_use",710000,10.16,5,Sandy,90.0,416.73,43.5,1.8125,1,24.0
2025-09-23,Ward M/W,RC Marg,19.0443,72.8943,Chembur Nalla,7.0,"residential, slum, mixed_use",710000,10.16,5,Sandy,90.0,416.73,29.8,1.3545454545454545,1,22.0
2025-09-24,Ward M/W,RC Marg,19.0443,72.8943,Chembur Nalla,7.0,"residential, slum, mixed_use",710000,10.16,5,Sandy,90.0,416.73,3.3,0.15714285714285714,1,21.0
2025-09-25,Ward M/W,RC Marg,19.0443,72.8943,Chembur Nalla,7.0,"residential, slum, mixed_use",710000,10.16,5,Sandy,90.0,416.73,1.8,0.15,1,12.0
2025-09-26,Ward M/W,RC Marg,19.0443,72.8943,Chembur Nalla,7.0,"residential, slum, mixed_use",710000,10.16,5,Sandy,90.0,416.73,3.6,0.2,1,18.0
2025-09-13,Ward A,Regal Circle,18.9225,72.8312,Arabian Sea ,16.0,"commercial, mixed_use",185000,17.36,9,Urban,90.0,1872.23,11.8,3.3,1,14.0
2025-09-14,Ward A,Regal Circle,18.9225,72.8312,Arabian Sea ,16.0,"commercial, mixed_use",185000,17.36,9,Urban,90.0,1872.23,15.1,2.9,1,19.0
2025-09-15,Ward A,Regal Circle,18.9225,72.8312,Arabian Sea ,16.0,"commercial, mixed_use",185000,17.36,9,Urban,90.0,1872.23,82.8,12.7,1,19.0
2025-09-16,Ward A,Regal Circle,18.9225,72.8312,Arabian Sea ,16.0,"commercial, mixed_use",185000,17.36,9,Urban,90.0,1872.23,10.6,1.3,1,20.0
2025-09-17,Ward A,Regal Circle,18.9225,72.8312,Arabian Sea ,16.0,"commercial, mixed_use",185000,17.36,9,Urban,90.0,1872.23,10.4,1.6,1,21.0
2025-09-18,Ward A,Regal Circle,18.9225,72.8312,Arabian Sea ,16.0,"commercial, mixed_use",185000,17.36,9,Urban,90.0,1872.23,18.7,3.3,1,21.0
2025-09-19,Ward A,Regal Circle,18.9225,72.8312,Arabian Sea ,16.0,"commercial, mixed_use",185000,17.36,9,Urban,90.0,1872.23,0.0,3.3,0,6.0
2025-09-20,Ward A,Regal Circle,18.9225,72.8312,Arabian Sea ,16.0,"commercial, mixed_use",185000,17.36,9,Urban,90.0,1872.23,20.0,0.8333333333333334,1,24.0
2025-09-21,Ward A,Regal Circle,18.9225,72.8312,Arabian Sea ,16.0,"commercial, mixed_use",185000,17.36,9,Urban,90.0,1872.23,22.4,0.9333333333333332,1,24.0
2025-09-22,Ward A,Regal Circle,18.9225,72.8312,Arabian Sea ,16.0,"commercial, mixed_use",185000,17.36,9,Urban,90.0,1872.23,33.1,1.5761904761904764,1,21.0
2025-09-23,Ward A,Regal Circle,18.9225,72.8312,Arabian Sea ,16.0,"commercial, mixed_use",185000,17.36,9,Urban,90.0,1872.23,18.1,0.8227272727272728,1,22.0
2025-09-24,Ward A,Regal Circle,18.9225,72.8312,Arabian Sea ,16.0,"commercial, mixed_use",185000,17.36,9,Urban,90.0,1872.23,2.7,0.18000000000000002,1,15.0
2025-09-25,Ward A,Regal Circle,18.9225,72.8312,Arabian Sea ,16.0,"commercial, mixed_use",185000,17.36,9,Urban,90.0,1872.23,2.4,0.19999999999999998,1,12.0
2025-09-26,Ward A,Regal Circle,18.9225,72.8312,Arabian Sea ,16.0,"commercial, mixed_use",185000,17.36,9,Urban,90.0,1872.23,3.9,0.21666666666666667,1,18.0
2025-09-13,Ward K/W,SV Road (Andheri Subway),19.1182,72.8463,Oshiwara River,14.0,"transport, commercial, mixed_use",750000,26.92,14,Urban,90.0,774.49,12.7,3.5,1,17.0
2025-09-14,Ward K/W,SV Road (Andheri Subway),19.1182,72.8463,Oshiwara River,14.0,"transport, commercial, mixed_use",750000,26.92,14,Urban,90.0,774.49,12.2,2.8,1,22.0
2025-09-15,Ward K/W,SV Road (Andheri Subway),19.1182,72.8463,Oshiwara River,14.0,"transport, commercial, mixed_use",750000,26.92,14,Urban,90.0,774.49,65.5,10.6,1,18.0
2025-09-16,Ward K/W,SV Road (Andheri Subway),19.1182,72.8463,Oshiwara River,14.0,"transport, commercial, mixed_use",750000,26.92,14,Urban,90.0,774.49,5.2,0.9,1,23.0
2025-09-17,Ward K/W,SV Road (Andheri Subway),19.1182,72.8463,Oshiwara River,14.0,"transport, commercial, mixed_use",750000,26.92,14,Urban,90.0,774.49,25.7,14.8,1,21.0
2025-09-18,Ward K/W,SV Road (Andheri Subway),19.1182,72.8463,Oshiwara River,14.0,"transport, commercial, mixed_use",750000,26.92,14,Urban,90.0,774.49,10.4,1.9,1,21.0
2025-09-19,Ward K/W,SV Road (Andheri Subway),19.1182,72.8463,Oshiwara River,14.0,"transport, commercial, mixed_use",750000,26.92,14,Urban,90.0,774.49,0.0,0.7,0,3.0
2025-09-20,Ward K/W,SV Road (Andheri Subway),19.1182,72.8463,Oshiwara River,14.0,"transport, commercial, mixed_use",750000,26.92,14,Urban,90.0,774.49,22.4,0.9333333333333332,1,24.0
2025-09-21,Ward K/W,SV Road (Andheri Subway),19.1182,72.8463,Oshiwara River,14.0,"transport, commercial, mixed_use",750000,26.92,14,Urban,90.0,774.49,23.7,0.9874999999999999,1,24.0
2025-09-22,Ward K/W,SV Road (Andheri Subway),19.1182,72.8463,Oshiwara River,14.0,"transport, commercial, mixed_use",750000,26.92,14,Urban,90.0,774.49,43.5,1.8125,1,24.0
2025-09-23,Ward K/W,SV Road (Andheri Subway),19.1182,72.8463,Oshiwara River,14.0,"transport, commercial, mixed_use",750000,26.92,14,Urban,90.0,774.49,29.8,1.3545454545454545,1,22.0
2025-09-24,Ward K/W,SV Road (Andheri Subway),19.1182,72.8463,Oshiwara River,14.0,"transport, commercial, mixed_use",750000,26.92,14,Urban,90.0,774.49,3.3,0.15714285714285714,1,21.0
2025-09-25,Ward K/W,SV Road (Andheri Subway),19.1182,72.8463,Oshiwara River,14.0,"transport, commercial, mixed_use",750000,26.92,14,Urban,90.0,774.49,1.8,0.15,1,12.0
2025-09-26,Ward K/W,SV Road (Andheri Subway),19.1182,72.8463,Oshiwara River,14.0,"transport, commercial, mixed_use",750000,26.92,14,Urban,90.0,774.49,3.6,0.2,1,18.0
2025-09-13,Ward H/W,SV Road (Khar Subway),19.0717,72.8391,Mithi River,5.0,"transport, commercial, mixed_use",410000,21.37,9,Urban,90.0,793.94,12.7,3.5,1,17.0
2025-09-14,Ward H/W,SV Road (Khar Subway),19.0717,72.8391,Mithi River,5.0,"transport, commercial, mixed_use",410000,21.37,9,Urban,90.0,793.94,12.2,2.8,1,22.0
2025-09-15,Ward H/W,SV Road (Khar Subway),19.0717,72.8391,Mithi River,5.0,"transport, commercial, mixed_use",410000,21.37,9,Urban,90.0,793.94,65.5,10.6,1,18.0
2025-09-16,Ward H/W,SV Road (Khar Subway),19.0717,72.8391,Mithi River,5.0,"transport, commercial, mixed_use",410000,21.37,9,Urban,90.0,793.94,5.2,0.9,1,23.0
2025-09-17,Ward H/W,SV Road (Khar Subway),19.0717,72.8391,Mithi River,5.0,"transport, commercial, mixed_use",410000,21.37,9,Urban,90.0,793.94,25.7,14.8,1,21.0
2025-09-18,Ward H/W,SV Road (Khar Subway),19.0717,72.8391,Mithi River,5.0,"transport, commercial, mixed_use",410000,21.37,9,Urban,90.0,793.94,10.4,1.9,1,21.0
2025-09-19,Ward H/W,SV Road (Khar Subway),19.0717,72.8391,Mithi River,5.0,"transport, commercial, mixed_use",410000,21.37,9,Urban,90.0,793.94,0.0,0.7,0,3.0
2025-09-20,Ward H/W,SV Road (Khar Subway),19.0717,72.8391,Mithi River,5.0,"transport, commercial, mixed_use",410000,21.37,9,Urban,90.0,793.94,22.4,0.9333333333333332,1,24.0
2025-09-21,Ward H/W,SV Road (Khar Subway),19.0717,72.8391,Mithi River,5.0,"transport, commercial, mixed_use",410000,21.37,9,Urban,90.0,793.94,23.7,0.9874999999999999,1,24.0
2025-09-22,Ward H/W,SV Road (Khar Subway),19.0717,72.8391,Mithi River,5.0,"transport, commercial, mixed_use",410000,21.37,9,Urban,90.0,793.94,43.5,1.8125,1,24.0
2025-09-23,Ward H/W,SV Road (Khar Subway),19.0717,72.8391,Mithi River,5.0,"transport, commercial, mixed_use",410000,21.37,9,Urban,90.0,793.94,29.8,1.3545454545454545,1,22.0
2025-09-24,Ward H/W,SV Road (Khar Subway),19.0717,72.8391,Mithi River,5.0,"transport, commercial, mixed_use",410000,21.37,9,Urban,90.0,793.94,3.3,0.15714285714285714,1,21.0
2025-09-25,Ward H/W,SV Road (Khar Subway),19.0717,72.8391,Mithi River,5.0,"transport, commercial, mixed_use",410000,21.37,9,Urban,90.0,793.94,1.8,0.15,1,12.0
2025-09-26,Ward H/W,SV Road (Khar Subway),19.0717,72.8391,Mithi River,5.0,"transport, commercial, mixed_use",410000,21.37,9,Urban,90.0,793.94,3.6,0.2,1,18.0
2025-09-13,Ward E,Saat Rasta Junction,18.9754,72.8226,Wadala Nalla,5.0,"commercial, recreation_ground, mixed_use",420000,30.38,6,Urban,90.0,1072.41,11.8,3.3,1,14.0
2025-09-14,Ward E,Saat Rasta Junction,18.9754,72.8226,Wadala Nalla,5.0,"commercial, recreation_ground, mixed_use",420000,30.38,6,Urban,90.0,1072.41,15.1,2.9,1,19.0
2025-09-15,Ward E,Saat Rasta Junction,18.9754,72.8226,Wadala Nalla,5.0,"commercial, recreation_ground, mixed_use",420000,30.38,6,Urban,90.0,1072.41,82.8,12.7,1,19.0
2025-09-16,Ward E,Saat Rasta Junction,18.9754,72.8226,Wadala Nalla,5.0,"commercial, recreation_ground, mixed_use",420000,30.38,6,Urban,90.0,1072.41,10.6,1.3,1,20.0
2025-09-17,Ward E,Saat Rasta Junction,18.9754,72.8226,Wadala Nalla,5.0,"commercial, recreation_ground, mixed_use",420000,30.38,6,Urban,90.0,1072.41,10.4,1.6,1,21.0
2025-09-18,Ward E,Saat Rasta Junction,18.9754,72.8226,Wadala Nalla,5.0,"commercial, recreation_ground, mixed_use",420000,30.38,6,Urban,90.0,1072.41,18.7,3.3,1,21.0
2025-09-19,Ward E,Saat Rasta Junction,18.9754,72.8226,Wadala Nalla,5.0,"commercial, recreation_ground, mixed_use",420000,30.38,6,Urban,90.0,1072.41,0.0,3.3,0,6.0
2025-09-20,Ward E,Saat Rasta Junction,18.9754,72.8226,Wadala Nalla,5.0,"commercial, recreation_ground, mixed_use",420000,30.38,6,Urban,90.0,1072.41,22.4,0.9333333333333332,1,24.0
2025-09-21,Ward E,Saat Rasta Junction,18.9754,72.8226,Wadala Nalla,5.0,"commercial, recreation_ground, mixed_use",420000,30.38,6,Urban,90.0,1072.41,23.7,0.9874999999999999,1,24.0
2025-09-22,Ward E,Saat Rasta Junction,18.9754,72.8226,Wadala Nalla,5.0,"commercial, recreation_ground, mixed_use",420000,30.38,6,Urban,90.0,1072.41,43.5,1.8125,1,24.0
2025-09-23,Ward E,Saat Rasta Junction,18.9754,72.8226,Wadala Nalla,5.0,"commercial, recreation_ground, mixed_use",420000,30.38,6,Urban,90.0,1072.41,29.8,1.3545454545454545,1,22.0
2025-09-24,Ward E,Saat Rasta Junction,18.9754,72.8226,Wadala Nalla,5.0,"commercial, recreation_ground, mixed_use",420000,30.38,6,Urban,90.0,1072.41,3.3,0.15714285714285714,1,21.0
2025-09-25,Ward E,Saat Rasta Junction,18.9754,72.8226,Wadala Nalla,5.0,"commercial, recreation_ground, mixed_use",420000,30.38,6,Urban,90.0,1072.41,1.8,0.15,1,12.0
2025-09-26,Ward E,Saat Rasta Junction,18.9754,72.8226,Wadala Nalla,5.0,"commercial, recreation_ground, mixed_use",420000,30.38,6,Urban,90.0,1072.41,3.6,0.2,1,18.0
2025-09-13,Ward K/E,Saki Naka Junction,19.1031,72.8882,Kurla Nalla,12.0,"commercial, transport, mixed_use",880000,18.81,3,Urban,90.0,56.67,12.7,3.5,1,17.0
2025-09-14,Ward K/E,Saki Naka Junction,19.1031,72.8882,Kurla Nalla,12.0,"commercial, transport, mixed_use",880000,18.81,3,Urban,90.0,56.67,12.2,2.8,1,22.0
2025-09-15,Ward K/E,Saki Naka Junction,19.1031,72.8882,Kurla Nalla,12.0,"commercial, transport, mixed_use",880000,18.81,3,Urban,90.0,56.67,65.5,10.6,1,18.0
2025-09-16,Ward K/E,Saki Naka Junction,19.1031,72.8882,Kurla Nalla,12.0,"commercial, transport, mixed_use",880000,18.81,3,Urban,90.0,56.67,5.2,0.9,1,23.0
2025-09-17,Ward K/E,Saki Naka Junction,19.1031,72.8882,Kurla Nalla,12.0,"commercial, transport, mixed_use",880000,18.81,3,Urban,90.0,56.67,25.7,14.8,1,21.0
2025-09-18,Ward K/E,Saki Naka Junction,19.1031,72.8882,Kurla Nalla,12.0,"commercial, transport, mixed_use",880000,18.81,3,Urban,90.0,56.67,10.4,1.9,1,21.0
2025-09-19,Ward K/E,Saki Naka Junction,19.1031,72.8882,Kurla Nalla,12.0,"commercial, transport, mixed_use",880000,18.81,3,Urban,90.0,56.67,0.0,0.7,0,3.0
2025-09-20,Ward K/E,Saki Naka Junction,19.1031,72.8882,Kurla Nalla,12.0,"commercial, transport, mixed_use",880000,18.81,3,Urban,90.0,56.67,22.4,0.9333333333333332,1,24.0
2025-09-21,Ward K/E,Saki Naka Junction,19.1031,72.8882,Kurla Nalla,12.0,"commercial, transport, mixed_use",880000,18.81,3,Urban,90.0,56.67,23.7,0.9874999999999999,1,24.0
2025-09-22,Ward K/E,Saki Naka Junction,19.1031,72.8882,Kurla Nalla,12.0,"commercial, transport, mixed_use",880000,18.81,3,Urban,90.0,56.67,43.5,1.8125,1,24.0
2025-09-23,Ward K/E,Saki Naka Junction,19.1031,72.8882,Kurla Nalla,12.0,"commercial, transport, mixed_use",880000,18.81,3,Urban,90.0,56.67,29.8,1.3545454545454545,1,22.0
2025-09-24,Ward K/E,Saki Naka Junction,19.1031,72.8882,Kurla Nalla,12.0,"commercial, transport, mixed_use",880000,18.81,3,Urban,90.0,56.67,3.3,0.15714285714285714,1,21.0
2025-09-25,Ward K/E,Saki Naka Junction,19.1031,72.8882,Kurla Nalla,12.0,"commercial, transport, mixed_use",880000,18.81,3,Urban,90.0,56.67,1.8,0.15,1,12.0
2025-09-26,Ward K/E,Saki Naka Junction,19.1031,72.8882,Kurla Nalla,12.0,"commercial, transport, mixed_use",880000,18.81,3,Urban,90.0,56.67,3.6,0.2,1,18.0
2025-09-13,Ward H/W,Santacruz West,19.0844004,72.8372899,Mithi River,10.61446384,park,880000,2.01427712,1305,Urban,63.48310326,5375.0,12.7,3.5,1,17.0
2025-09-14,Ward H/W,Santacruz West,19.0844004,72.8372899,Mithi River,10.61446384,park,880000,2.01427712,1305,Urban,63.48310326,5375.0,12.2,2.8,1,22.0
2025-09-15,Ward H/W,Santacruz West,19.0844004,72.8372899,Mithi River,10.61446384,park,880000,2.01427712,1305,Urban,63.48310326,5375.0,65.5,10.6,1,18.0
2025-09-16,Ward H/W,Santacruz West,19.0844004,72.8372899,Mithi River,10.61446384,park,880000,2.01427712,1305,Urban,63.48310326,5375.0,5.2,0.9,1,23.0
2025-09-17,Ward H/W,Santacruz West,19.0844004,72.8372899,Mithi River,10.61446384,park,880000,2.01427712,1305,Urban,63.48310326,5375.0,25.7,14.8,1,21.0
2025-09-18,Ward H/W,Santacruz West,19.0844004,72.8372899,Mithi River,10.61446384,park,880000,2.01427712,1305,Urban,63.48310326,5375.0,10.4,1.9,1,21.0
2025-09-19,Ward H/W,Santacruz West,19.0844004,72.8372899,Mithi River,10.61446384,park,880000,2.01427712,1305,Urban,63.48310326,5375.0,0.0,0.7,0,3.0
2025-09-20,Ward H/W,Santacruz West,19.0844004,72.8372899,Mithi River,10.61446384,park,880000,2.01427712,1305,Urban,63.48310326,5375.0,22.4,0.9333333333333332,1,24.0
2025-09-21,Ward H/W,Santacruz West,19.0844004,72.8372899,Mithi River,10.61446384,park,880000,2.01427712,1305,Urban,63.48310326,5375.0,23.7,0.9874999999999999,1,24.0
2025-09-22,Ward H/W,Santacruz West,19.0844004,72.8372899,Mithi River,10.61446384,park,880000,2.01427712,1305,Urban,63.48310326,5375.0,43.5,1.8125,1,24.0
2025-09-23,Ward H/W,Santacruz West,19.0844004,72.8372899,Mithi River,10.61446384,park,880000,2.01427712,1305,Urban,63.48310326,5375.0,29.8,1.3545454545454545,1,22.0
2025-09-24,Ward H/W,Santacruz West,19.0844004,72.8372899,Mithi River,10.61446384,park,880000,2.01427712,1305,Urban,63.48310326,5375.0,3.3,0.15714285714285714,1,21.0
2025-09-25,Ward H/W,Santacruz West,19.0844004,72.8372899,Mithi River,10.61446384,park,880000,2.01427712,1305,Urban,63.48310326,5375.0,1.8,0.15,1,12.0
2025-09-26,Ward H/W,Santacruz West,19.0844004,72.8372899,Mithi River,10.61446384,park,880000,2.01427712,1305,Urban,63.48310326,5375.0,3.6,0.2,1,18.0
2025-09-13,Ward T,Sarojini Naidu Road,19.172,72.9554,Tulsi Lake,6.0,"residential, commercial, mixed_use",640000,15.77,7,Urban,90.0,196.31,9.5,2.4,1,17.0
2025-09-14,Ward T,Sarojini Naidu Road,19.172,72.9554,Tulsi Lake,6.0,"residential, commercial, mixed_use",640000,15.77,7,Urban,90.0,196.31,11.9,2.8,1,22.0
2025-09-15,Ward T,Sarojini Naidu Road,19.172,72.9554,Tulsi Lake,6.0,"residential, commercial, mixed_use",640000,15.77,7,Urban,90.0,196.31,29.4,5.5,1,17.0
2025-09-16,Ward T,Sarojini Naidu Road,19.172,72.9554,Tulsi Lake,6.0,"residential, commercial, mixed_use",640000,15.77,7,Urban,90.0,196.31,12.9,4.6,1,21.0
2025-09-17,Ward T,Sarojini Naidu Road,19.172,72.9554,Tulsi Lake,6.0,"residential, commercial, mixed_use",640000,15.77,7,Urban,90.0,196.31,32.2,14.0,1,22.0
2025-09-18,Ward T,Sarojini Naidu Road,19.172,72.9554,Tulsi Lake,6.0,"residential, commercial, mixed_use",640000,15.77,7,Urban,90.0,196.31,12.5,2.0,1,20.0
2025-09-19,Ward T,Sarojini Naidu Road,19.172,72.9554,Tulsi Lake,6.0,"residential, commercial, mixed_use",640000,15.77,7,Urban,90.0,196.31,0.0,0.1,0,1.0
2025-09-20,Ward T,Sarojini Naidu Road,19.172,72.9554,Tulsi Lake,6.0,"residential, commercial, mixed_use",640000,15.77,7,Urban,90.0,196.31,17.6,0.7333333333333334,1,24.0
2025-09-21,Ward T,Sarojini Naidu Road,19.172,72.9554,Tulsi Lake,6.0,"residential, commercial, mixed_use",640000,15.77,7,Urban,90.0,196.31,15.6,0.6782608695652174,1,23.0
2025-09-22,Ward T,Sarojini Naidu Road,19.172,72.9554,Tulsi Lake,6.0,"residential, commercial, mixed_use",640000,15.77,7,Urban,90.0,196.31,28.1,1.1708333333333334,1,24.0
2025-09-23,Ward T,Sarojini Naidu Road,19.172,72.9554,Tulsi Lake,6.0,"residential, commercial, mixed_use",640000,15.77,7,Urban,90.0,196.31,33.2,1.5090909090909093,1,22.0
2025-09-24,Ward T,Sarojini Naidu Road,19.172,72.9554,Tulsi Lake,6.0,"residential, commercial, mixed_use",640000,15.77,7,Urban,90.0,196.31,1.5,0.16666666666666666,1,9.0
2025-09-25,Ward T,Sarojini Naidu Road,19.172,72.9554,Tulsi Lake,6.0,"residential, commercial, mixed_use",640000,15.77,7,Urban,90.0,196.31,0.0,0.0,0,0.0
2025-09-26,Ward T,Sarojini Naidu Road,19.172,72.9554,Tulsi Lake,6.0,"residential, commercial, mixed_use",640000,15.77,7,Urban,90.0,196.31,1.5,0.16666666666666666,1,9.0
2025-09-13,Ward F/S,Sewri,19.001418,72.8542575,Thane Creek,5.999749158,park,470000,2.428600454,2215,Urban,68.52444529,5385.0,12.4,2.1,1,18.0
2025-09-14,Ward F/S,Sewri,19.001418,72.8542575,Thane Creek,5.999749158,park,470000,2.428600454,2215,Urban,68.52444529,5385.0,16.3,3.6,1,24.0
2025-09-15,Ward F/S,Sewri,19.001418,72.8542575,Thane Creek,5.999749158,park,470000,2.428600454,2215,Urban,68.52444529,5385.0,72.3,13.2,1,18.0
2025-09-16,Ward F/S,Sewri,19.001418,72.8542575,Thane Creek,5.999749158,park,470000,2.428600454,2215,Urban,68.52444529,5385.0,7.8,0.9,1,22.0
2025-09-17,Ward F/S,Sewri,19.001418,72.8542575,Thane Creek,5.999749158,park,470000,2.428600454,2215,Urban,68.52444529,5385.0,15.2,4.5,1,22.0
2025-09-18,Ward F/S,Sewri,19.001418,72.8542575,Thane Creek,5.999749158,park,470000,2.428600454,2215,Urban,68.52444529,5385.0,9.9,1.3,1,21.0
2025-09-19,Ward F/S,Sewri,19.001418,72.8542575,Thane Creek,5.999749158,park,470000,2.428600454,2215,Urban,68.52444529,5385.0,0.0,3.3,0,6.0
2025-09-20,Ward F/S,Sewri,19.001418,72.8542575,Thane Creek,5.999749158,park,470000,2.428600454,2215,Urban,68.52444529,5385.0,22.4,0.9333333333333332,1,24.0
2025-09-21,Ward F/S,Sewri,19.001418,72.8542575,Thane Creek,5.999749158,park,470000,2.428600454,2215,Urban,68.52444529,5385.0,23.7,0.9874999999999999,1,24.0
2025-09-22,Ward F/S,Sewri,19.001418,72.8542575,Thane Creek,5.999749158,park,470000,2.428600454,2215,Urban,68.52444529,5385.0,43.5,1.8125,1,24.0
2025-09-23,Ward F/S,Sewri,19.001418,72.8542575,Thane Creek,5.999749158,park,470000,2.428600454,2215,Urban,68.52444529,5385.0,29.8,1.3545454545454545,1,22.0
2025-09-24,Ward F/S,Sewri,19.001418,72.8542575,Thane Creek,5.999749158,park,470000,2.428600454,2215,Urban,68.52444529,5385.0,3.3,0.15714285714285714,1,21.0
2025-09-25,Ward F/S,Sewri,19.001418,72.8542575,Thane Creek,5.999749158,park,470000,2.428600454,2215,Urban,68.52444529,5385.0,1.8,0.15,1,12.0
2025-09-26,Ward F/S,Sewri,19.001418,72.8542575,Thane Creek,5.999749158,park,470000,2.428600454,2215,Urban,68.52444529,5385.0,3.6,0.2,1,18.0
2025-09-13,Ward M/W,Shell Colony,19.0431,72.8995,Wadala Nalla,8.0,"commercial, residential, mixed_use",710000,Error: Found no graph nodes within the requested polygon.,12,Sandy,90.0,1497.8,12.4,2.1,1,18.0
2025-09-14,Ward M/W,Shell Colony,19.0431,72.8995,Wadala Nalla,8.0,"commercial, residential, mixed_use",710000,Error: Found no graph nodes within the requested polygon.,12,Sandy,90.0,1497.8,16.3,3.6,1,24.0
2025-09-15,Ward M/W,Shell Colony,19.0431,72.8995,Wadala Nalla,8.0,"commercial, residential, mixed_use",710000,Error: Found no graph nodes within the requested polygon.,12,Sandy,90.0,1497.8,72.3,13.2,1,18.0
2025-09-16,Ward M/W,Shell Colony,19.0431,72.8995,Wadala Nalla,8.0,"commercial, residential, mixed_use",710000,Error: Found no graph nodes within the requested polygon.,12,Sandy,90.0,1497.8,7.8,0.9,1,22.0
2025-09-17,Ward M/W,Shell Colony,19.0431,72.8995,Wadala Nalla,8.0,"commercial, residential, mixed_use",710000,Error: Found no graph nodes within the requested polygon.,12,Sandy,90.0,1497.8,15.2,4.5,1,22.0
2025-09-18,Ward M/W,Shell Colony,19.0431,72.8995,Wadala Nalla,8.0,"commercial, residential, mixed_use",710000,Error: Found no graph nodes within the requested polygon.,12,Sandy,90.0,1497.8,9.9,1.3,1,21.0
2025-09-19,Ward M/W,Shell Colony,19.0431,72.8995,Wadala Nalla,8.0,"commercial, residential, mixed_use",710000,Error: Found no graph nodes within the requested polygon.,12,Sandy,90.0,1497.8,0.0,3.3,0,6.0
2025-09-20,Ward M/W,Shell Colony,19.0431,72.8995,Wadala Nalla,8.0,"commercial, residential, mixed_use",710000,Error: Found no graph nodes within the requested polygon.,12,Sandy,90.0,1497.8,22.4,0.9333333333333332,1,24.0
2025-09-21,Ward M/W,Shell Colony,19.0431,72.8995,Wadala Nalla,8.0,"commercial, residential, mixed_use",710000,Error: Found no graph nodes within the requested polygon.,12,Sandy,90.0,1497.8,23.7,0.9874999999999999,1,24.0
2025-09-22,Ward M/W,Shell Colony,19.0431,72.8995,Wadala Nalla,8.0,"commercial, residential, mixed_use",710000,Error: Found no graph nodes within the requested polygon.,12,Sandy,90.0,1497.8,43.5,1.8125,1,24.0
2025-09-23,Ward M/W,Shell Colony,19.0431,72.8995,Wadala Nalla,8.0,"commercial, residential, mixed_use",710000,Error: Found no graph nodes within the requested polygon.,12,Sandy,90.0,1497.8,29.8,1.3545454545454545,1,22.0
2025-09-24,Ward M/W,Shell Colony,19.0431,72.8995,Wadala Nalla,8.0,"commercial, residential, mixed_use",710000,Error: Found no graph nodes within the requested polygon.,12,Sandy,90.0,1497.8,3.3,0.15714285714285714,1,21.0
2025-09-25,Ward M/W,Shell Colony,19.0431,72.8995,Wadala Nalla,8.0,"commercial, residential, mixed_use",710000,Error: Found no graph nodes within the requested polygon.,12,Sandy,90.0,1497.8,1.8,0.15,1,12.0
2025-09-26,Ward M/W,Shell Colony,19.0431,72.8995,Wadala Nalla,8.0,"commercial, residential, mixed_use",710000,Error: Found no graph nodes within the requested polygon.,12,Sandy,90.0,1497.8,3.6,0.2,1,18.0
2025-09-13,Ward R/S,Shimpoli Road,19.2064,72.8376,Poinsur River,14.0,"industrial, residential, mixed_use",610000,23.07,22,Urban,90.0,247.69,8.5,2.4,1,14.0
2025-09-14,Ward R/S,Shimpoli Road,19.2064,72.8376,Poinsur River,14.0,"industrial, residential, mixed_use",610000,23.07,22,Urban,90.0,247.69,8.0,1.3,1,22.0
2025-09-15,Ward R/S,Shimpoli Road,19.2064,72.8376,Poinsur River,14.0,"industrial, residential, mixed_use",610000,23.07,22,Urban,90.0,247.69,17.3,4.3,1,20.0
2025-09-16,Ward R/S,Shimpoli Road,19.2064,72.8376,Poinsur River,14.0,"industrial, residential, mixed_use",610000,23.07,22,Urban,90.0,247.69,10.0,2.4,1,22.0
2025-09-17,Ward R/S,Shimpoli Road,19.2064,72.8376,Poinsur River,14.0,"industrial, residential, mixed_use",610000,23.07,22,Urban,90.0,247.69,17.9,12.7,1,18.0
2025-09-18,Ward R/S,Shimpoli Road,19.2064,72.8376,Poinsur River,14.0,"industrial, residential, mixed_use",610000,23.07,22,Urban,90.0,247.69,15.8,4.6,1,21.0
2025-09-19,Ward R/S,Shimpoli Road,19.2064,72.8376,Poinsur River,14.0,"industrial, residential, mixed_use",610000,23.07,22,Urban,90.0,247.69,0.0,0.3,0,5.0
2025-09-20,Ward R/S,Shimpoli Road,19.2064,72.8376,Poinsur River,14.0,"industrial, residential, mixed_use",610000,23.07,22,Urban,90.0,247.69,22.1,0.9208333333333334,1,24.0
2025-09-21,Ward R/S,Shimpoli Road,19.2064,72.8376,Poinsur River,14.0,"industrial, residential, mixed_use",610000,23.07,22,Urban,90.0,247.69,24.3,1.0125,1,24.0
2025-09-22,Ward R/S,Shimpoli Road,19.2064,72.8376,Poinsur River,14.0,"industrial, residential, mixed_use",610000,23.07,22,Urban,90.0,247.69,52.2,2.1750000000000003,1,24.0
2025-09-23,Ward R/S,Shimpoli Road,19.2064,72.8376,Poinsur River,14.0,"industrial, residential, mixed_use",610000,23.07,22,Urban,90.0,247.69,31.9,1.3291666666666666,1,24.0
2025-09-24,Ward R/S,Shimpoli Road,19.2064,72.8376,Poinsur River,14.0,"industrial, residential, mixed_use",610000,23.07,22,Urban,90.0,247.69,1.5,0.1,1,15.0
2025-09-25,Ward R/S,Shimpoli Road,19.2064,72.8376,Poinsur River,14.0,"industrial, residential, mixed_use",610000,23.07,22,Urban,90.0,247.69,1.8,0.2,1,9.0
2025-09-26,Ward R/S,Shimpoli Road,19.2064,72.8376,Poinsur River,14.0,"industrial, residential, mixed_use",610000,23.07,22,Urban,90.0,247.69,3.0,0.2,1,15.0
2025-09-13,Ward M/E,Shivaji Nagar,19.0572,72.8999,Chembur Nalla,10.0,"hospital/institutional, mixed_use",690000,29.15,7,Sandy,90.0,287.57,10.7,2.8,1,17.0
2025-09-14,Ward M/E,Shivaji Nagar,19.0572,72.8999,Chembur Nalla,10.0,"hospital/institutional, mixed_use",690000,29.15,7,Sandy,90.0,287.57,14.2,2.8,1,22.0
2025-09-15,Ward M/E,Shivaji Nagar,19.0572,72.8999,Chembur Nalla,10.0,"hospital/institutional, mixed_use",690000,29.15,7,Sandy,90.0,287.57,56.1,8.9,1,18.0
2025-09-16,Ward M/E,Shivaji Nagar,19.0572,72.8999,Chembur Nalla,10.0,"hospital/institutional, mixed_use",690000,29.15,7,Sandy,90.0,287.57,14.5,7.3,1,22.0
2025-09-17,Ward M/E,Shivaji Nagar,19.0572,72.8999,Chembur Nalla,10.0,"hospital/institutional, mixed_use",690000,29.15,7,Sandy,90.0,287.57,22.3,13.7,1,22.0
2025-09-18,Ward M/E,Shivaji Nagar,19.0572,72.8999,Chembur Nalla,10.0,"hospital/institutional, mixed_use",690000,29.15,7,Sandy,90.0,287.57,16.0,3.9,1,21.0
2025-09-19,Ward M/E,Shivaji Nagar,19.0572,72.8999,Chembur Nalla,10.0,"hospital/institutional, mixed_use",690000,29.15,7,Sandy,90.0,287.57,0.0,0.1,0,4.0
2025-09-20,Ward M/E,Shivaji Nagar,19.0572,72.8999,Chembur Nalla,10.0,"hospital/institutional, mixed_use",690000,29.15,7,Sandy,90.0,287.57,22.4,0.9333333333333332,1,24.0
2025-09-21,Ward M/E,Shivaji Nagar,19.0572,72.8999,Chembur Nalla,10.0,"hospital/institutional, mixed_use",690000,29.15,7,Sandy,90.0,287.57,23.7,0.9874999999999999,1,24.0
2025-09-22,Ward M/E,Shivaji Nagar,19.0572,72.8999,Chembur Nalla,10.0,"hospital/institutional, mixed_use",690000,29.15,7,Sandy,90.0,287.57,43.5,1.8125,1,24.0
2025-09-23,Ward M/E,Shivaji Nagar,19.0572,72.8999,Chembur Nalla,10.0,"hospital/institutional, mixed_use",690000,29.15,7,Sandy,90.0,287.57,29.8,1.3545454545454545,1,22.0
2025-09-24,Ward M/E,Shivaji Nagar,19.0572,72.8999,Chembur Nalla,10.0,"hospital/institutional, mixed_use",690000,29.15,7,Sandy,90.0,287.57,3.3,0.15714285714285714,1,21.0
2025-09-25,Ward M/E,Shivaji Nagar,19.0572,72.8999,Chembur Nalla,10.0,"hospital/institutional, mixed_use",690000,29.15,7,Sandy,90.0,287.57,1.8,0.15,1,12.0
2025-09-26,Ward M/E,Shivaji Nagar,19.0572,72.8999,Chembur Nalla,10.0,"hospital/institutional, mixed_use",690000,29.15,7,Sandy,90.0,287.57,3.6,0.2,1,18.0
2025-09-13,Ward P/S,Siddharth Hospital area,19.1639,72.8433,Goregaon Nalla,16.0,"slum, residential, mixed_use",820000,41.76,7,Urban,90.0,188.27,10.6,2.2,1,16.0
2025-09-14,Ward P/S,Siddharth Hospital area,19.1639,72.8433,Goregaon Nalla,16.0,"slum, residential, mixed_use",820000,41.76,7,Urban,90.0,188.27,12.1,2.6,1,21.0
2025-09-15,Ward P/S,Siddharth Hospital area,19.1639,72.8433,Goregaon Nalla,16.0,"slum, residential, mixed_use",820000,41.76,7,Urban,90.0,188.27,29.1,5.0,1,17.0
2025-09-16,Ward P/S,Siddharth Hospital area,19.1639,72.8433,Goregaon Nalla,16.0,"slum, residential, mixed_use",820000,41.76,7,Urban,90.0,188.27,6.6,2.4,1,20.0
2025-09-17,Ward P/S,Siddharth Hospital area,19.1639,72.8433,Goregaon Nalla,16.0,"slum, residential, mixed_use",820000,41.76,7,Urban,90.0,188.27,27.8,19.8,1,23.0
2025-09-18,Ward P/S,Siddharth Hospital area,19.1639,72.8433,Goregaon Nalla,16.0,"slum, residential, mixed_use",820000,41.76,7,Urban,90.0,188.27,14.8,3.1,1,22.0
2025-09-19,Ward P/S,Siddharth Hospital area,19.1639,72.8433,Goregaon Nalla,16.0,"slum, residential, mixed_use",820000,41.76,7,Urban,90.0,188.27,0.0,0.1,0,2.0
2025-09-20,Ward P/S,Siddharth Hospital area,19.1639,72.8433,Goregaon Nalla,16.0,"slum, residential, mixed_use",820000,41.76,7,Urban,90.0,188.27,22.4,0.9333333333333332,1,24.0
2025-09-21,Ward P/S,Siddharth Hospital area,19.1639,72.8433,Goregaon Nalla,16.0,"slum, residential, mixed_use",820000,41.76,7,Urban,90.0,188.27,23.7,0.9874999999999999,1,24.0
2025-09-22,Ward P/S,Siddharth Hospital area,19.1639,72.8433,Goregaon Nalla,16.0,"slum, residential, mixed_use",820000,41.76,7,Urban,90.0,188.27,43.5,1.8125,1,24.0
2025-09-23,Ward P/S,Siddharth Hospital area,19.1639,72.8433,Goregaon Nalla,16.0,"slum, residential, mixed_use",820000,41.76,7,Urban,90.0,188.27,29.8,1.3545454545454545,1,22.0
2025-09-24,Ward P/S,Siddharth Hospital area,19.1639,72.8433,Goregaon Nalla,16.0,"slum, residential, mixed_use",820000,41.76,7,Urban,90.0,188.27,3.3,0.15714285714285714,1,21.0
2025-09-25,Ward P/S,Siddharth Hospital area,19.1639,72.8433,Goregaon Nalla,16.0,"slum, residential, mixed_use",820000,41.76,7,Urban,90.0,188.27,1.8,0.15,1,12.0
2025-09-26,Ward P/S,Siddharth Hospital area,19.1639,72.8433,Goregaon Nalla,16.0,"slum, residential, mixed_use",820000,41.76,7,Urban,90.0,188.27,3.6,0.2,1,18.0
2025-09-13,Ward F/N,Sion Circle,19.0373,72.8555,Wadala Nalla,8.0,"transport, commercial, mixed_use",530000,24.29,18,Urban,90.0,513.27,12.4,2.1,1,18.0
2025-09-14,Ward F/N,Sion Circle,19.0373,72.8555,Wadala Nalla,8.0,"transport, commercial, mixed_use",530000,24.29,18,Urban,90.0,513.27,16.3,3.6,1,24.0
2025-09-15,Ward F/N,Sion Circle,19.0373,72.8555,Wadala Nalla,8.0,"transport, commercial, mixed_use",530000,24.29,18,Urban,90.0,513.27,72.3,13.2,1,18.0
2025-09-16,Ward F/N,Sion Circle,19.0373,72.8555,Wadala Nalla,8.0,"transport, commercial, mixed_use",530000,24.29,18,Urban,90.0,513.27,7.8,0.9,1,22.0
2025-09-17,Ward F/N,Sion Circle,19.0373,72.8555,Wadala Nalla,8.0,"transport, commercial, mixed_use",530000,24.29,18,Urban,90.0,513.27,15.2,4.5,1,22.0
2025-09-18,Ward F/N,Sion Circle,19.0373,72.8555,Wadala Nalla,8.0,"transport, commercial, mixed_use",530000,24.29,18,Urban,90.0,513.27,9.9,1.3,1,21.0
2025-09-19,Ward F/N,Sion Circle,19.0373,72.8555,Wadala Nalla,8.0,"transport, commercial, mixed_use",530000,24.29,18,Urban,90.0,513.27,0.0,3.3,0,6.0
2025-09-20,Ward F/N,Sion Circle,19.0373,72.8555,Wadala Nalla,8.0,"transport, commercial, mixed_use",530000,24.29,18,Urban,90.0,513.27,22.4,0.9333333333333332,1,24.0
2025-09-21,Ward F/N,Sion Circle,19.0373,72.8555,Wadala Nalla,8.0,"transport, commercial, mixed_use",530000,24.29,18,Urban,90.0,513.27,23.7,0.9874999999999999,1,24.0
2025-09-22,Ward F/N,Sion Circle,19.0373,72.8555,Wadala Nalla,8.0,"transport, commercial, mixed_use",530000,24.29,18,Urban,90.0,513.27,43.5,1.8125,1,24.0
2025-09-23,Ward F/N,Sion Circle,19.0373,72.8555,Wadala Nalla,8.0,"transport, commercial, mixed_use",530000,24.29,18,Urban,90.0,513.27,29.8,1.3545454545454545,1,22.0
2025-09-24,Ward F/N,Sion Circle,19.0373,72.8555,Wadala Nalla,8.0,"transport, commercial, mixed_use",530000,24.29,18,Urban,90.0,513.27,3.3,0.15714285714285714,1,21.0
2025-09-25,Ward F/N,Sion Circle,19.0373,72.8555,Wadala Nalla,8.0,"transport, commercial, mixed_use",530000,24.29,18,Urban,90.0,513.27,1.8,0.15,1,12.0
2025-09-26,Ward F/N,Sion Circle,19.0373,72.8555,Wadala Nalla,8.0,"transport, commercial, mixed_use",530000,24.29,18,Urban,90.0,513.27,3.6,0.2,1,18.0
2025-09-13,Ward M/W,Trombay Road Sectors,19.0005,72.8873,Kurla Nalla,3.0,"transport, mixed_use",710000,27.64,6,Urban,90.0,399.93,12.4,2.1,1,18.0
2025-09-14,Ward M/W,Trombay Road Sectors,19.0005,72.8873,Kurla Nalla,3.0,"transport, mixed_use",710000,27.64,6,Urban,90.0,399.93,16.3,3.6,1,24.0
2025-09-15,Ward M/W,Trombay Road Sectors,19.0005,72.8873,Kurla Nalla,3.0,"transport, mixed_use",710000,27.64,6,Urban,90.0,399.93,72.3,13.2,1,18.0
2025-09-16,Ward M/W,Trombay Road Sectors,19.0005,72.8873,Kurla Nalla,3.0,"transport, mixed_use",710000,27.64,6,Urban,90.0,399.93,7.8,0.9,1,22.0
2025-09-17,Ward M/W,Trombay Road Sectors,19.0005,72.8873,Kurla Nalla,3.0,"transport, mixed_use",710000,27.64,6,Urban,90.0,399.93,15.2,4.5,1,22.0
2025-09-18,Ward M/W,Trombay Road Sectors,19.0005,72.8873,Kurla Nalla,3.0,"transport, mixed_use",710000,27.64,6,Urban,90.0,399.93,9.9,1.3,1,21.0
2025-09-19,Ward M/W,Trombay Road Sectors,19.0005,72.8873,Kurla Nalla,3.0,"transport, mixed_use",710000,27.64,6,Urban,90.0,399.93,0.0,3.3,0,6.0
2025-09-20,Ward M/W,Trombay Road Sectors,19.0005,72.8873,Kurla Nalla,3.0,"transport, mixed_use",710000,27.64,6,Urban,90.0,399.93,22.4,0.9333333333333332,1,24.0
2025-09-21,Ward M/W,Trombay Road Sectors,19.0005,72.8873,Kurla Nalla,3.0,"transport, mixed_use",710000,27.64,6,Urban,90.0,399.93,23.7,0.9874999999999999,1,24.0
2025-09-22,Ward M/W,Trombay Road Sectors,19.0005,72.8873,Kurla Nalla,3.0,"transport, mixed_use",710000,27.64,6,Urban,90.0,399.93,43.5,1.8125,1,24.0
2025-09-23,Ward M/W,Trombay Road Sectors,19.0005,72.8873,Kurla Nalla,3.0,"transport, mixed_use",710000,27.64,6,Urban,90.0,399.93,29.8,1.3545454545454545,1,22.0
2025-09-24,Ward M/W,Trombay Road Sectors,19.0005,72.8873,Kurla Nalla,3.0,"transport, mixed_use",710000,27.64,6,Urban,90.0,399.93,3.3,0.15714285714285714,1,21.0
2025-09-25,Ward M/W,Trombay Road Sectors,19.0005,72.8873,Kurla Nalla,3.0,"transport, mixed_use",710000,27.64,6,Urban,90.0,399.93,1.8,0.15,1,12.0
2025-09-26,Ward M/W,Trombay Road Sectors,19.0005,72.8873,Kurla Nalla,3.0,"transport, mixed_use",710000,27.64,6,Urban,90.0,399.93,3.6,0.2,1,18.0
2025-09-13,Ward G/S,Tulsi Pipe Road near station,19.0098,72.8319,Wadala Nalla,15.0,"transport, industrial, mixed_use",430000,11.25,9,Urban,90.0,732.0,12.4,2.1,1,18.0
2025-09-14,Ward G/S,Tulsi Pipe Road near station,19.0098,72.8319,Wadala Nalla,15.0,"transport, industrial, mixed_use",430000,11.25,9,Urban,90.0,732.0,16.3,3.6,1,24.0
2025-09-15,Ward G/S,Tulsi Pipe Road near station,19.0098,72.8319,Wadala Nalla,15.0,"transport, industrial, mixed_use",430000,11.25,9,Urban,90.0,732.0,72.3,13.2,1,18.0
2025-09-16,Ward G/S,Tulsi Pipe Road near station,19.0098,72.8319,Wadala Nalla,15.0,"transport, industrial, mixed_use",430000,11.25,9,Urban,90.0,732.0,7.8,0.9,1,22.0
2025-09-17,Ward G/S,Tulsi Pipe Road near station,19.0098,72.8319,Wadala Nalla,15.0,"transport, industrial, mixed_use",430000,11.25,9,Urban,90.0,732.0,15.2,4.5,1,22.0
2025-09-18,Ward G/S,Tulsi Pipe Road near station,19.0098,72.8319,Wadala Nalla,15.0,"transport, industrial, mixed_use",430000,11.25,9,Urban,90.0,732.0,9.9,1.3,1,21.0
2025-09-19,Ward G/S,Tulsi Pipe Road near station,19.0098,72.8319,Wadala Nalla,15.0,"transport, industrial, mixed_use",430000,11.25,9,Urban,90.0,732.0,0.0,3.3,0,6.0
2025-09-20,Ward G/S,Tulsi Pipe Road near station,19.0098,72.8319,Wadala Nalla,15.0,"transport, industrial, mixed_use",430000,11.25,9,Urban,90.0,732.0,22.4,0.9333333333333332,1,24.0
2025-09-21,Ward G/S,Tulsi Pipe Road near station,19.0098,72.8319,Wadala Nalla,15.0,"transport, industrial, mixed_use",430000,11.25,9,Urban,90.0,732.0,23.7,0.9874999999999999,1,24.0
2025-09-22,Ward G/S,Tulsi Pipe Road near station,19.0098,72.8319,Wadala Nalla,15.0,"transport, industrial, mixed_use",430000,11.25,9,Urban,90.0,732.0,43.5,1.8125,1,24.0
2025-09-23,Ward G/S,Tulsi Pipe Road near station,19.0098,72.8319,Wadala Nalla,15.0,"transport, industrial, mixed_use",430000,11.25,9,Urban,90.0,732.0,29.8,1.3545454545454545,1,22.0
2025-09-24,Ward G/S,Tulsi Pipe Road near station,19.0098,72.8319,Wadala Nalla,15.0,"transport, industrial, mixed_use",430000,11.25,9,Urban,90.0,732.0,3.3,0.15714285714285714,1,21.0
2025-09-25,Ward G/S,Tulsi Pipe Road near station,19.0098,72.8319,Wadala Nalla,15.0,"transport, industrial, mixed_use",430000,11.25,9,Urban,90.0,732.0,1.8,0.15,1,12.0
2025-09-26,Ward G/S,Tulsi Pipe Road near station,19.0098,72.8319,Wadala Nalla,15.0,"transport, industrial, mixed_use",430000,11.25,9,Urban,90.0,732.0,3.6,0.2,1,18.0
2025-09-13,Ward H/E,Vakola Nala stretch,19.0754,72.8517,Mithi River,7.0,"industrial, transport, mixed_use",410000,20.43,6,Sandy,90.0,165.04,12.7,3.5,1,17.0
2025-09-14,Ward H/E,Vakola Nala stretch,19.0754,72.8517,Mithi River,7.0,"industrial, transport, mixed_use",410000,20.43,6,Sandy,90.0,165.04,12.2,2.8,1,22.0
2025-09-15,Ward H/E,Vakola Nala stretch,19.0754,72.8517,Mithi River,7.0,"industrial, transport, mixed_use",410000,20.43,6,Sandy,90.0,165.04,65.5,10.6,1,18.0
2025-09-16,Ward H/E,Vakola Nala stretch,19.0754,72.8517,Mithi River,7.0,"industrial, transport, mixed_use",410000,20.43,6,Sandy,90.0,165.04,5.2,0.9,1,23.0
2025-09-17,Ward H/E,Vakola Nala stretch,19.0754,72.8517,Mithi River,7.0,"industrial, transport, mixed_use",410000,20.43,6,Sandy,90.0,165.04,25.7,14.8,1,21.0
2025-09-18,Ward H/E,Vakola Nala stretch,19.0754,72.8517,Mithi River,7.0,"industrial, transport, mixed_use",410000,20.43,6,Sandy,90.0,165.04,10.4,1.9,1,21.0
2025-09-19,Ward H/E,Vakola Nala stretch,19.0754,72.8517,Mithi River,7.0,"industrial, transport, mixed_use",410000,20.43,6,Sandy,90.0,165.04,0.0,0.7,0,3.0
2025-09-20,Ward H/E,Vakola Nala stretch,19.0754,72.8517,Mithi River,7.0,"industrial, transport, mixed_use",410000,20.43,6,Sandy,90.0,165.04,22.4,0.9333333333333332,1,24.0
2025-09-21,Ward H/E,Vakola Nala stretch,19.0754,72.8517,Mithi River,7.0,"industrial, transport, mixed_use",410000,20.43,6,Sandy,90.0,165.04,23.7,0.9874999999999999,1,24.0
2025-09-22,Ward H/E,Vakola Nala stretch,19.0754,72.8517,Mithi River,7.0,"industrial, transport, mixed_use",410000,20.43,6,Sandy,90.0,165.04,43.5,1.8125,1,24.0
2025-09-23,Ward H/E,Vakola Nala stretch,19.0754,72.8517,Mithi River,7.0,"industrial, transport, mixed_use",410000,20.43,6,Sandy,90.0,165.04,29.8,1.3545454545454545,1,22.0
2025-09-24,Ward H/E,Vakola Nala stretch,19.0754,72.8517,Mithi River,7.0,"industrial, transport, mixed_use",410000,20.43,6,Sandy,90.0,165.04,3.3,0.15714285714285714,1,21.0
2025-09-25,Ward H/E,Vakola Nala stretch,19.0754,72.8517,Mithi River,7.0,"industrial, transport, mixed_use",410000,20.43,6,Sandy,90.0,165.04,1.8,0.15,1,12.0
2025-09-26,Ward H/E,Vakola Nala stretch,19.0754,72.8517,Mithi River,7.0,"industrial, transport, mixed_use",410000,20.43,6,Sandy,90.0,165.04,3.6,0.2,1,18.0
2025-09-13,Ward K/W,Vile Parle West,19.103908,72.840301,Arabian Sea,9.106762483,park,750000,3.829172143,2360,Sand,76.86714437,4226.0,12.7,3.5,1,17.0
2025-09-14,Ward K/W,Vile Parle West,19.103908,72.840301,Arabian Sea,9.106762483,park,750000,3.829172143,2360,Sand,76.86714437,4226.0,12.2,2.8,1,22.0
2025-09-15,Ward K/W,Vile Parle West,19.103908,72.840301,Arabian Sea,9.106762483,park,750000,3.829172143,2360,Sand,76.86714437,4226.0,65.5,10.6,1,18.0
2025-09-16,Ward K/W,Vile Parle West,19.103908,72.840301,Arabian Sea,9.106762483,park,750000,3.829172143,2360,Sand,76.86714437,4226.0,5.2,0.9,1,23.0
2025-09-17,Ward K/W,Vile Parle West,19.103908,72.840301,Arabian Sea,9.106762483,park,750000,3.829172143,2360,Sand,76.86714437,4226.0,25.7,14.8,1,21.0
2025-09-18,Ward K/W,Vile Parle West,19.103908,72.840301,Arabian Sea,9.106762483,park,750000,3.829172143,2360,Sand,76.86714437,4226.0,10.4,1.9,1,21.0
2025-09-19,Ward K/W,Vile Parle West,19.103908,72.840301,Arabian Sea,9.106762483,park,750000,3.829172143,2360,Sand,76.86714437,4226.0,0.0,0.7,0,3.0
2025-09-20,Ward K/W,Vile Parle West,19.103908,72.840301,Arabian Sea,9.106762483,park,750000,3.829172143,2360,Sand,76.86714437,4226.0,22.4,0.9333333333333332,1,24.0
2025-09-21,Ward K/W,Vile Parle West,19.103908,72.840301,Arabian Sea,9.106762483,park,750000,3.829172143,2360,Sand,76.86714437,4226.0,23.7,0.9874999999999999,1,24.0
2025-09-22,Ward K/W,Vile Parle West,19.103908,72.840301,Arabian Sea,9.106762483,park,750000,3.829172143,2360,Sand,76.86714437,4226.0,43.5,1.8125,1,24.0
2025-09-23,Ward K/W,Vile Parle West,19.103908,72.840301,Arabian Sea,9.106762483,park,750000,3.829172143,2360,Sand,76.86714437,4226.0,29.8,1.3545454545454545,1,22.0
2025-09-24,Ward K/W,Vile Parle West,19.103908,72.840301,Arabian Sea,9.106762483,park,750000,3.829172143,2360,Sand,76.86714437,4226.0,3.3,0.15714285714285714,1,21.0
2025-09-25,Ward K/W,Vile Parle West,19.103908,72.840301,Arabian Sea,9.106762483,park,750000,3.829172143,2360,Sand,76.86714437,4226.0,1.8,0.15,1,12.0
2025-09-26,Ward K/W,Vile Parle West,19.103908,72.840301,Arabian Sea,9.106762483,park,750000,3.829172143,2360,Sand,76.86714437,4226.0,3.6,0.2,1,18.0
2025-09-13,Ward F/N,Wadala,19.0269192,72.8759337,Mithi River,12.45338912,commercial,530000,2.913895467,2646,Sand,69.60650731,3503.0,12.4,2.1,1,18.0
2025-09-14,Ward F/N,Wadala,19.0269192,72.8759337,Mithi River,12.45338912,commercial,530000,2.913895467,2646,Sand,69.60650731,3503.0,16.3,3.6,1,24.0
2025-09-15,Ward F/N,Wadala,19.0269192,72.8759337,Mithi River,12.45338912,commercial,530000,2.913895467,2646,Sand,69.60650731,3503.0,72.3,13.2,1,18.0
2025-09-16,Ward F/N,Wadala,19.0269192,72.8759337,Mithi River,12.45338912,commercial,530000,2.913895467,2646,Sand,69.60650731,3503.0,7.8,0.9,1,22.0
2025-09-17,Ward F/N,Wadala,19.0269192,72.8759337,Mithi River,12.45338912,commercial,530000,2.913895467,2646,Sand,69.60650731,3503.0,15.2,4.5,1,22.0
2025-09-18,Ward F/N,Wadala,19.0269192,72.8759337,Mithi River,12.45338912,commercial,530000,2.913895467,2646,Sand,69.60650731,3503.0,9.9,1.3,1,21.0
2025-09-19,Ward F/N,Wadala,19.0269192,72.8759337,Mithi River,12.45338912,commercial,530000,2.913895467,2646,Sand,69.60650731,3503.0,0.0,3.3,0,6.0
2025-09-20,Ward F/N,Wadala,19.0269192,72.8759337,Mithi River,12.45338912,commercial,530000,2.913895467,2646,Sand,69.60650731,3503.0,22.4,0.9333333333333332,1,24.0
2025-09-21,Ward F/N,Wadala,19.0269192,72.8759337,Mithi River,12.45338912,commercial,530000,2.913895467,2646,Sand,69.60650731,3503.0,23.7,0.9874999999999999,1,24.0
2025-09-22,Ward F/N,Wadala,19.0269192,72.8759337,Mithi River,12.45338912,commercial,530000,2.913895467,2646,Sand,69.60650731,3503.0,43.5,1.8125,1,24.0
2025-09-23,Ward F/N,Wadala,19.0269192,72.8759337,Mithi River,12.45338912,commercial,530000,2.913895467,2646,Sand,69.60650731,3503.0,29.8,1.3545454545454545,1,22.0
2025-09-24,Ward F/N,Wadala,19.0269192,72.8759337,Mithi River,12.45338912,commercial,530000,2.913895467,2646,Sand,69.60650731,3503.0,3.3,0.15714285714285714,1,21.0
2025-09-25,Ward F/N,Wadala,19.0269192,72.8759337,Mithi River,12.45338912,commercial,530000,2.913895467,2646,Sand,69.60650731,3503.0,1.8,0.15,1,12.0
2025-09-26,Ward F/N,Wadala,19.0269192,72.8759337,Mithi River,12.45338912,commercial,530000,2.913895467,2646,Sand,69.60650731,3503.0,3.6,0.2,1,18.0
2025-09-13,Ward H/W,Waterfield Road,19.0605,72.8335,Mahim Creek,13.0,"residential, commercial, mixed_use",880000,22.6,1,Urban,90.0,396.25,12.7,3.5,1,17.0
2025-09-14,Ward H/W,Waterfield Road,19.0605,72.8335,Mahim Creek,13.0,"residential, commercial, mixed_use",880000,22.6,1,Urban,90.0,396.25,12.2,2.8,1,22.0
2025-09-15,Ward H/W,Waterfield Road,19.0605,72.8335,Mahim Creek,13.0,"residential, commercial, mixed_use",880000,22.6,1,Urban,90.0,396.25,65.5,10.6,1,18.0
2025-09-16,Ward H/W,Waterfield Road,19.0605,72.8335,Mahim Creek,13.0,"residential, commercial, mixed_use",880000,22.6,1,Urban,90.0,396.25,5.2,0.9,1,23.0
2025-09-17,Ward H/W,Waterfield Road,19.0605,72.8335,Mahim Creek,13.0,"residential, commercial, mixed_use",880000,22.6,1,Urban,90.0,396.25,25.7,14.8,1,21.0
2025-09-18,Ward H/W,Waterfield Road,19.0605,72.8335,Mahim Creek,13.0,"residential, commercial, mixed_use",880000,22.6,1,Urban,90.0,396.25,10.4,1.9,1,21.0
2025-09-19,Ward H/W,Waterfield Road,19.0605,72.8335,Mahim Creek,13.0,"residential, commercial, mixed_use",880000,22.6,1,Urban,90.0,396.25,0.0,0.7,0,3.0
2025-09-20,Ward H/W,Waterfield Road,19.0605,72.8335,Mahim Creek,13.0,"residential, commercial, mixed_use",880000,22.6,1,Urban,90.0,396.25,22.4,0.9333333333333332,1,24.0
2025-09-21,Ward H/W,Waterfield Road,19.0605,72.8335,Mahim Creek,13.0,"residential, commercial, mixed_use",880000,22.6,1,Urban,90.0,396.25,23.7,0.9874999999999999,1,24.0
2025-09-22,Ward H/W,Waterfield Road,19.0605,72.8335,Mahim Creek,13.0,"residential, commercial, mixed_use",880000,22.6,1,Urban,90.0,396.25,43.5,1.8125,1,24.0
2025-09-23,Ward H/W,Waterfield Road,19.0605,72.8335,Mahim Creek,13.0,"residential, commercial, mixed_use",880000,22.6,1,Urban,90.0,396.25,29.8,1.3545454545454545,1,22.0
2025-09-24,Ward H/W,Waterfield Road,19.0605,72.8335,Mahim Creek,13.0,"residential, commercial, mixed_use",880000,22.6,1,Urban,90.0,396.25,3.3,0.15714285714285714,1,21.0
2025-09-25,Ward H/W,Waterfield Road,19.0605,72.8335,Mahim Creek,13.0,"residential, commercial, mixed_use",880000,22.6,1,Urban,90.0,396.25,1.8,0.15,1,12.0
2025-09-26,Ward H/W,Waterfield Road,19.0605,72.8335,Mahim Creek,13.0,"residential, commercial, mixed_use",880000,22.6,1,Urban,90.0,396.25,3.6,0.2,1,18.0
2025-09-13,Ward P/N,Western Express Highway slope,19.1906,72.8636,Goregaon Nalla,23.0,"transport, industrial, mixed_use",820000,42.64,12,Sandy,90.0,245.08,10.6,2.2,1,16.0
2025-09-14,Ward P/N,Western Express Highway slope,19.1906,72.8636,Goregaon Nalla,23.0,"transport, industrial, mixed_use",820000,42.64,12,Sandy,90.0,245.08,12.1,2.6,1,21.0
2025-09-15,Ward P/N,Western Express Highway slope,19.1906,72.8636,Goregaon Nalla,23.0,"transport, industrial, mixed_use",820000,42.64,12,Sandy,90.0,245.08,29.1,5.0,1,17.0
2025-09-16,Ward P/N,Western Express Highway slope,19.1906,72.8636,Goregaon Nalla,23.0,"transport, industrial, mixed_use",820000,42.64,12,Sandy,90.0,245.08,6.6,2.4,1,20.0
2025-09-17,Ward P/N,Western Express Highway slope,19.1906,72.8636,Goregaon Nalla,23.0,"transport, industrial, mixed_use",820000,42.64,12,Sandy,90.0,245.08,27.8,19.8,1,23.0
2025-09-18,Ward P/N,Western Express Highway slope,19.1906,72.8636,Goregaon Nalla,23.0,"transport, industrial, mixed_use",820000,42.64,12,Sandy,90.0,245.08,14.8,3.1,1,22.0
2025-09-19,Ward P/N,Western Express Highway slope,19.1906,72.8636,Goregaon Nalla,23.0,"transport, industrial, mixed_use",820000,42.64,12,Sandy,90.0,245.08,0.0,0.1,0,2.0
2025-09-20,Ward P/N,Western Express Highway slope,19.1906,72.8636,Goregaon Nalla,23.0,"transport, industrial, mixed_use",820000,42.64,12,Sandy,90.0,245.08,22.1,0.9208333333333334,1,24.0
2025-09-21,Ward P/N,Western Express Highway slope,19.1906,72.8636,Goregaon Nalla,23.0,"transport, industrial, mixed_use",820000,42.64,12,Sandy,90.0,245.08,24.3,1.0125,1,24.0
2025-09-22,Ward P/N,Western Express Highway slope,19.1906,72.8636,Goregaon Nalla,23.0,"transport, industrial, mixed_use",820000,42.64,12,Sandy,90.0,245.08,52.2,2.1750000000000003,1,24.0
2025-09-23,Ward P/N,Western Express Highway slope,19.1906,72.8636,Goregaon Nalla,23.0,"transport, industrial, mixed_use",820000,42.64,12,Sandy,90.0,245.08,31.9,1.3291666666666666,1,24.0
2025-09-24,Ward P/N,Western Express Highway slope,19.1906,72.8636,Goregaon Nalla,23.0,"transport, industrial, mixed_use",820000,42.64,12,Sandy,90.0,245.08,1.5,0.1,1,15.0
2025-09-25,Ward P/N,Western Express Highway slope,19.1906,72.8636,Goregaon Nalla,23.0,"transport, industrial, mixed_use",820000,42.64,12,Sandy,90.0,245.08,1.8,0.2,1,9.0
2025-09-26,Ward P/N,Western Express Highway slope,19.1906,72.8636,Goregaon Nalla,23.0,"transport, industrial, mixed_use",820000,42.64,12,Sandy,90.0,245.08,3.0,0.2,1,15.0
2025-09-13, Ward G/S,Worli,19.0086178,72.8192495,Arabian Sea,11.08684221,park,430000,3.935029446,3350,Urban,73.81152277,5603.0,12.4,2.1,1,18.0
2025-09-14, Ward G/S,Worli,19.0086178,72.8192495,Arabian Sea,11.08684221,park,430000,3.935029446,3350,Urban,73.81152277,5603.0,16.3,3.6,1,24.0
2025-09-15, Ward G/S,Worli,19.0086178,72.8192495,Arabian Sea,11.08684221,park,430000,3.935029446,3350,Urban,73.81152277,5603.0,72.3,13.2,1,18.0
2025-09-16, Ward G/S,Worli,19.0086178,72.8192495,Arabian Sea,11.08684221,park,430000,3.935029446,3350,Urban,73.81152277,5603.0,7.8,0.9,1,22.0
2025-09-17, Ward G/S,Worli,19.0086178,72.8192495,Arabian Sea,11.08684221,park,430000,3.935029446,3350,Urban,73.81152277,5603.0,15.2,4.5,1,22.0
2025-09-18, Ward G/S,Worli,19.0086178,72.8192495,Arabian Sea,11.08684221,park,430000,3.935029446,3350,Urban,73.81152277,5603.0,9.9,1.3,1,21.0
2025-09-19, Ward G/S,Worli,19.0086178,72.8192495,Arabian Sea,11.08684221,park,430000,3.935029446,3350,Urban,73.81152277,5603.0,0.0,3.3,0,6.0
2025-09-20, Ward G/S,Worli,19.0086178,72.8192495,Arabian Sea,11.08684221,park,430000,3.935029446,3350,Urban,73.81152277,5603.0,22.4,0.9333333333333332,1,24.0
2025-09-21, Ward G/S,Worli,19.0086178,72.8192495,Arabian Sea,11.08684221,park,430000,3.935029446,3350,Urban,73.81152277,5603.0,23.7,0.9874999999999999,1,24.0
2025-09-22, Ward G/S,Worli,19.0086178,72.8192495,Arabian Sea,11.08684221,park,430000,3.935029446,3350,Urban,73.81152277,5603.0,43.5,1.8125,1,24.0
2025-09-23, Ward G/S,Worli,19.0086178,72.8192495,Arabian Sea,11.08684221,park,430000,3.935029446,3350,Urban,73.81152277,5603.0,29.8,1.3545454545454545,1,22.0
2025-09-24, Ward G/S,Worli,19.0086178,72.8192495,Arabian Sea,11.08684221,park,430000,3.935029446,3350,Urban,73.81152277,5603.0,3.3,0.15714285714285714,1,21.0
2025-09-25, Ward G/S,Worli,19.0086178,72.8192495,Arabian Sea,11.08684221,park,430000,3.935029446,3350,Urban,73.81152277,5603.0,1.8,0.15,1,12.0
2025-09-26, Ward G/S,Worli,19.0086178,72.8192495,Arabian Sea,11.08684221,park,430000,3.935029446,3350,Urban,73.81152277,5603.0,3.6,0.2,1,18.0
2025-09-13,Ward G/S,Worli Naka (coastal backflow),19.0056,72.8199,Wadala Nalla,10.0,"commercial, residential, mixed_use",600000,19.87,9,Urban,90.0,770.75,12.4,2.1,1,18.0
2025-09-14,Ward G/S,Worli Naka (coastal backflow),19.0056,72.8199,Wadala Nalla,10.0,"commercial, residential, mixed_use",600000,19.87,9,Urban,90.0,770.75,16.3,3.6,1,24.0
2025-09-15,Ward G/S,Worli Naka (coastal backflow),19.0056,72.8199,Wadala Nalla,10.0,"commercial, residential, mixed_use",600000,19.87,9,Urban,90.0,770.75,72.3,13.2,1,18.0
2025-09-16,Ward G/S,Worli Naka (coastal backflow),19.0056,72.8199,Wadala Nalla,10.0,"commercial, residential, mixed_use",600000,19.87,9,Urban,90.0,770.75,7.8,0.9,1,22.0
2025-09-17,Ward G/S,Worli Naka (coastal backflow),19.0056,72.8199,Wadala Nalla,10.0,"commercial, residential, mixed_use",600000,19.87,9,Urban,90.0,770.75,15.2,4.5,1,22.0
2025-09-18,Ward G/S,Worli Naka (coastal backflow),19.0056,72.8199,Wadala Nalla,10.0,"commercial, residential, mixed_use",600000,19.87,9,Urban,90.0,770.75,9.9,1.3,1,21.0
2025-09-19,Ward G/S,Worli Naka (coastal backflow),19.0056,72.8199,Wadala Nalla,10.0,"commercial, residential, mixed_use",600000,19.87,9,Urban,90.0,770.75,0.0,3.3,0,6.0
2025-09-20,Ward G/S,Worli Naka (coastal backflow),19.0056,72.8199,Wadala Nalla,10.0,"commercial, residential, mixed_use",600000,19.87,9,Urban,90.0,770.75,22.4,0.9333333333333332,1,24.0
2025-09-21,Ward G/S,Worli Naka (coastal backflow),19.0056,72.8199,Wadala Nalla,10.0,"commercial, residential, mixed_use",600000,19.87,9,Urban,90.0,770.75,23.7,0.9874999999999999,1,24.0
2025-09-22,Ward G/S,Worli Naka (coastal backflow),19.0056,72.8199,Wadala Nalla,10.0,"commercial, residential, mixed_use",600000,19.87,9,Urban,90.0,770.75,43.5,1.8125,1,24.0
2025-09-23,Ward G/S,Worli Naka (coastal backflow),19.0056,72.8199,Wadala Nalla,10.0,"commercial, residential, mixed_use",600000,19.87,9,Urban,90.0,770.75,29.8,1.3545454545454545,1,22.0
2025-09-24,Ward G/S,Worli Naka (coastal backflow),19.0056,72.8199,Wadala Nalla,10.0,"commercial, residential, mixed_use",600000,19.87,9,Urban,90.0,770.75,3.3,0.15714285714285714,1,21.0
2025-09-25,Ward G/S,Worli Naka (coastal backflow),19.0056,72.8199,Wadala Nalla,10.0,"commercial, residential, mixed_use",600000,19.87,9,Urban,90.0,770.75,1.8,0.15,1,12.0
2025-09-26,Ward G/S,Worli Naka (coastal backflow),19.0056,72.8199,Wadala Nalla,10.0,"commercial, residential, mixed_use",600000,19.87,9,Urban,90.0,770.75,3.6,0.2,1,18.0
